-- MySQL dump 10.13  Distrib 5.7.37, for Linux (x86_64)
--
-- Host: localhost    Database: winzdemo
-- ------------------------------------------------------
-- Server version	5.7.37-0ubuntu0.18.04.1

/*!40101 SET @OLD_CHARACTER_SET_CLIENT=@@CHARACTER_SET_CLIENT */;
/*!40101 SET @OLD_CHARACTER_SET_RESULTS=@@CHARACTER_SET_RESULTS */;
/*!40101 SET @OLD_COLLATION_CONNECTION=@@COLLATION_CONNECTION */;
/*!40101 SET NAMES utf8 */;
/*!40103 SET @OLD_TIME_ZONE=@@TIME_ZONE */;
/*!40103 SET TIME_ZONE='+00:00' */;
/*!40014 SET @OLD_UNIQUE_CHECKS=@@UNIQUE_CHECKS, UNIQUE_CHECKS=0 */;
/*!40014 SET @OLD_FOREIGN_KEY_CHECKS=@@FOREIGN_KEY_CHECKS, FOREIGN_KEY_CHECKS=0 */;
/*!40101 SET @OLD_SQL_MODE=@@SQL_MODE, SQL_MODE='NO_AUTO_VALUE_ON_ZERO' */;
/*!40111 SET @OLD_SQL_NOTES=@@SQL_NOTES, SQL_NOTES=0 */;

--
-- Table structure for table `address_book`
--

DROP TABLE IF EXISTS `address_book`;
/*!40101 SET @saved_cs_client     = @@character_set_client */;
/*!40101 SET character_set_client = utf8 */;
CREATE TABLE `address_book` (
  `address_book_id` int(11) NOT NULL AUTO_INCREMENT,
  `user_id` int(11) NOT NULL,
  `entry_gender` char(1) COLLATE utf8_unicode_ci DEFAULT NULL,
  `customers_id` int(11) DEFAULT NULL,
  `entry_company` varchar(191) COLLATE utf8_unicode_ci DEFAULT NULL,
  `entry_firstname` varchar(191) COLLATE utf8_unicode_ci NOT NULL,
  `entry_lastname` varchar(191) COLLATE utf8_unicode_ci NOT NULL,
  `entry_street_address` varchar(191) COLLATE utf8_unicode_ci NOT NULL,
  `entry_suburb` varchar(191) COLLATE utf8_unicode_ci DEFAULT NULL,
  `entry_postcode` varchar(191) COLLATE utf8_unicode_ci NOT NULL,
  `entry_city` varchar(191) COLLATE utf8_unicode_ci NOT NULL,
  `entry_state` varchar(191) COLLATE utf8_unicode_ci DEFAULT NULL,
  `entry_country_id` int(11) NOT NULL DEFAULT '0',
  `entry_zone_id` int(11) NOT NULL DEFAULT '0',
  `entry_latitude` varchar(100) COLLATE utf8_unicode_ci DEFAULT NULL,
  `entry_longitude` varchar(100) COLLATE utf8_unicode_ci DEFAULT NULL,
  PRIMARY KEY (`address_book_id`),
  KEY `idx_address_book_customers_id` (`user_id`)
) ENGINE=InnoDB DEFAULT CHARSET=utf8 COLLATE=utf8_unicode_ci;
/*!40101 SET character_set_client = @saved_cs_client */;

--
-- Dumping data for table `address_book`
--

LOCK TABLES `address_book` WRITE;
/*!40000 ALTER TABLE `address_book` DISABLE KEYS */;
/*!40000 ALTER TABLE `address_book` ENABLE KEYS */;
UNLOCK TABLES;

--
-- Table structure for table `addresses`
--

DROP TABLE IF EXISTS `addresses`;
/*!40101 SET @saved_cs_client     = @@character_set_client */;
/*!40101 SET character_set_client = utf8 */;
CREATE TABLE `addresses` (
  `id` int(11) NOT NULL AUTO_INCREMENT,
  `user_id` int(11) NOT NULL,
  `first_name` varchar(22) DEFAULT NULL,
  `last_name` varchar(22) DEFAULT NULL,
  `address` text NOT NULL,
  `buildingno` varchar(222) DEFAULT NULL,
  `countries_id` int(11) NOT NULL,
  `city` text NOT NULL,
  `zipcode` int(111) DEFAULT NULL,
  `delivery_phone` text NOT NULL,
  `default_address` int(1) NOT NULL,
  `addresstype_home` int(1) DEFAULT NULL,
  `addresstype_office` int(1) DEFAULT NULL,
  `DialCode` varchar(255) DEFAULT NULL,
  `created_at` timestamp NOT NULL DEFAULT CURRENT_TIMESTAMP,
  `updated_at` timestamp NOT NULL DEFAULT CURRENT_TIMESTAMP ON UPDATE CURRENT_TIMESTAMP,
  PRIMARY KEY (`id`)
) ENGINE=InnoDB AUTO_INCREMENT=136 DEFAULT CHARSET=utf8mb4;
/*!40101 SET character_set_client = @saved_cs_client */;

--
-- Dumping data for table `addresses`
--

LOCK TABLES `addresses` WRITE;
/*!40000 ALTER TABLE `addresses` DISABLE KEYS */;
INSERT INTO `addresses` VALUES (1,64,'Abir','Jaber','Al furjan','Azizi feiroz apt 508',0,'Dubai',NULL,'567594147',1,1,1,NULL,'2021-07-13 14:28:40','2021-07-23 13:38:46'),(2,73,'Fatima','Mustafa','Abc','123',0,'Sharjah',NULL,'123456789',0,1,NULL,NULL,'2021-07-14 10:32:17','2021-08-05 15:23:53'),(3,69,'tst','test','test','testq',0,'Abu Dhabi',NULL,'987654321',1,1,NULL,NULL,'2021-07-15 13:51:58','2021-07-15 13:51:58'),(4,65,'Batool','Zehra','123 street','Al barsha tower',0,'Dubai',NULL,'000000000',1,1,NULL,NULL,'2021-07-15 13:55:15','2021-07-15 13:55:15'),(5,62,'farhan','qureshi','abc','abc.xyz',0,'Abu Dhabi',NULL,'123123123',1,1,NULL,NULL,'2021-07-15 13:56:42','2021-07-15 13:56:42'),(7,57,'Ali','Jaber','7','Azizi Feirouz building 508',0,'Dubai',NULL,'502801120',1,1,NULL,NULL,'2021-07-17 17:01:54','2021-07-17 17:01:54'),(8,84,'Sydney','Fernandes','Al falak','Thuraya tower',0,'Dubai',NULL,'509903867',1,1,NULL,NULL,'2021-07-22 15:31:57','2021-07-22 15:31:57'),(10,88,'hammad','iqbal','rabia city','gulshan e iqbal block 8',0,'Dubai',NULL,'12345678910',1,1,NULL,NULL,'2021-07-28 14:48:04','2021-07-28 14:48:04'),(11,74,'Faiq','Ali','100 N central expressway 613 richardson tx','VILLA 2',0,'Dubai',NULL,'3082256060',1,1,1,NULL,'2021-07-28 15:07:41','2021-08-05 16:14:50'),(12,93,'Hjhg','Hjjj','Fuhchc','Hfxyx',0,'Sharjah',NULL,'9803150996',1,1,NULL,NULL,'2021-07-29 15:30:52','2021-07-29 15:30:52'),(13,54,'khan2','bhai2','25245 Stadium Drive','123asd12sd',0,'Sharjah',NULL,'(201) 555-0123',1,1,NULL,NULL,'2021-08-05 13:21:16','2021-08-05 13:21:16'),(14,73,'add','ads','asds','fsds',0,'Abu Dhabi',NULL,'18726382575',1,1,NULL,NULL,'2021-08-05 15:23:53','2021-08-05 15:23:53'),(15,96,'test','test','7097 Lincoln St.  Torrington, CT 06790','Buldingno2 2nd floor',0,'Dubai',NULL,'03102450220',1,1,1,NULL,'2021-08-09 12:48:24','2021-08-09 12:53:59'),(16,70,'Sheheryar','Khan','B-142 Block 2 Gulshan e Iqbal','sdfsfds',0,'Dubai',NULL,'+923009239575',1,1,NULL,NULL,'2021-08-15 11:18:24','2021-08-15 11:18:24'),(18,107,'test','test','test','123 testing',0,'Dubai',NULL,'0599123456',1,1,NULL,NULL,'2021-08-16 13:15:19','2021-08-16 13:15:19'),(19,111,'Sharoz','Alam','streeet 1','Villa 2',0,'Dubai',NULL,'03102450220',1,1,NULL,NULL,'2021-08-23 09:14:13','2021-08-23 09:14:13'),(20,115,'omair','ahmed','Techno Hub 2, Silicon Oasis','al murad tower 806',0,'Dubai',NULL,'+971545580042',1,1,NULL,NULL,'2021-08-23 14:51:22','2021-08-23 14:51:22'),(21,120,'B','Z','123 street','Building no 2',0,'Dubai',NULL,'3039086119',1,1,NULL,NULL,'2021-08-24 12:13:12','2021-08-24 12:13:12'),(22,121,'Batool','Zehra','Okay street','Building no 2',0,'Dubai',NULL,'3035672996',1,1,NULL,NULL,'2021-08-25 07:56:32','2021-08-25 07:56:32'),(23,105,'Saiju','Ninan','Jebel Ali South','C/O Naffco',0,'Dubai',NULL,'0503467290',1,NULL,1,NULL,'2021-08-31 12:29:55','2021-08-31 12:29:55'),(24,130,'tester','tester','tester','tester',0,'Abu Dhabi',NULL,'9988778899',1,1,NULL,NULL,'2021-09-01 09:59:14','2021-09-01 09:59:14'),(25,67,'Islam','Hafez','Sheik Zaid','12',0,'Dubai',NULL,'555984624',1,1,NULL,NULL,'2021-09-02 19:45:14','2021-09-02 19:45:14'),(26,81,'Majid Ali','Khan','Damascus Street Qusais Dubai','Al Fahad 4 apartment 112',0,'Dubai',NULL,'0528378448',1,1,NULL,NULL,'2021-09-03 12:14:32','2021-09-03 12:14:32'),(27,117,'test','test','704497 Lincoln St.  Torrington, CT 06790','123asd12sd',0,'Dubai',NULL,'03102450220',1,1,NULL,NULL,'2021-09-05 14:08:46','2021-09-05 14:08:46'),(28,137,'Sami','Khoury','Media One Hotel','Media one hotel',0,'Dubai',NULL,'0567180320',1,1,NULL,NULL,'2021-09-07 10:59:51','2021-09-07 10:59:51'),(29,141,'Kumar','Thapa','Al Reem Island,','Sorbonne University Al Reem Island, Abu Dhabi, Gate number 3,',0,'Abu Dhabi',NULL,'+971561808428',1,NULL,1,NULL,'2021-09-11 08:19:54','2021-09-11 08:19:54'),(30,139,'Imran','Pasta','Al Barsha 1','806 Al Murad Tower',0,'Dubai',NULL,'0729342262',1,1,NULL,NULL,'2021-09-11 09:45:02','2021-09-11 09:45:02'),(31,142,'Shabaz','Khan','Decent printing press','Al qusais industry 4',0,'Dubai',NULL,'0544521922',1,1,NULL,NULL,'2021-09-11 22:15:27','2021-09-11 22:15:27'),(32,144,'Gursewak','Singh','Dubai','Ajmaan Dubai china moll jurf 1',0,'Dubai',NULL,'0562122527',1,1,NULL,NULL,'2021-09-12 18:24:37','2021-09-12 18:24:37'),(33,145,'Atta','Ur','Shabahat sarooj','Khaleed bin Waleed school',0,'Abu Dhabi',NULL,'556190939',1,1,NULL,NULL,'2021-09-12 18:38:06','2021-09-12 18:38:06'),(34,147,'Lina','Mayhoub','Business bay','Damac capital bay tower A 1202',0,'Dubai',NULL,'502691512',1,1,NULL,NULL,'2021-09-13 11:08:25','2021-09-13 11:08:25'),(35,85,'Mohammed','Ershad','Gurfa stret','Ahmed sari villa',0,'Fujairah',NULL,'0561047773',1,1,NULL,NULL,'2021-09-13 12:47:26','2021-09-13 12:47:26'),(36,151,'Christian','Santos','Al barhsa 1 , near to grand albarsha opposite of carryfood and beside Seychelles men\'s salon','Al barsha 1',0,'Dubai',NULL,'0507529145',1,1,NULL,NULL,'2021-09-13 16:15:42','2021-09-13 16:15:42'),(37,152,'Waqas','Ahmad','Al salama','1804, hased tower al.zahiyah abu dhabi',0,'Abu Dhabi',NULL,'562730112',1,1,NULL,NULL,'2021-09-13 17:24:40','2021-09-13 17:24:40'),(38,155,'Mohammed iqbal','Hossen','Ind area1','Naser building',0,'Sharjah',NULL,'0507848945',1,NULL,1,NULL,'2021-09-13 20:09:30','2021-09-13 20:09:30'),(39,156,'Moises','Tumang','Al Hudeiba','8d al jarsh Bldg. Al Hudeiba Satwa.',0,'Dubai',NULL,'526534499',1,1,NULL,NULL,'2021-09-13 20:28:09','2021-09-13 20:28:09'),(40,157,'Noureen','Bilal','Villa 15 Flat No 5 Street 29 Al Murror','Street29 villa15 flat 5 al Murror road al saadiyah area',0,'Abu Dhabi',NULL,'0563338549',1,1,NULL,NULL,'2021-09-13 21:35:41','2021-09-13 21:35:41'),(41,159,'MOHAMMED JAHEDUL','Islam','S112','Qaser al Falah building materials & steel trd llc Shop no 8',0,'Sharjah',NULL,'0553432354',1,1,1,NULL,'2021-09-13 22:54:49','2021-09-13 22:56:49'),(42,160,'Ronnie','Buenavente','Al qudra road town square','Safi bldg 1b grd flr. Shop 1',0,'Dubai',NULL,'0523987918',1,NULL,1,NULL,'2021-09-14 08:54:34','2021-09-14 08:54:34'),(43,161,'Deepak','Kumar','Mohali','Mohali',0,'Abu Dhabi',NULL,'7206693001',1,1,NULL,NULL,'2021-09-14 11:52:33','2021-09-14 11:52:33'),(44,162,'Harpreet','Kaur','Mohali','Mohali',0,'Abu Dhabi',NULL,'9876384757',1,1,NULL,NULL,'2021-09-14 12:01:05','2021-09-14 12:01:05'),(45,163,'Anil','Pariyar','Khalifa city Al fursan','Black flat white specialty coffee',0,'Abu Dhabi',NULL,'0553754014',1,1,NULL,NULL,'2021-09-14 18:15:16','2021-09-14 18:15:16'),(46,164,'Abdul Samad','Zainuddin','Al qouz 4 Near Unimix','Ajmal perfume Mfg LLC',0,'Dubai',NULL,'00971505686095',1,NULL,1,NULL,'2021-09-14 20:58:33','2021-09-14 20:58:33'),(47,165,'Yasar','Tousef','Satwa bus stop','Satwa',0,'Dubai',NULL,'557571623',1,1,NULL,NULL,'2021-09-14 21:13:08','2021-09-14 21:13:08'),(48,114,'Sami','Khoury','media1','media 1',0,'Dubai',NULL,'567180320',1,1,NULL,NULL,'2021-09-15 06:05:05','2021-09-15 06:05:05'),(49,166,'Harish','Kumar','Mohali','Mohali',0,'Abu Dhabi',NULL,'9898989898',1,1,NULL,NULL,'2021-09-15 08:41:36','2021-09-15 08:41:36'),(50,167,'Angelo','Calaluan','Al Maktoum road Al rigga','Bldg 68, room 604',0,'Dubai',NULL,'+971582163281',1,1,NULL,NULL,'2021-09-15 10:02:38','2021-09-15 10:02:38'),(51,168,'Deepak','Kumar','Mohali','Mohali',0,'Abu Dhabi',NULL,'9041190411',1,1,NULL,NULL,'2021-09-15 12:54:21','2021-09-15 12:54:21'),(52,170,'Mayank','Setia','TEST','Test',0,'Abu Dhabi',NULL,'7642911111',1,1,NULL,NULL,'2021-09-15 13:01:04','2021-09-15 13:01:04'),(53,169,'Harsha','bhatia','Mankhool - Bur dubai','Silver sands 3 , flat 23 , 5th floor',0,'Dubai',NULL,'505629662',1,1,NULL,NULL,'2021-09-15 14:47:01','2021-09-15 14:47:01'),(54,188,'Jaworski','Nacion','Al satwa','Nestor blgd',0,'Dubai',NULL,'545431766',1,1,NULL,NULL,'2021-09-17 11:40:26','2021-09-17 11:40:26'),(55,195,'Larry','Casapao','JBR 1','JBR Sadaf 1 PL level / Champion Cleaners',0,'Dubai',NULL,'0567280672',1,NULL,1,NULL,'2021-09-17 14:33:19','2021-09-17 14:33:19'),(56,198,'Jenifer','Landicho','Albarsha 1 dubai','Albarsha 1 rose 1 flat no. 606',0,'Dubai',NULL,'971501848276',1,1,NULL,NULL,'2021-09-17 22:23:16','2021-09-17 22:23:16'),(57,199,'Jester','Malixi','Al satwa','Villa 1',0,'Dubai',NULL,'0509482950',1,1,NULL,NULL,'2021-09-17 22:40:49','2021-09-17 22:40:49'),(58,199,'Jester','Malixi','Al satwa','Villa 1',0,'Dubai',NULL,'509482950',0,1,NULL,NULL,'2021-09-17 22:41:23','2021-09-17 22:41:23'),(59,199,'Jester','Malixi','Al satwa','Villa 1',0,'Dubai',NULL,'509482950',0,1,NULL,NULL,'2021-09-17 22:41:45','2021-09-17 22:41:45'),(60,206,'Farhan','Khan','Al Bada','City fillet king same building 205 Al satwa',0,'Dubai',NULL,'0567254030',1,1,NULL,NULL,'2021-09-21 10:08:06','2021-09-21 10:08:06'),(61,205,'JASPER','SAQUILAYAN','RAFFLES HOTEL DUBAI UNDERGROUND MAIN PARKING B MINUS 2 PILLAR F2 -2 CARSAFE OFFICE','RAFFLES HOTEL DUBAI / WAFIMALL',0,'Dubai',NULL,'562595598',1,NULL,1,NULL,'2021-09-21 10:08:17','2021-09-21 10:09:21'),(62,211,'Deepak','Kumar','Mohali','Mohali',0,'Abu Dhabi',NULL,'9041190411',1,1,NULL,NULL,'2021-09-21 16:20:51','2021-09-21 16:20:51'),(63,213,'Mayank','Setia','Mohali','Mohali',0,'Abu Dhabi',NULL,'9041190411',1,1,NULL,NULL,'2021-09-21 16:39:08','2021-09-21 16:39:08'),(64,214,'Ali','Jaber','Al Falak','media 1',0,'Dubai',NULL,'502801120',1,1,NULL,NULL,'2021-09-21 17:23:40','2021-09-21 17:23:40'),(65,222,'SHAHID','MEERAN','Arab Academy Street., Constriction site (Arab Academy for Science, Technology & Maritime Transport )','Arab Academy constriction site',0,'Sharjah',NULL,'0555407095',1,NULL,1,NULL,'2021-09-23 12:27:37','2021-09-23 12:27:37'),(66,143,'Bhumi','Haresh Bhai','AL WOROOD STREET 2, DUBAI INVESTMENT PARK 2 ( OPPOSITE DUBAI REFERESHMENT )','RANREA GENERLA TRADING LLC',0,'Dubai',NULL,'528908553',1,NULL,1,NULL,'2021-09-27 15:21:22','2021-09-27 15:21:22'),(67,261,'Fatmah','Alhashmi','Murbah','House',0,'Fujairah',NULL,'0555440401',1,1,NULL,NULL,'2021-09-29 23:28:31','2021-09-29 23:28:31'),(68,232,'Sheena','Chris','Oud Metha','Business Atrium Building, M05, First Solutions Management',0,'Dubai',NULL,'0552175964',1,NULL,1,NULL,'2021-09-30 00:07:37','2021-09-30 00:07:37'),(69,262,'Obaidul','Khan','Al Khaleej road','Al Khalidiya, monaseer, villa 563',0,'Abu Dhabi',NULL,'0567012098',1,1,NULL,NULL,'2021-09-30 00:16:22','2021-09-30 00:16:22'),(70,280,'Ali','Jaber','Al Falak','media 1',0,'Dubai',NULL,'502801120',1,1,NULL,NULL,'2021-10-03 14:10:24','2021-10-03 14:10:24'),(71,281,'Ali','Jaber','Al Falak','media 1',0,'Dubai',NULL,'0502801120',1,1,NULL,NULL,'2021-10-03 17:46:49','2021-10-03 17:46:49'),(72,282,'Janice','Barbacena','35 Street','Union Coop Staff Accommodation, L4 Building, Lulu Village, Muhaisnah 4',0,'Dubai',NULL,'0559626554',1,1,NULL,NULL,'2021-10-04 11:57:09','2021-10-04 11:57:09'),(73,284,'Divyansh','Sharma','Deira gold souq','Sherina plaza 2, 104, gold souq metro station',0,'Dubai',NULL,'0562759305',1,1,NULL,NULL,'2021-10-04 17:51:39','2021-10-04 17:51:39'),(74,288,'Karen Ann','Buhay','164 Al Dahir St','601 Arabian Gulf Key Bldg',0,'Abu Dhabi',NULL,'0568879189',1,1,NULL,NULL,'2021-10-05 10:40:40','2021-10-05 10:40:40'),(75,289,'Tarun','Kumar','AL WOROOD STREET 2, DUBAI INVESTMENT PARK 2 ( OPPOSITE DUBAI REFERESHMENT )','RANREA GENERAL TRADING LLC',0,'Dubai',NULL,'0559092883',1,NULL,1,NULL,'2021-10-05 16:00:26','2021-10-05 16:00:26'),(76,290,'Rasheed','Abdul','12 street','Bartawi camp',0,'Dubai',NULL,'567309738',1,1,NULL,NULL,'2021-10-05 18:29:41','2021-10-05 18:29:41'),(77,158,'Arul','Pandiyan','12 street','BARTAWI',0,'Dubai',NULL,'971543630551',1,1,NULL,NULL,'2021-10-05 19:19:33','2021-10-05 19:19:33'),(78,300,'Niveen','Sibai','Business Bay','Clayton Residency Tower, Apartment 1802',0,'Dubai',NULL,'0504749844',1,1,NULL,NULL,'2021-10-06 09:59:47','2021-10-06 09:59:47'),(79,303,'Islam','Hafez','1234','1234',0,'Dubai',NULL,'0555984624',1,1,NULL,NULL,'2021-10-06 11:02:21','2021-10-06 11:02:21'),(80,305,'Islam','Hafez','12345','12345',0,'Dubai',NULL,'0555984624',1,1,1,NULL,'2021-10-06 11:17:30','2021-10-06 15:59:23'),(81,304,'Ali','Jamil','Al falak','Media 1',0,'Dubai',NULL,'0555984624',1,1,NULL,NULL,'2021-10-06 11:17:35','2021-10-06 11:17:35'),(82,297,'Deepak','Kumar','Mohali','Mohali',0,'Abu Dhabi',NULL,'9041190411',1,1,1,NULL,'2021-10-06 14:37:48','2021-10-06 14:40:30'),(84,307,'Ali','Jaber','Al Falak','Media 1',0,'Dubai',NULL,'502801120',1,1,1,NULL,'2021-10-06 15:44:37','2021-10-06 15:58:28'),(85,273,'Harpreet','kaur','mohali','mohali',0,'Dubai',NULL,'9856534345',1,1,NULL,NULL,'2021-10-06 16:27:16','2021-10-06 16:27:16'),(87,273,'ssss','ssss','mohali','mohali',0,'Sharjah',NULL,'9756565656',0,1,NULL,NULL,'2021-10-06 16:30:00','2021-10-06 16:30:00'),(88,310,'Jem','Margoux','Al Nahda street','Al Qadesia D block',0,'Sharjah',NULL,'0585196874',1,1,NULL,NULL,'2021-10-11 14:23:26','2021-10-11 14:23:26'),(89,311,'Harpreet','Kaur','1117 Wyman Cliff*','Herat Province, Kushk',1,'Kushk',NULL,'202191678',1,1,1,'+93','2021-10-12 15:03:22','2021-10-12 15:23:25'),(90,311,'John','Deo','Linden Avenue','P.O. Box: 34387',231,'Ras Al Khaimah',NULL,'050 123 4567',0,1,1,'+971','2021-10-12 15:07:45','2021-10-12 15:35:43'),(92,311,'Arjun','Rampal','Mohali Towers','Mumbai',167,'Lahore',NULL,'0301 2344567',0,1,1,'+92','2021-10-12 15:25:34','2021-10-12 15:35:34'),(93,296,'harpreet','kaur','Ali street','P.O. Box: 34387',231,'Ajman',NULL,'050 123 4567',1,NULL,1,'+971','2021-10-12 15:58:59','2021-10-12 16:00:18'),(94,313,'Karmen','Lobs','El thawra el mohandseen','40',65,'Cairo',NULL,'01150006404',1,1,NULL,'+20','2021-10-12 22:38:35','2021-10-12 22:38:35'),(95,313,'Karmen','Lobs','Cc','El thawra',65,'Cairo',NULL,'01150006404',0,NULL,1,'+20','2021-10-12 22:39:48','2021-10-12 22:39:48'),(96,316,'Abdullag','rebaine','university of sharjah','university of sharjah dorms M13E',231,'Sharjah',NULL,'0505854476',1,1,NULL,'+971','2021-10-15 05:32:00','2021-10-15 05:32:00'),(97,317,'Ali','Jaber','Al Falak','Media 1',231,'Dubai',NULL,'502801120',1,1,NULL,'+971','2021-10-17 09:41:40','2021-10-17 09:41:40'),(98,323,'Ramalingam','Krishnamoorthy','Rigga','Grand central hotel',231,'Dubai',NULL,'0556417465',1,1,NULL,'+971','2021-10-22 20:26:20','2021-10-22 20:26:20'),(99,324,'Rejin','Stha','Hamdan street','Al Jazeera Tower Block B ground floor Reception',231,'Abu Dhabi',NULL,'554794325',1,1,NULL,'+971','2021-10-23 10:54:43','2021-10-23 10:54:43'),(100,332,'Md Rakib Ur','Raihan','Opposite to Al Khaima hotel, Deira,  Dubai','Shaker Cafeteria building',231,'Dubai',NULL,'564696171',1,1,NULL,'+971','2021-10-26 03:12:26','2021-10-26 03:12:26'),(101,333,'Girish','Agnani','16a','903 al rostamani',231,'Dubai',NULL,'0501269270',1,1,NULL,'+971','2021-10-27 12:58:28','2021-10-27 12:58:28'),(102,334,'Janice','Mesina','Lulu Village, Muhaisnah 4','Block L4, Building R293',231,'Dubai',NULL,'50 974 1484',1,1,1,'+971','2021-10-28 12:49:55','2021-10-28 13:15:37'),(103,336,'Mary Ann','Ocampo','Al Qusais 1','14 Sheikh Colony, Building 14',231,'Dubai',NULL,'556554504',1,1,NULL,'+971','2021-10-29 04:45:20','2021-10-29 04:45:20'),(104,338,'Momin','Mohamed qasim Mustafa','Sonapur','18st Union Coop Staff Accommodation Big Camp',231,'Dubai',NULL,'0529088094',1,1,NULL,'+971','2021-10-29 06:01:45','2021-10-29 06:01:45'),(105,340,'Irfan','Deen','Sonapur','Union Coop Staff Accommodation',231,'Dubai',NULL,'553220659',1,1,NULL,'+971','2021-10-30 04:44:11','2021-10-30 04:44:11'),(106,341,'Velia','Vel','Hamdan Gift land','Gift king hamdan',231,'Abu Dhabi',NULL,'566931948',1,1,NULL,'+971','2021-10-30 07:24:22','2021-10-30 07:24:22'),(107,344,'Hermora','Adilon','Wasel building','Lulu village',231,'Dubai',NULL,'0528971511',1,1,NULL,'+971','2021-10-30 23:12:18','2021-10-30 23:12:18'),(108,347,'Manylyn','Benedictos','32b street al tawar 1','Villa5',231,'Dubai',NULL,'0553378054',1,1,NULL,'+971','2021-10-31 02:26:10','2021-10-31 02:26:10'),(109,346,'Maryjane','Usama','36','Villa 25',231,'Dubai',NULL,'0528843593',1,1,NULL,'+971','2021-10-31 11:20:40','2021-10-31 11:20:40'),(110,348,'Rebecca','Resultan','Muhaisnah 4,','Bldg L4, unioncoop accomodation,lulu village',231,'Dubai',NULL,'0558640277',1,1,NULL,'+971','2021-11-01 03:03:22','2021-11-01 03:03:22'),(111,350,'naluis','lury','lulu village','building L4',231,'Dubai',NULL,'551816232',1,1,NULL,'+971','2021-11-01 05:30:14','2021-11-01 05:30:14'),(112,361,'Gupta','Poonam','Damascus Street','606 kasco tower Damascus Street Qusais Industrial Area 3 Qusais',231,'Dubai',NULL,'0581783012',1,1,NULL,'+971','2021-11-02 14:48:46','2021-11-02 14:48:46'),(113,362,'Amir','Abdullah','air port road','Al Fajer business center. Garhoud dubai',231,'Dubai',NULL,'0505886259',1,NULL,1,'+971','2021-11-03 19:23:30','2021-11-03 19:23:30'),(114,364,'Errol','Guillen','Sonapur','Union Coop Staff Accommodation',231,'Dubai',NULL,'0562747087',1,1,NULL,'+971','2021-11-05 01:23:18','2021-11-05 01:23:18'),(115,365,'Nasser','Youssef','9 b street','Home 13',231,'Dubai',NULL,'0562919932',1,1,NULL,'+971','2021-11-05 08:28:37','2021-11-05 08:28:37'),(116,369,'Gazala Parveen','Hakim','RASHID ALMAKHTOUM STREET','BAFCO Furniture bldg, next to Dubai Islamic Bank, Airport road, Abu Dhabi.',231,'Abu Dhabi',NULL,'0507512787',1,1,NULL,'+971','2021-11-05 18:52:19','2021-11-05 18:52:19'),(117,368,'Ali','jamil','7','Azizi Feirouz building 508',231,'Dubai',NULL,'502801120',1,1,NULL,'+971','2021-11-05 19:38:44','2021-11-05 19:38:44'),(118,371,'Sunil','Mirchandani','Al fahidi street','Bank of Baroda Bldg flat # 707',231,'Dubai',NULL,'0551049019',1,1,NULL,'+971','2021-11-06 12:03:47','2021-11-06 12:03:47'),(119,372,'Mohamed','AlGhafri','129st','Villa 41',231,'Dubai',NULL,'0567000021',1,1,NULL,'+971','2021-11-06 13:29:57','2021-11-06 13:29:57'),(120,373,'Boby','TA','Hamdan','Kodak building 304',231,'Abu Dhabi',NULL,'0502657109',1,1,NULL,'+971','2021-11-06 13:44:49','2021-11-06 13:44:49'),(121,375,'Deepa','Boby','Hamdan','Kodak building 304',231,'Abu Dhabi',NULL,'0559823128',1,1,NULL,'+971','2021-11-06 14:06:01','2021-11-06 14:06:01'),(122,376,'Rohit','Balchandani','44','Villa 8b behind eppco',231,'Dubai',NULL,'559996789',1,1,NULL,'+971','2021-11-06 21:19:22','2021-11-06 21:19:22'),(123,377,'PANDURANG','DHARGALKAR','Al twar, Al nadha Street','Union coop',231,'Dubai',NULL,'0551780658',1,1,NULL,'+971','2021-11-06 21:43:08','2021-11-06 21:43:08'),(124,378,'Abdullh','Alteneiji','Alfasel','Alfasel villa321/28',231,'Fujairah',NULL,'0504908088',1,1,NULL,'+971','2021-11-07 01:48:04','2021-11-07 01:48:04'),(125,380,'Sameen','Shahrukh','Asif road','M.C 282 Green town shahfaisal towm karachi',167,'Karachi',NULL,'03312242906',1,1,NULL,'+92','2021-11-07 14:50:59','2021-11-07 14:50:59'),(126,382,'shahrukh','khan','32','abdullah al gobash building room no 108',231,'Dubai',NULL,'0501735178',1,1,NULL,'+971','2021-11-08 19:01:05','2021-11-08 19:01:05'),(127,223,'OMAR','ELSERTY','Bedayet El Manial','7, floor 2, appartment 3',65,'Cairo',NULL,'01002877721',1,1,NULL,'+20','2021-11-09 17:07:33','2021-11-09 17:07:33'),(128,381,'Ali','jamil','Al Falak','media 1',231,'Dubai',NULL,'502801120',1,1,NULL,'+971','2021-11-09 18:19:02','2021-11-09 18:19:02'),(129,385,'Hardikkumar','Shingala','Al kouz 3','Gold and diamond park',231,'Dubai',NULL,'0589348590',1,NULL,1,'+971','2021-11-10 00:26:35','2021-11-10 00:26:35'),(130,360,'Harpreet','kaur','Jalandhar','Princess Tower',101,'Jalandhar',NULL,'9786789678',1,1,NULL,'+91','2021-11-10 10:27:52','2021-11-10 10:27:52'),(131,389,'Ali','Jaber','7','Azizi Feirouz building 508',231,'Dubai',NULL,'502801120',1,1,NULL,'+971','2021-11-12 15:34:02','2021-11-12 15:34:02'),(132,399,'Ali','Jaber','Al Falak','media 1',231,'Dubai',NULL,'502801120',1,1,NULL,'+971','2021-11-13 11:43:54','2021-11-13 11:43:54'),(133,401,'Ali','Jaber','Al Falak','Media 1',231,'Dubai',NULL,'502801120',1,1,NULL,'+971','2021-11-15 10:41:59','2021-11-15 10:41:59'),(134,388,'Rishab','goyal','Digimantra office','IT building',101,'mohali',NULL,'09876543210',1,1,NULL,'+91','2021-11-17 14:40:22','2021-11-17 14:40:22'),(135,402,'Ali','Jaber','Al Falak','Media 1',231,'Dubai',NULL,'502801120',1,1,NULL,'+971','2021-11-17 16:07:57','2021-11-17 16:07:57');
/*!40000 ALTER TABLE `addresses` ENABLE KEYS */;
UNLOCK TABLES;

--
-- Table structure for table `alert_settings`
--

DROP TABLE IF EXISTS `alert_settings`;
/*!40101 SET @saved_cs_client     = @@character_set_client */;
/*!40101 SET character_set_client = utf8 */;
CREATE TABLE `alert_settings` (
  `alert_id` int(11) NOT NULL AUTO_INCREMENT,
  `create_customer_email` tinyint(1) NOT NULL DEFAULT '0',
  `create_customer_notification` tinyint(1) NOT NULL DEFAULT '0',
  `order_status_email` tinyint(1) NOT NULL DEFAULT '0',
  `order_status_notification` tinyint(1) NOT NULL DEFAULT '0',
  `new_product_email` tinyint(1) NOT NULL DEFAULT '0',
  `new_product_notification` tinyint(1) NOT NULL DEFAULT '0',
  `forgot_email` tinyint(1) NOT NULL DEFAULT '0',
  `forgot_notification` tinyint(1) NOT NULL DEFAULT '0',
  `news_email` tinyint(1) NOT NULL DEFAULT '0',
  `news_notification` tinyint(1) NOT NULL DEFAULT '0',
  `contact_us_email` tinyint(1) NOT NULL DEFAULT '0',
  `contact_us_notification` tinyint(1) NOT NULL DEFAULT '0',
  `order_email` tinyint(1) NOT NULL DEFAULT '0',
  `order_notification` tinyint(1) NOT NULL DEFAULT '0',
  PRIMARY KEY (`alert_id`)
) ENGINE=InnoDB AUTO_INCREMENT=2 DEFAULT CHARSET=utf8 COLLATE=utf8_unicode_ci;
/*!40101 SET character_set_client = @saved_cs_client */;

--
-- Dumping data for table `alert_settings`
--

LOCK TABLES `alert_settings` WRITE;
/*!40000 ALTER TABLE `alert_settings` DISABLE KEYS */;
INSERT INTO `alert_settings` VALUES (1,1,0,0,0,0,0,1,0,0,0,1,0,1,0);
/*!40000 ALTER TABLE `alert_settings` ENABLE KEYS */;
UNLOCK TABLES;

--
-- Table structure for table `api_calls_list`
--

DROP TABLE IF EXISTS `api_calls_list`;
/*!40101 SET @saved_cs_client     = @@character_set_client */;
/*!40101 SET character_set_client = utf8 */;
CREATE TABLE `api_calls_list` (
  `id` int(11) NOT NULL AUTO_INCREMENT,
  `nonce` text COLLATE utf8_unicode_ci NOT NULL,
  `url` varchar(64) COLLATE utf8_unicode_ci NOT NULL,
  `device_id` text COLLATE utf8_unicode_ci NOT NULL,
  `created_at` timestamp NOT NULL DEFAULT CURRENT_TIMESTAMP,
  PRIMARY KEY (`id`)
) ENGINE=InnoDB DEFAULT CHARSET=utf8 COLLATE=utf8_unicode_ci;
/*!40101 SET character_set_client = @saved_cs_client */;

--
-- Dumping data for table `api_calls_list`
--

LOCK TABLES `api_calls_list` WRITE;
/*!40000 ALTER TABLE `api_calls_list` DISABLE KEYS */;
/*!40000 ALTER TABLE `api_calls_list` ENABLE KEYS */;
UNLOCK TABLES;

--
-- Table structure for table `banners`
--

DROP TABLE IF EXISTS `banners`;
/*!40101 SET @saved_cs_client     = @@character_set_client */;
/*!40101 SET character_set_client = utf8 */;
CREATE TABLE `banners` (
  `banners_id` int(11) NOT NULL AUTO_INCREMENT,
  `banners_title` varchar(64) COLLATE utf8mb4_unicode_ci NOT NULL,
  `banners_url` varchar(191) COLLATE utf8mb4_unicode_ci NOT NULL,
  `banners_image` text COLLATE utf8mb4_unicode_ci NOT NULL,
  `banners_group` varchar(10) COLLATE utf8mb4_unicode_ci NOT NULL,
  `banners_html_text` text COLLATE utf8mb4_unicode_ci,
  `expires_impressions` int(11) DEFAULT '0',
  `expires_date` datetime DEFAULT NULL,
  `date_scheduled` datetime DEFAULT NULL,
  `date_added` datetime NOT NULL,
  `date_status_change` datetime DEFAULT NULL,
  `status` int(11) NOT NULL DEFAULT '1',
  `type` varchar(250) COLLATE utf8mb4_unicode_ci NOT NULL,
  `banners_slug` varchar(191) COLLATE utf8mb4_unicode_ci NOT NULL,
  `created_at` timestamp NULL DEFAULT NULL,
  `updated_at` timestamp NULL DEFAULT NULL,
  PRIMARY KEY (`banners_id`),
  KEY `idx_banners_group` (`banners_group`)
) ENGINE=MyISAM AUTO_INCREMENT=3 DEFAULT CHARSET=utf8mb4 COLLATE=utf8mb4_unicode_ci;
/*!40101 SET character_set_client = @saved_cs_client */;

--
-- Dumping data for table `banners`
--

LOCK TABLES `banners` WRITE;
/*!40000 ALTER TABLE `banners` DISABLE KEYS */;
INSERT INTO `banners` VALUES (1,'Banner 1','6','9','',NULL,0,'2020-07-23 00:00:00',NULL,'2020-04-05 01:10:00',NULL,1,'category','','2019-09-23 14:53:34',NULL),(2,'Banner 2','4','11','',NULL,0,'2020-06-02 00:00:00',NULL,'2020-04-05 01:10:00',NULL,1,'category','','2019-09-23 14:53:58',NULL);
/*!40000 ALTER TABLE `banners` ENABLE KEYS */;
UNLOCK TABLES;

--
-- Table structure for table `banners_history`
--

DROP TABLE IF EXISTS `banners_history`;
/*!40101 SET @saved_cs_client     = @@character_set_client */;
/*!40101 SET character_set_client = utf8 */;
CREATE TABLE `banners_history` (
  `banners_history_id` int(11) NOT NULL AUTO_INCREMENT,
  `banners_id` int(11) NOT NULL,
  `banners_shown` int(11) NOT NULL DEFAULT '0',
  `banners_clicked` int(11) NOT NULL DEFAULT '0',
  `banners_history_date` datetime NOT NULL,
  PRIMARY KEY (`banners_history_id`),
  KEY `idx_banners_history_banners_id` (`banners_id`)
) ENGINE=InnoDB DEFAULT CHARSET=utf8 COLLATE=utf8_unicode_ci;
/*!40101 SET character_set_client = @saved_cs_client */;

--
-- Dumping data for table `banners_history`
--

LOCK TABLES `banners_history` WRITE;
/*!40000 ALTER TABLE `banners_history` DISABLE KEYS */;
/*!40000 ALTER TABLE `banners_history` ENABLE KEYS */;
UNLOCK TABLES;

--
-- Table structure for table `block_ips`
--

DROP TABLE IF EXISTS `block_ips`;
/*!40101 SET @saved_cs_client     = @@character_set_client */;
/*!40101 SET character_set_client = utf8 */;
CREATE TABLE `block_ips` (
  `id` int(11) NOT NULL AUTO_INCREMENT,
  `device_id` varchar(191) COLLATE utf8_unicode_ci DEFAULT NULL,
  `ip` varchar(191) COLLATE utf8_unicode_ci DEFAULT NULL,
  `created_at` datetime DEFAULT NULL,
  PRIMARY KEY (`id`)
) ENGINE=InnoDB DEFAULT CHARSET=utf8 COLLATE=utf8_unicode_ci;
/*!40101 SET character_set_client = @saved_cs_client */;

--
-- Dumping data for table `block_ips`
--

LOCK TABLES `block_ips` WRITE;
/*!40000 ALTER TABLE `block_ips` DISABLE KEYS */;
/*!40000 ALTER TABLE `block_ips` ENABLE KEYS */;
UNLOCK TABLES;

--
-- Table structure for table `campaigns`
--

DROP TABLE IF EXISTS `campaigns`;
/*!40101 SET @saved_cs_client     = @@character_set_client */;
/*!40101 SET character_set_client = utf8 */;
CREATE TABLE `campaigns` (
  `id` int(11) NOT NULL AUTO_INCREMENT,
  `title` varchar(225) NOT NULL,
  `start_date` datetime NOT NULL,
  `end_date` datetime NOT NULL,
  `product_id` int(11) NOT NULL,
  `reward_id` int(11) NOT NULL,
  `type_id` int(11) NOT NULL,
  `campaign_code` text NOT NULL,
  `no_customers` int(11) DEFAULT NULL,
  `no_of_orders` int(11) NOT NULL DEFAULT '0',
  `show_date` int(12) NOT NULL DEFAULT '1',
  `status` int(11) NOT NULL,
  `campaign_type` varchar(255) NOT NULL DEFAULT 'regular',
  `is_banner_active` int(11) NOT NULL DEFAULT '0',
  `winner_name` varchar(255) DEFAULT NULL,
  `winner_coupon_no` varchar(255) DEFAULT NULL,
  `created_at` datetime NOT NULL DEFAULT CURRENT_TIMESTAMP,
  `updated_at` timestamp NOT NULL DEFAULT CURRENT_TIMESTAMP ON UPDATE CURRENT_TIMESTAMP,
  PRIMARY KEY (`id`)
) ENGINE=InnoDB AUTO_INCREMENT=36 DEFAULT CHARSET=utf8mb4;
/*!40101 SET character_set_client = @saved_cs_client */;

--
-- Dumping data for table `campaigns`
--

LOCK TABLES `campaigns` WRITE;
/*!40000 ALTER TABLE `campaigns` DISABLE KEYS */;
INSERT INTO `campaigns` VALUES (6,'Gucci Bag (Gucci GG)','2021-06-21 00:00:00','2021-07-30 00:00:00',43,3,0,'xQPHDT6Q0ZIil9eB',24,240,1,2,'regular',0,NULL,NULL,'2021-06-20 11:16:33','2021-09-06 10:17:14'),(12,'iPhone 12 (128GB)','2021-09-02 00:00:00','2021-11-10 00:00:00',47,7,0,'w9QeECGxUGane8gH',80,800,1,0,'regular',0,'MENNA MOHAMED','Z-00012-000056-E','2021-09-02 14:34:27','2021-11-10 19:54:34'),(13,'AED 3,000 Worth Of Gold','2021-09-02 00:00:00','2021-11-11 00:00:00',7,8,0,'iEi9rXLE6dcQnp6d',NULL,500,1,0,'countdown',0,'JANICE BARBACENA','Z-00013-000042-O','2021-09-02 14:47:24','2021-11-12 09:47:52'),(14,'AED 1,000 Mall voucher','2021-09-01 00:00:00','2021-11-09 00:00:00',9,9,0,'6GTgdvaV3iw5uSUw',NULL,150,1,0,'countdown',0,'ABIR AHMED','Z-00017-00001-D','2021-09-02 15:27:09','2021-11-10 16:00:46'),(17,'Get a chance to win AED 3,000 worth of Gold and AED 1,000 Mall voucher (Two winners)','2021-09-01 00:00:00','2021-11-11 00:00:00',42,10,0,'EEPkDmmTnA0L8RLA',40,300,1,0,'countdown',1,NULL,NULL,'2021-09-02 16:10:46','2021-11-10 23:50:52'),(18,'Get A Chance To Win Skydiving Voucher','2021-03-01 00:00:00','2021-09-01 00:00:00',42,4,1,'',10,100,1,0,'regular',0,NULL,NULL,'2021-09-06 12:09:18','2021-09-06 10:13:41'),(19,'Get A Chance To Win\r\nSamsung Mobile S21','2021-06-28 00:00:00','2021-09-01 00:00:00',7,1,1,'',12,120,1,0,'regular',0,'Vivek Air','09-9009-990q','2021-09-06 12:09:18','2021-11-10 15:13:02'),(20,'Get A Chance To Win\r\nAED 10,000 Worth Of Gold','2021-06-28 00:00:00','2021-09-01 00:00:00',12,5,1,'',12,120,1,0,'regular',0,'HIRA RAZZAK','Z-00019-00641-D','2021-09-06 12:09:18','2021-11-10 16:00:14'),(31,'iphone 13 Pro (128 GB)','2022-02-28 00:00:00','2022-04-03 00:00:00',7,13,0,'8xPCMJp0NOxdH5Ok',15,1,1,1,'regular',1,NULL,NULL,'2021-10-20 10:42:41','2021-11-08 13:31:24'),(32,'Apple Watch S7','2021-11-09 00:00:00','2021-12-07 00:00:00',42,15,0,'1hCOMuJlIYVhUdps',20,201,1,1,'countdown',0,NULL,NULL,'2021-11-08 15:12:08','2021-11-10 10:45:14'),(33,'Samsung Galaxy Watch 4 Classic','2021-11-09 00:00:00','2021-12-07 00:00:00',9,16,0,'ehyhhvF3h4Tz1xQt',15,151,1,1,'countdown',0,NULL,NULL,'2021-11-08 15:28:36','2021-11-16 13:19:03'),(34,'Combo Offer','2021-11-09 00:00:00','2021-12-07 00:00:00',12,17,0,'T6ad7dnz5OnVmAUx',15,150,1,1,'regular',1,NULL,NULL,'2021-11-08 15:34:50','2021-11-10 14:28:16'),(35,'Samsung 55\" Smart TV','2021-11-09 00:00:00','2021-12-07 00:00:00',44,18,0,'xfcAbX8YbK6zn9Im',10,100,1,1,'regular',0,NULL,NULL,'2021-11-08 15:56:39','2021-11-09 08:36:54');
/*!40000 ALTER TABLE `campaigns` ENABLE KEYS */;
UNLOCK TABLES;

--
-- Table structure for table `cards`
--

DROP TABLE IF EXISTS `cards`;
/*!40101 SET @saved_cs_client     = @@character_set_client */;
/*!40101 SET character_set_client = utf8 */;
CREATE TABLE `cards` (
  `id` int(11) NOT NULL AUTO_INCREMENT,
  `user_id` int(11) NOT NULL,
  `cardnumber` varchar(200) NOT NULL,
  `cardholder` varchar(222) NOT NULL,
  `expirydate` text NOT NULL,
  `securitycode` text NOT NULL,
  `card_img` text,
  `created_at` timestamp NOT NULL DEFAULT CURRENT_TIMESTAMP,
  `updated_at` timestamp NOT NULL DEFAULT CURRENT_TIMESTAMP ON UPDATE CURRENT_TIMESTAMP,
  PRIMARY KEY (`id`)
) ENGINE=InnoDB AUTO_INCREMENT=48 DEFAULT CHARSET=utf8mb4;
/*!40101 SET character_set_client = @saved_cs_client */;

--
-- Dumping data for table `cards`
--

LOCK TABLES `cards` WRITE;
/*!40000 ALTER TABLE `cards` DISABLE KEYS */;
INSERT INTO `cards` VALUES (36,9,'4242 4242 4242 4242','Sharooz alam','02/22','','visa','2021-01-26 21:10:38','2021-01-26 21:10:38'),(38,37,'4242 4242 4242 4242','sharoz','02/22','','visa','2021-03-06 11:09:21','2021-03-06 11:09:21'),(39,37,'4242 4242 4242 4242','sharoz alam','02/22','','visa','2021-03-06 11:10:03','2021-03-06 11:10:03'),(40,38,'4242 4242 4242 4242','test','12/22','','visa','2021-03-21 06:59:01','2021-03-21 06:59:01'),(41,38,'4242 4242 4242 4242','test','12/22','','visa','2021-03-21 07:00:21','2021-03-21 07:00:21'),(42,39,'4242 4242 4242 4242','test','12/22','','visa','2021-03-21 07:29:12','2021-03-21 07:29:12'),(43,39,'4242 4242 4242 4242','test','12/22','','visa','2021-03-21 07:29:54','2021-03-21 07:29:54'),(46,41,'123456789','aaa','01/22','','visa','2021-03-23 06:56:24','2021-03-23 06:56:24'),(47,41,'123456789','aaa','01/22','','visa','2021-03-23 06:56:25','2021-03-23 06:56:25');
/*!40000 ALTER TABLE `cards` ENABLE KEYS */;
UNLOCK TABLES;

--
-- Table structure for table `categories`
--

DROP TABLE IF EXISTS `categories`;
/*!40101 SET @saved_cs_client     = @@character_set_client */;
/*!40101 SET character_set_client = utf8 */;
CREATE TABLE `categories` (
  `categories_id` int(11) NOT NULL AUTO_INCREMENT,
  `categories_image` text COLLATE utf8mb4_unicode_ci,
  `categories_icon` text COLLATE utf8mb4_unicode_ci NOT NULL,
  `parent_id` int(11) NOT NULL DEFAULT '0',
  `sort_order` int(11) DEFAULT NULL,
  `date_added` datetime DEFAULT NULL,
  `last_modified` datetime DEFAULT NULL,
  `categories_slug` varchar(191) COLLATE utf8mb4_unicode_ci NOT NULL,
  `categories_status` tinyint(1) NOT NULL DEFAULT '1',
  `created_at` timestamp NULL DEFAULT NULL,
  `updated_at` timestamp NULL DEFAULT NULL,
  PRIMARY KEY (`categories_id`),
  KEY `idx_categories_parent_id` (`parent_id`)
) ENGINE=MyISAM AUTO_INCREMENT=20 DEFAULT CHARSET=utf8mb4 COLLATE=utf8mb4_unicode_ci;
/*!40101 SET character_set_client = @saved_cs_client */;

--
-- Dumping data for table `categories`
--

LOCK TABLES `categories` WRITE;
/*!40000 ALTER TABLE `categories` DISABLE KEYS */;
INSERT INTO `categories` VALUES (1,'258','257',0,NULL,NULL,NULL,'men-s',1,'2019-09-19 12:08:12','2019-10-01 14:57:00'),(2,'260','259',0,NULL,NULL,NULL,'women-s',1,'2019-09-19 12:10:26','2019-10-01 14:57:26'),(3,'262','261',0,NULL,NULL,NULL,'kid-s',1,'2019-09-19 12:10:47','2019-10-01 14:58:48'),(4,'263','264',3,NULL,NULL,NULL,'boy-s-clothing',1,'2019-09-19 12:12:48','2019-10-01 14:59:13'),(5,'266','265',3,NULL,NULL,NULL,'girl-s-clothing',1,'2019-09-19 12:13:12','2019-10-01 14:59:46'),(6,'268','267',3,NULL,NULL,NULL,'kid-s-shoes',1,'2019-09-19 12:13:52','2019-10-01 15:00:09'),(7,'270','269',1,NULL,NULL,NULL,'men-s-accessories',1,'2019-09-19 12:18:22','2019-10-01 15:00:34'),(8,'272','271',1,NULL,NULL,NULL,'men-s-jeans',1,'2019-09-19 12:19:14','2019-10-01 15:00:46'),(9,'274','273',1,NULL,NULL,NULL,'men-s-shirts',1,'2019-09-19 12:20:19','2019-10-01 15:01:17'),(10,'276','275',1,NULL,NULL,NULL,'men-s-shoes',1,'2019-09-19 12:20:38','2019-10-01 15:01:27'),(11,'278','277',2,NULL,NULL,NULL,'women-s-accessories',1,'2019-09-19 12:30:13','2019-10-01 15:01:57'),(12,'279','280',2,NULL,NULL,NULL,'women-s-bottoms',1,'2019-09-19 12:30:45','2019-10-01 15:02:10'),(13,'282','281',2,NULL,NULL,NULL,'women-s-tops',1,'2019-09-19 12:31:30','2019-10-01 15:02:39'),(14,'284','283',2,NULL,NULL,NULL,'women-s-winter-wear',1,'2019-09-19 12:31:54','2019-10-01 15:02:50'),(15,'286','285',2,NULL,NULL,NULL,'women-s-shoes',1,'2019-09-19 12:32:17','2019-10-01 15:03:12'),(16,'426','425',0,NULL,NULL,NULL,'house-hold',1,'2019-09-25 15:29:59','2019-10-01 15:03:24'),(17,'6','7',16,NULL,NULL,NULL,'house-hold-1',1,'2020-03-20 15:37:49',NULL),(18,'6','7',17,NULL,NULL,NULL,'house-hold-1-1',1,'2020-03-20 15:38:35',NULL),(19,'6','7',18,NULL,NULL,NULL,'house-hold-1-1-1',1,'2020-03-20 15:39:19',NULL);
/*!40000 ALTER TABLE `categories` ENABLE KEYS */;
UNLOCK TABLES;

--
-- Table structure for table `categories_description`
--

DROP TABLE IF EXISTS `categories_description`;
/*!40101 SET @saved_cs_client     = @@character_set_client */;
/*!40101 SET character_set_client = utf8 */;
CREATE TABLE `categories_description` (
  `categories_description_id` int(11) NOT NULL AUTO_INCREMENT,
  `categories_id` int(11) NOT NULL DEFAULT '0',
  `language_id` int(11) NOT NULL DEFAULT '1',
  `categories_name` varchar(32) COLLATE utf8mb4_unicode_ci NOT NULL,
  PRIMARY KEY (`categories_description_id`),
  KEY `idx_categories_name` (`categories_name`)
) ENGINE=MyISAM AUTO_INCREMENT=39 DEFAULT CHARSET=utf8mb4 COLLATE=utf8mb4_unicode_ci;
/*!40101 SET character_set_client = @saved_cs_client */;

--
-- Dumping data for table `categories_description`
--

LOCK TABLES `categories_description` WRITE;
/*!40000 ALTER TABLE `categories_description` DISABLE KEYS */;
INSERT INTO `categories_description` VALUES (1,1,1,'Men\'s'),(2,2,1,'Women\'s'),(3,3,1,'Kid\'s'),(4,4,1,'Boy\'s Clothing'),(5,5,1,'Girl\'s Clothing'),(6,6,1,'Kid\'s Shoes'),(7,7,1,'Men\'s Accessories'),(8,8,1,'Men\'s Jeans'),(9,9,1,'Men\'s Shirts'),(10,10,1,'Men\'s Shoes'),(11,11,1,'Women\'s Accessories'),(12,12,1,'Women\'s Bottoms'),(13,13,1,'Women\'s Tops'),(14,14,1,'Women\'s Winter Wear'),(15,15,1,'Women\'s Shoes'),(16,16,1,'House Hold'),(33,17,1,'House Hold 1'),(35,18,1,'House Hold 1.1'),(37,19,1,'House Hold 1.1.1');
/*!40000 ALTER TABLE `categories_description` ENABLE KEYS */;
UNLOCK TABLES;

--
-- Table structure for table `categories_role`
--

DROP TABLE IF EXISTS `categories_role`;
/*!40101 SET @saved_cs_client     = @@character_set_client */;
/*!40101 SET character_set_client = utf8 */;
CREATE TABLE `categories_role` (
  `categories_role_id` int(11) NOT NULL AUTO_INCREMENT,
  `categories_ids` text COLLATE utf8mb4_unicode_ci NOT NULL,
  `admin_id` int(11) NOT NULL,
  PRIMARY KEY (`categories_role_id`)
) ENGINE=MyISAM DEFAULT CHARSET=utf8mb4 COLLATE=utf8mb4_unicode_ci;
/*!40101 SET character_set_client = @saved_cs_client */;

--
-- Dumping data for table `categories_role`
--

LOCK TABLES `categories_role` WRITE;
/*!40000 ALTER TABLE `categories_role` DISABLE KEYS */;
/*!40000 ALTER TABLE `categories_role` ENABLE KEYS */;
UNLOCK TABLES;

--
-- Table structure for table `compare`
--

DROP TABLE IF EXISTS `compare`;
/*!40101 SET @saved_cs_client     = @@character_set_client */;
/*!40101 SET character_set_client = utf8 */;
CREATE TABLE `compare` (
  `id` int(11) NOT NULL AUTO_INCREMENT,
  `product_ids` int(11) NOT NULL,
  `customer_id` int(11) NOT NULL,
  PRIMARY KEY (`id`)
) ENGINE=InnoDB AUTO_INCREMENT=5 DEFAULT CHARSET=utf8 COLLATE=utf8_unicode_ci;
/*!40101 SET character_set_client = @saved_cs_client */;

--
-- Dumping data for table `compare`
--

LOCK TABLES `compare` WRITE;
/*!40000 ALTER TABLE `compare` DISABLE KEYS */;
INSERT INTO `compare` VALUES (1,2,6),(2,1,6),(3,3,6),(4,1,9);
/*!40000 ALTER TABLE `compare` ENABLE KEYS */;
UNLOCK TABLES;

--
-- Table structure for table `constant_banners`
--

DROP TABLE IF EXISTS `constant_banners`;
/*!40101 SET @saved_cs_client     = @@character_set_client */;
/*!40101 SET character_set_client = utf8 */;
CREATE TABLE `constant_banners` (
  `banners_id` int(11) NOT NULL AUTO_INCREMENT,
  `banners_title` varchar(191) COLLATE utf8mb4_unicode_ci NOT NULL,
  `banners_url` text COLLATE utf8mb4_unicode_ci NOT NULL,
  `banners_image` text COLLATE utf8mb4_unicode_ci NOT NULL,
  `date_added` datetime NOT NULL,
  `status` tinyint(1) NOT NULL DEFAULT '0',
  `languages_id` int(11) NOT NULL,
  `type` varchar(55) COLLATE utf8mb4_unicode_ci NOT NULL,
  PRIMARY KEY (`banners_id`)
) ENGINE=MyISAM AUTO_INCREMENT=165 DEFAULT CHARSET=utf8mb4 COLLATE=utf8mb4_unicode_ci;
/*!40101 SET character_set_client = @saved_cs_client */;

--
-- Dumping data for table `constant_banners`
--

LOCK TABLES `constant_banners` WRITE;
/*!40000 ALTER TABLE `constant_banners` DISABLE KEYS */;
INSERT INTO `constant_banners` VALUES (1,'1','/shop','14','2020-04-01 15:01:56',1,1,'1'),(2,'2','/shop','15','2020-04-01 15:03:34',1,1,'2'),(3,'banner1','/shop','444','2019-09-08 18:43:34',1,1,'3'),(4,'banner1','/shop','445','2019-09-08 18:43:42',1,1,'4'),(5,'banner1','/shop','446','2019-09-08 18:44:15',1,1,'5'),(6,'banner2_3_4','/shop','28','2019-09-10 08:50:55',1,1,'6'),(7,'banner2_3_4','/shop','29','2019-09-10 08:54:18',1,1,'7'),(8,'banner2_3_4','/shop','30','2019-09-10 08:54:28',1,1,'8'),(9,'banner2_3_4','/shop','31','2019-09-10 08:54:38',1,1,'9'),(10,'banner5_6','/shop','32','2019-09-10 09:31:13',1,1,'10'),(11,'banner5_6','/shop','33','2019-09-10 09:31:24',1,1,'11'),(12,'banner5_6','/shop','34','2019-09-10 09:31:35',1,1,'12'),(13,'banner5_6','/shop','35','2019-09-10 09:32:18',1,1,'13'),(14,'banner5_6','/shop','36','2019-09-10 09:32:28',1,1,'14'),(15,'banner7_8','/shop','38','2019-09-10 09:52:02',1,1,'15'),(16,'banner7_8','/shop','37','2019-09-10 09:52:29',1,1,'16'),(17,'banner7_8','/shop','39','2019-09-10 09:47:56',1,1,'17'),(18,'banner7_8','/shop','40','2019-09-10 09:48:05',1,1,'18'),(19,'banner9','/shop','41','2019-09-10 10:19:03',1,1,'19'),(20,'banner9','/shop','42','2019-09-10 10:19:13',1,1,'20'),(21,'banner10_11_12','/shop','44','2019-09-10 10:26:12',1,1,'21'),(22,'banner10_11_12','/shop','43','2019-09-10 10:26:30',1,1,'22'),(23,'banner10_11_12','/shop','45','2019-09-10 10:26:41',1,1,'23'),(24,'banner10_11_12','/shop','46','2019-09-10 10:26:54',1,1,'24'),(25,'banner13_14_15','/shop','47','2019-09-10 11:01:09',1,1,'25'),(26,'banner13_14_15','/shop','48','2019-09-10 11:01:27',1,1,'26'),(27,'banner13_14_15','/shop','49','2019-09-10 11:02:12',1,1,'27'),(28,'banner13_14_15','/shop','536','2019-09-10 11:02:23',1,1,'28'),(29,'banner13_14_15','/shop','51','2019-09-10 11:02:36',1,1,'29'),(30,'banner16_17','/shop','52','2019-09-10 11:19:45',1,1,'30'),(31,'banner16_17','/shop','53','2019-09-10 11:19:58',1,1,'31'),(32,'banner16_17','/shop','54','2019-09-10 11:21:00',1,1,'32'),(33,'banner18_19','/shop','55','2019-09-10 11:30:35',1,1,'33'),(34,'banner18_19','/shop','56','2019-09-10 11:30:49',1,1,'34'),(35,'banner18_19','/shop','57','2019-09-10 11:31:04',1,1,'35'),(36,'banner18_19','/shop','58','2019-09-10 11:31:20',1,1,'36'),(37,'banner18_19','/shop','59','2019-09-10 11:31:54',1,1,'37'),(38,'banner18_19','/shop','60','2019-09-10 11:32:06',1,1,'38'),(39,'ad_banner1','/shop','13','2019-09-11 06:17:45',1,1,'39'),(40,'ad_banner2','/shop','12','2019-09-11 06:17:58',1,1,'40'),(81,'ad_banner3','/shop','12','2020-02-26 02:10:11',1,1,'41'),(82,'ad_banner3','/shop','107','2020-02-26 04:08:08',1,2,'41');
/*!40000 ALTER TABLE `constant_banners` ENABLE KEYS */;
UNLOCK TABLES;

--
-- Table structure for table `countries`
--

DROP TABLE IF EXISTS `countries`;
/*!40101 SET @saved_cs_client     = @@character_set_client */;
/*!40101 SET character_set_client = utf8 */;
CREATE TABLE `countries` (
  `countries_id` mediumint(8) unsigned NOT NULL AUTO_INCREMENT,
  `countries_name` varchar(100) COLLATE utf8mb4_unicode_ci NOT NULL,
  `countries_iso_code_3` char(3) COLLATE utf8mb4_unicode_ci DEFAULT NULL,
  `numeric_code` char(3) COLLATE utf8mb4_unicode_ci DEFAULT NULL,
  `countries_iso_code_2` char(2) COLLATE utf8mb4_unicode_ci DEFAULT NULL,
  `phonecode` varchar(255) COLLATE utf8mb4_unicode_ci DEFAULT NULL,
  `capital` varchar(255) COLLATE utf8mb4_unicode_ci DEFAULT NULL,
  `currency` varchar(255) COLLATE utf8mb4_unicode_ci DEFAULT NULL,
  `currency_symbol` varchar(255) COLLATE utf8mb4_unicode_ci DEFAULT NULL,
  `tld` varchar(255) COLLATE utf8mb4_unicode_ci DEFAULT NULL,
  `native` varchar(255) COLLATE utf8mb4_unicode_ci DEFAULT NULL,
  `region` varchar(255) COLLATE utf8mb4_unicode_ci DEFAULT NULL,
  `subregion` varchar(255) COLLATE utf8mb4_unicode_ci DEFAULT NULL,
  `timezones` text COLLATE utf8mb4_unicode_ci,
  `translations` text COLLATE utf8mb4_unicode_ci,
  `latitude` decimal(10,8) DEFAULT NULL,
  `longitude` decimal(11,8) DEFAULT NULL,
  `emoji` varchar(191) COLLATE utf8mb4_unicode_ci DEFAULT NULL,
  `emojiU` varchar(191) COLLATE utf8mb4_unicode_ci DEFAULT NULL,
  `created_at` timestamp NULL DEFAULT NULL,
  `updated_at` timestamp NOT NULL DEFAULT CURRENT_TIMESTAMP ON UPDATE CURRENT_TIMESTAMP,
  `flag` tinyint(1) NOT NULL DEFAULT '1',
  `wikiDataId` varchar(255) COLLATE utf8mb4_unicode_ci DEFAULT NULL COMMENT 'Rapid API GeoDB Cities',
  PRIMARY KEY (`countries_id`)
) ENGINE=InnoDB AUTO_INCREMENT=251 DEFAULT CHARSET=utf8mb4 COLLATE=utf8mb4_unicode_ci;
/*!40101 SET character_set_client = @saved_cs_client */;

--
-- Dumping data for table `countries`
--

LOCK TABLES `countries` WRITE;
/*!40000 ALTER TABLE `countries` DISABLE KEYS */;
INSERT INTO `countries` VALUES (1,'Afghanistan','AFG','004','AF','93','Kabul','AFN','؋','.af','افغانستان','Asia','Southern Asia','[{\"zoneName\":\"Asia/Kabul\",\"gmtOffset\":16200,\"gmtOffsetName\":\"UTC+04:30\",\"abbreviation\":\"AFT\",\"tzName\":\"Afghanistan Time\"}]','{\"kr\":\"아프가니스탄\",\"br\":\"Afeganistão\",\"pt\":\"Afeganistão\",\"nl\":\"Afghanistan\",\"hr\":\"Afganistan\",\"fa\":\"افغانستان\",\"de\":\"Afghanistan\",\"es\":\"Afganistán\",\"fr\":\"Afghanistan\",\"ja\":\"アフガニスタン\",\"it\":\"Afghanistan\",\"cn\":\"阿富汗\"}',33.00000000,65.00000000,'??','U+1F1E6 U+1F1EB','2018-07-20 20:11:03','2021-08-01 14:37:27',1,'Q889'),(2,'Aland Islands','ALA','248','AX','+358-18','Mariehamn','EUR','€','.ax','Åland','Europe','Northern Europe','[{\"zoneName\":\"Europe/Mariehamn\",\"gmtOffset\":7200,\"gmtOffsetName\":\"UTC+02:00\",\"abbreviation\":\"EET\",\"tzName\":\"Eastern European Time\"}]','{\"kr\":\"올란드 제도\",\"br\":\"Ilhas de Aland\",\"pt\":\"Ilhas de Aland\",\"nl\":\"Ålandeilanden\",\"hr\":\"Ålandski otoci\",\"fa\":\"جزایر الند\",\"de\":\"Åland\",\"es\":\"Alandia\",\"fr\":\"Åland\",\"ja\":\"オーランド諸島\",\"it\":\"Isole Aland\",\"cn\":\"奥兰群岛\"}',60.11666700,19.90000000,'??','U+1F1E6 U+1F1FD','2018-07-20 20:11:03','2021-08-01 14:37:27',1,NULL),(3,'Albania','ALB','008','AL','355','Tirana','ALL','Lek','.al','Shqipëria','Europe','Southern Europe','[{\"zoneName\":\"Europe/Tirane\",\"gmtOffset\":3600,\"gmtOffsetName\":\"UTC+01:00\",\"abbreviation\":\"CET\",\"tzName\":\"Central European Time\"}]','{\"kr\":\"알바니아\",\"br\":\"Albânia\",\"pt\":\"Albânia\",\"nl\":\"Albanië\",\"hr\":\"Albanija\",\"fa\":\"آلبانی\",\"de\":\"Albanien\",\"es\":\"Albania\",\"fr\":\"Albanie\",\"ja\":\"アルバニア\",\"it\":\"Albania\",\"cn\":\"阿尔巴尼亚\"}',41.00000000,20.00000000,'??','U+1F1E6 U+1F1F1','2018-07-20 20:11:03','2021-08-01 14:37:27',1,'Q222'),(4,'Algeria','DZA','012','DZ','213','Algiers','DZD','دج','.dz','الجزائر','Africa','Northern Africa','[{\"zoneName\":\"Africa/Algiers\",\"gmtOffset\":3600,\"gmtOffsetName\":\"UTC+01:00\",\"abbreviation\":\"CET\",\"tzName\":\"Central European Time\"}]','{\"kr\":\"알제리\",\"br\":\"Argélia\",\"pt\":\"Argélia\",\"nl\":\"Algerije\",\"hr\":\"Alžir\",\"fa\":\"الجزایر\",\"de\":\"Algerien\",\"es\":\"Argelia\",\"fr\":\"Algérie\",\"ja\":\"アルジェリア\",\"it\":\"Algeria\",\"cn\":\"阿尔及利亚\"}',28.00000000,3.00000000,'??','U+1F1E9 U+1F1FF','2018-07-20 20:11:03','2021-08-01 14:37:27',1,'Q262'),(5,'American Samoa','ASM','016','AS','+1-684','Pago Pago','USD','$','.as','American Samoa','Oceania','Polynesia','[{\"zoneName\":\"Pacific/Pago_Pago\",\"gmtOffset\":-39600,\"gmtOffsetName\":\"UTC-11:00\",\"abbreviation\":\"SST\",\"tzName\":\"Samoa Standard Time\"}]','{\"kr\":\"아메리칸사모아\",\"br\":\"Samoa Americana\",\"pt\":\"Samoa Americana\",\"nl\":\"Amerikaans Samoa\",\"hr\":\"Američka Samoa\",\"fa\":\"ساموآی آمریکا\",\"de\":\"Amerikanisch-Samoa\",\"es\":\"Samoa Americana\",\"fr\":\"Samoa américaines\",\"ja\":\"アメリカ領サモア\",\"it\":\"Samoa Americane\",\"cn\":\"美属萨摩亚\"}',-14.33333333,-170.00000000,'??','U+1F1E6 U+1F1F8','2018-07-20 20:11:03','2021-08-01 14:37:27',1,NULL),(6,'Andorra','AND','020','AD','376','Andorra la Vella','EUR','€','.ad','Andorra','Europe','Southern Europe','[{\"zoneName\":\"Europe/Andorra\",\"gmtOffset\":3600,\"gmtOffsetName\":\"UTC+01:00\",\"abbreviation\":\"CET\",\"tzName\":\"Central European Time\"}]','{\"kr\":\"안도라\",\"br\":\"Andorra\",\"pt\":\"Andorra\",\"nl\":\"Andorra\",\"hr\":\"Andora\",\"fa\":\"آندورا\",\"de\":\"Andorra\",\"es\":\"Andorra\",\"fr\":\"Andorre\",\"ja\":\"アンドラ\",\"it\":\"Andorra\",\"cn\":\"安道尔\"}',42.50000000,1.50000000,'??','U+1F1E6 U+1F1E9','2018-07-20 20:11:03','2021-08-01 14:37:27',1,'Q228'),(7,'Angola','AGO','024','AO','244','Luanda','AOA','Kz','.ao','Angola','Africa','Middle Africa','[{\"zoneName\":\"Africa/Luanda\",\"gmtOffset\":3600,\"gmtOffsetName\":\"UTC+01:00\",\"abbreviation\":\"WAT\",\"tzName\":\"West Africa Time\"}]','{\"kr\":\"앙골라\",\"br\":\"Angola\",\"pt\":\"Angola\",\"nl\":\"Angola\",\"hr\":\"Angola\",\"fa\":\"آنگولا\",\"de\":\"Angola\",\"es\":\"Angola\",\"fr\":\"Angola\",\"ja\":\"アンゴラ\",\"it\":\"Angola\",\"cn\":\"安哥拉\"}',-12.50000000,18.50000000,'??','U+1F1E6 U+1F1F4','2018-07-20 20:11:03','2021-08-01 14:37:27',1,'Q916'),(8,'Anguilla','AIA','660','AI','+1-264','The Valley','XCD','$','.ai','Anguilla','Americas','Caribbean','[{\"zoneName\":\"America/Anguilla\",\"gmtOffset\":-14400,\"gmtOffsetName\":\"UTC-04:00\",\"abbreviation\":\"AST\",\"tzName\":\"Atlantic Standard Time\"}]','{\"kr\":\"앵귈라\",\"br\":\"Anguila\",\"pt\":\"Anguila\",\"nl\":\"Anguilla\",\"hr\":\"Angvila\",\"fa\":\"آنگویلا\",\"de\":\"Anguilla\",\"es\":\"Anguilla\",\"fr\":\"Anguilla\",\"ja\":\"アンギラ\",\"it\":\"Anguilla\",\"cn\":\"安圭拉\"}',18.25000000,-63.16666666,'??','U+1F1E6 U+1F1EE','2018-07-20 20:11:03','2021-08-01 14:37:27',1,NULL),(9,'Antarctica','ATA','010','AQ','672','','AAD','$','.aq','Antarctica','Polar','','[{\"zoneName\":\"Antarctica/Casey\",\"gmtOffset\":39600,\"gmtOffsetName\":\"UTC+11:00\",\"abbreviation\":\"AWST\",\"tzName\":\"Australian Western Standard Time\"},{\"zoneName\":\"Antarctica/Davis\",\"gmtOffset\":25200,\"gmtOffsetName\":\"UTC+07:00\",\"abbreviation\":\"DAVT\",\"tzName\":\"Davis Time\"},{\"zoneName\":\"Antarctica/DumontDUrville\",\"gmtOffset\":36000,\"gmtOffsetName\":\"UTC+10:00\",\"abbreviation\":\"DDUT\",\"tzName\":\"Dumont d\'Urville Time\"},{\"zoneName\":\"Antarctica/Mawson\",\"gmtOffset\":18000,\"gmtOffsetName\":\"UTC+05:00\",\"abbreviation\":\"MAWT\",\"tzName\":\"Mawson Station Time\"},{\"zoneName\":\"Antarctica/McMurdo\",\"gmtOffset\":46800,\"gmtOffsetName\":\"UTC+13:00\",\"abbreviation\":\"NZDT\",\"tzName\":\"New Zealand Daylight Time\"},{\"zoneName\":\"Antarctica/Palmer\",\"gmtOffset\":-10800,\"gmtOffsetName\":\"UTC-03:00\",\"abbreviation\":\"CLST\",\"tzName\":\"Chile Summer Time\"},{\"zoneName\":\"Antarctica/Rothera\",\"gmtOffset\":-10800,\"gmtOffsetName\":\"UTC-03:00\",\"abbreviation\":\"ROTT\",\"tzName\":\"Rothera Research Station Time\"},{\"zoneName\":\"Antarctica/Syowa\",\"gmtOffset\":10800,\"gmtOffsetName\":\"UTC+03:00\",\"abbreviation\":\"SYOT\",\"tzName\":\"Showa Station Time\"},{\"zoneName\":\"Antarctica/Troll\",\"gmtOffset\":0,\"gmtOffsetName\":\"UTC±00\",\"abbreviation\":\"GMT\",\"tzName\":\"Greenwich Mean Time\"},{\"zoneName\":\"Antarctica/Vostok\",\"gmtOffset\":21600,\"gmtOffsetName\":\"UTC+06:00\",\"abbreviation\":\"VOST\",\"tzName\":\"Vostok Station Time\"}]','{\"kr\":\"남극\",\"br\":\"Antártida\",\"pt\":\"Antárctida\",\"nl\":\"Antarctica\",\"hr\":\"Antarktika\",\"fa\":\"جنوبگان\",\"de\":\"Antarktika\",\"es\":\"Antártida\",\"fr\":\"Antarctique\",\"ja\":\"南極大陸\",\"it\":\"Antartide\",\"cn\":\"南极洲\"}',-74.65000000,4.48000000,'??','U+1F1E6 U+1F1F6','2018-07-20 20:11:03','2021-08-01 14:37:27',1,NULL),(10,'Antigua And Barbuda','ATG','028','AG','+1-268','St. John\'s','XCD','$','.ag','Antigua and Barbuda','Americas','Caribbean','[{\"zoneName\":\"America/Antigua\",\"gmtOffset\":-14400,\"gmtOffsetName\":\"UTC-04:00\",\"abbreviation\":\"AST\",\"tzName\":\"Atlantic Standard Time\"}]','{\"kr\":\"앤티가 바부다\",\"br\":\"Antígua e Barbuda\",\"pt\":\"Antígua e Barbuda\",\"nl\":\"Antigua en Barbuda\",\"hr\":\"Antigva i Barbuda\",\"fa\":\"آنتیگوا و باربودا\",\"de\":\"Antigua und Barbuda\",\"es\":\"Antigua y Barbuda\",\"fr\":\"Antigua-et-Barbuda\",\"ja\":\"アンティグア・バーブーダ\",\"it\":\"Antigua e Barbuda\",\"cn\":\"安提瓜和巴布达\"}',17.05000000,-61.80000000,'??','U+1F1E6 U+1F1EC','2018-07-20 20:11:03','2021-08-01 14:37:27',1,'Q781'),(11,'Argentina','ARG','032','AR','54','Buenos Aires','ARS','$','.ar','Argentina','Americas','South America','[{\"zoneName\":\"America/Argentina/Buenos_Aires\",\"gmtOffset\":-10800,\"gmtOffsetName\":\"UTC-03:00\",\"abbreviation\":\"ART\",\"tzName\":\"Argentina Time\"},{\"zoneName\":\"America/Argentina/Catamarca\",\"gmtOffset\":-10800,\"gmtOffsetName\":\"UTC-03:00\",\"abbreviation\":\"ART\",\"tzName\":\"Argentina Time\"},{\"zoneName\":\"America/Argentina/Cordoba\",\"gmtOffset\":-10800,\"gmtOffsetName\":\"UTC-03:00\",\"abbreviation\":\"ART\",\"tzName\":\"Argentina Time\"},{\"zoneName\":\"America/Argentina/Jujuy\",\"gmtOffset\":-10800,\"gmtOffsetName\":\"UTC-03:00\",\"abbreviation\":\"ART\",\"tzName\":\"Argentina Time\"},{\"zoneName\":\"America/Argentina/La_Rioja\",\"gmtOffset\":-10800,\"gmtOffsetName\":\"UTC-03:00\",\"abbreviation\":\"ART\",\"tzName\":\"Argentina Time\"},{\"zoneName\":\"America/Argentina/Mendoza\",\"gmtOffset\":-10800,\"gmtOffsetName\":\"UTC-03:00\",\"abbreviation\":\"ART\",\"tzName\":\"Argentina Time\"},{\"zoneName\":\"America/Argentina/Rio_Gallegos\",\"gmtOffset\":-10800,\"gmtOffsetName\":\"UTC-03:00\",\"abbreviation\":\"ART\",\"tzName\":\"Argentina Time\"},{\"zoneName\":\"America/Argentina/Salta\",\"gmtOffset\":-10800,\"gmtOffsetName\":\"UTC-03:00\",\"abbreviation\":\"ART\",\"tzName\":\"Argentina Time\"},{\"zoneName\":\"America/Argentina/San_Juan\",\"gmtOffset\":-10800,\"gmtOffsetName\":\"UTC-03:00\",\"abbreviation\":\"ART\",\"tzName\":\"Argentina Time\"},{\"zoneName\":\"America/Argentina/San_Luis\",\"gmtOffset\":-10800,\"gmtOffsetName\":\"UTC-03:00\",\"abbreviation\":\"ART\",\"tzName\":\"Argentina Time\"},{\"zoneName\":\"America/Argentina/Tucuman\",\"gmtOffset\":-10800,\"gmtOffsetName\":\"UTC-03:00\",\"abbreviation\":\"ART\",\"tzName\":\"Argentina Time\"},{\"zoneName\":\"America/Argentina/Ushuaia\",\"gmtOffset\":-10800,\"gmtOffsetName\":\"UTC-03:00\",\"abbreviation\":\"ART\",\"tzName\":\"Argentina Time\"}]','{\"kr\":\"아르헨티나\",\"br\":\"Argentina\",\"pt\":\"Argentina\",\"nl\":\"Argentinië\",\"hr\":\"Argentina\",\"fa\":\"آرژانتین\",\"de\":\"Argentinien\",\"es\":\"Argentina\",\"fr\":\"Argentine\",\"ja\":\"アルゼンチン\",\"it\":\"Argentina\",\"cn\":\"阿根廷\"}',-34.00000000,-64.00000000,'??','U+1F1E6 U+1F1F7','2018-07-20 20:11:03','2021-08-01 14:37:27',1,'Q414'),(12,'Armenia','ARM','051','AM','374','Yerevan','AMD','֏','.am','Հայաստան','Asia','Western Asia','[{\"zoneName\":\"Asia/Yerevan\",\"gmtOffset\":14400,\"gmtOffsetName\":\"UTC+04:00\",\"abbreviation\":\"AMT\",\"tzName\":\"Armenia Time\"}]','{\"kr\":\"아르메니아\",\"br\":\"Armênia\",\"pt\":\"Arménia\",\"nl\":\"Armenië\",\"hr\":\"Armenija\",\"fa\":\"ارمنستان\",\"de\":\"Armenien\",\"es\":\"Armenia\",\"fr\":\"Arménie\",\"ja\":\"アルメニア\",\"it\":\"Armenia\",\"cn\":\"亚美尼亚\"}',40.00000000,45.00000000,'??','U+1F1E6 U+1F1F2','2018-07-20 20:11:03','2021-08-01 14:37:27',1,'Q399'),(13,'Aruba','ABW','533','AW','297','Oranjestad','AWG','ƒ','.aw','Aruba','Americas','Caribbean','[{\"zoneName\":\"America/Aruba\",\"gmtOffset\":-14400,\"gmtOffsetName\":\"UTC-04:00\",\"abbreviation\":\"AST\",\"tzName\":\"Atlantic Standard Time\"}]','{\"kr\":\"아루바\",\"br\":\"Aruba\",\"pt\":\"Aruba\",\"nl\":\"Aruba\",\"hr\":\"Aruba\",\"fa\":\"آروبا\",\"de\":\"Aruba\",\"es\":\"Aruba\",\"fr\":\"Aruba\",\"ja\":\"アルバ\",\"it\":\"Aruba\",\"cn\":\"阿鲁巴\"}',12.50000000,-69.96666666,'??','U+1F1E6 U+1F1FC','2018-07-20 20:11:03','2021-08-01 14:37:27',1,NULL),(14,'Australia','AUS','036','AU','61','Canberra','AUD','$','.au','Australia','Oceania','Australia and New Zealand','[{\"zoneName\":\"Antarctica/Macquarie\",\"gmtOffset\":39600,\"gmtOffsetName\":\"UTC+11:00\",\"abbreviation\":\"MIST\",\"tzName\":\"Macquarie Island Station Time\"},{\"zoneName\":\"Australia/Adelaide\",\"gmtOffset\":37800,\"gmtOffsetName\":\"UTC+10:30\",\"abbreviation\":\"ACDT\",\"tzName\":\"Australian Central Daylight Saving Time\"},{\"zoneName\":\"Australia/Brisbane\",\"gmtOffset\":36000,\"gmtOffsetName\":\"UTC+10:00\",\"abbreviation\":\"AEST\",\"tzName\":\"Australian Eastern Standard Time\"},{\"zoneName\":\"Australia/Broken_Hill\",\"gmtOffset\":37800,\"gmtOffsetName\":\"UTC+10:30\",\"abbreviation\":\"ACDT\",\"tzName\":\"Australian Central Daylight Saving Time\"},{\"zoneName\":\"Australia/Currie\",\"gmtOffset\":39600,\"gmtOffsetName\":\"UTC+11:00\",\"abbreviation\":\"AEDT\",\"tzName\":\"Australian Eastern Daylight Saving Time\"},{\"zoneName\":\"Australia/Darwin\",\"gmtOffset\":34200,\"gmtOffsetName\":\"UTC+09:30\",\"abbreviation\":\"ACST\",\"tzName\":\"Australian Central Standard Time\"},{\"zoneName\":\"Australia/Eucla\",\"gmtOffset\":31500,\"gmtOffsetName\":\"UTC+08:45\",\"abbreviation\":\"ACWST\",\"tzName\":\"Australian Central Western Standard Time (Unofficial)\"},{\"zoneName\":\"Australia/Hobart\",\"gmtOffset\":39600,\"gmtOffsetName\":\"UTC+11:00\",\"abbreviation\":\"AEDT\",\"tzName\":\"Australian Eastern Daylight Saving Time\"},{\"zoneName\":\"Australia/Lindeman\",\"gmtOffset\":36000,\"gmtOffsetName\":\"UTC+10:00\",\"abbreviation\":\"AEST\",\"tzName\":\"Australian Eastern Standard Time\"},{\"zoneName\":\"Australia/Lord_Howe\",\"gmtOffset\":39600,\"gmtOffsetName\":\"UTC+11:00\",\"abbreviation\":\"LHST\",\"tzName\":\"Lord Howe Summer Time\"},{\"zoneName\":\"Australia/Melbourne\",\"gmtOffset\":39600,\"gmtOffsetName\":\"UTC+11:00\",\"abbreviation\":\"AEDT\",\"tzName\":\"Australian Eastern Daylight Saving Time\"},{\"zoneName\":\"Australia/Perth\",\"gmtOffset\":28800,\"gmtOffsetName\":\"UTC+08:00\",\"abbreviation\":\"AWST\",\"tzName\":\"Australian Western Standard Time\"},{\"zoneName\":\"Australia/Sydney\",\"gmtOffset\":39600,\"gmtOffsetName\":\"UTC+11:00\",\"abbreviation\":\"AEDT\",\"tzName\":\"Australian Eastern Daylight Saving Time\"}]','{\"kr\":\"호주\",\"br\":\"Austrália\",\"pt\":\"Austrália\",\"nl\":\"Australië\",\"hr\":\"Australija\",\"fa\":\"استرالیا\",\"de\":\"Australien\",\"es\":\"Australia\",\"fr\":\"Australie\",\"ja\":\"オーストラリア\",\"it\":\"Australia\",\"cn\":\"澳大利亚\"}',-27.00000000,133.00000000,'??','U+1F1E6 U+1F1FA','2018-07-20 20:11:03','2021-08-01 14:37:27',1,'Q408'),(15,'Austria','AUT','040','AT','43','Vienna','EUR','€','.at','Österreich','Europe','Western Europe','[{\"zoneName\":\"Europe/Vienna\",\"gmtOffset\":3600,\"gmtOffsetName\":\"UTC+01:00\",\"abbreviation\":\"CET\",\"tzName\":\"Central European Time\"}]','{\"kr\":\"오스트리아\",\"br\":\"áustria\",\"pt\":\"áustria\",\"nl\":\"Oostenrijk\",\"hr\":\"Austrija\",\"fa\":\"اتریش\",\"de\":\"Österreich\",\"es\":\"Austria\",\"fr\":\"Autriche\",\"ja\":\"オーストリア\",\"it\":\"Austria\",\"cn\":\"奥地利\"}',47.33333333,13.33333333,'??','U+1F1E6 U+1F1F9','2018-07-20 20:11:03','2021-08-01 14:37:27',1,'Q40'),(16,'Azerbaijan','AZE','031','AZ','994','Baku','AZN','m','.az','Azərbaycan','Asia','Western Asia','[{\"zoneName\":\"Asia/Baku\",\"gmtOffset\":14400,\"gmtOffsetName\":\"UTC+04:00\",\"abbreviation\":\"AZT\",\"tzName\":\"Azerbaijan Time\"}]','{\"kr\":\"아제르바이잔\",\"br\":\"Azerbaijão\",\"pt\":\"Azerbaijão\",\"nl\":\"Azerbeidzjan\",\"hr\":\"Azerbajdžan\",\"fa\":\"آذربایجان\",\"de\":\"Aserbaidschan\",\"es\":\"Azerbaiyán\",\"fr\":\"Azerbaïdjan\",\"ja\":\"アゼルバイジャン\",\"it\":\"Azerbaijan\",\"cn\":\"阿塞拜疆\"}',40.50000000,47.50000000,'??','U+1F1E6 U+1F1FF','2018-07-20 20:11:03','2021-08-01 14:37:27',1,'Q227'),(17,'Bahamas The','BHS','044','BS','+1-242','Nassau','BSD','B$','.bs','Bahamas','Americas','Caribbean','[{\"zoneName\":\"America/Nassau\",\"gmtOffset\":-18000,\"gmtOffsetName\":\"UTC-05:00\",\"abbreviation\":\"EST\",\"tzName\":\"Eastern Standard Time (North America)\"}]','{\"kr\":\"바하마\",\"br\":\"Bahamas\",\"pt\":\"Baamas\",\"nl\":\"Bahama’s\",\"hr\":\"Bahami\",\"fa\":\"باهاما\",\"de\":\"Bahamas\",\"es\":\"Bahamas\",\"fr\":\"Bahamas\",\"ja\":\"バハマ\",\"it\":\"Bahamas\",\"cn\":\"巴哈马\"}',24.25000000,-76.00000000,'??','U+1F1E7 U+1F1F8','2018-07-20 20:11:03','2021-08-01 14:37:27',1,'Q778'),(18,'Bahrain','BHR','048','BH','973','Manama','BHD','.د.ب','.bh','‏البحرين','Asia','Western Asia','[{\"zoneName\":\"Asia/Bahrain\",\"gmtOffset\":10800,\"gmtOffsetName\":\"UTC+03:00\",\"abbreviation\":\"AST\",\"tzName\":\"Arabia Standard Time\"}]','{\"kr\":\"바레인\",\"br\":\"Bahrein\",\"pt\":\"Barém\",\"nl\":\"Bahrein\",\"hr\":\"Bahrein\",\"fa\":\"بحرین\",\"de\":\"Bahrain\",\"es\":\"Bahrein\",\"fr\":\"Bahreïn\",\"ja\":\"バーレーン\",\"it\":\"Bahrein\",\"cn\":\"巴林\"}',26.00000000,50.55000000,'??','U+1F1E7 U+1F1ED','2018-07-20 20:11:03','2021-08-01 14:37:27',1,'Q398'),(19,'Bangladesh','BGD','050','BD','880','Dhaka','BDT','৳','.bd','Bangladesh','Asia','Southern Asia','[{\"zoneName\":\"Asia/Dhaka\",\"gmtOffset\":21600,\"gmtOffsetName\":\"UTC+06:00\",\"abbreviation\":\"BDT\",\"tzName\":\"Bangladesh Standard Time\"}]','{\"kr\":\"방글라데시\",\"br\":\"Bangladesh\",\"pt\":\"Bangladeche\",\"nl\":\"Bangladesh\",\"hr\":\"Bangladeš\",\"fa\":\"بنگلادش\",\"de\":\"Bangladesch\",\"es\":\"Bangladesh\",\"fr\":\"Bangladesh\",\"ja\":\"バングラデシュ\",\"it\":\"Bangladesh\",\"cn\":\"孟加拉\"}',24.00000000,90.00000000,'??','U+1F1E7 U+1F1E9','2018-07-20 20:11:03','2021-08-01 14:37:27',1,'Q902'),(20,'Barbados','BRB','052','BB','+1-246','Bridgetown','BBD','Bds$','.bb','Barbados','Americas','Caribbean','[{\"zoneName\":\"America/Barbados\",\"gmtOffset\":-14400,\"gmtOffsetName\":\"UTC-04:00\",\"abbreviation\":\"AST\",\"tzName\":\"Atlantic Standard Time\"}]','{\"kr\":\"바베이도스\",\"br\":\"Barbados\",\"pt\":\"Barbados\",\"nl\":\"Barbados\",\"hr\":\"Barbados\",\"fa\":\"باربادوس\",\"de\":\"Barbados\",\"es\":\"Barbados\",\"fr\":\"Barbade\",\"ja\":\"バルバドス\",\"it\":\"Barbados\",\"cn\":\"巴巴多斯\"}',13.16666666,-59.53333333,'??','U+1F1E7 U+1F1E7','2018-07-20 20:11:03','2021-08-01 14:37:27',1,'Q244'),(21,'Belarus','BLR','112','BY','375','Minsk','BYN','Br','.by','Белару́сь','Europe','Eastern Europe','[{\"zoneName\":\"Europe/Minsk\",\"gmtOffset\":10800,\"gmtOffsetName\":\"UTC+03:00\",\"abbreviation\":\"MSK\",\"tzName\":\"Moscow Time\"}]','{\"kr\":\"벨라루스\",\"br\":\"Bielorrússia\",\"pt\":\"Bielorrússia\",\"nl\":\"Wit-Rusland\",\"hr\":\"Bjelorusija\",\"fa\":\"بلاروس\",\"de\":\"Weißrussland\",\"es\":\"Bielorrusia\",\"fr\":\"Biélorussie\",\"ja\":\"ベラルーシ\",\"it\":\"Bielorussia\",\"cn\":\"白俄罗斯\"}',53.00000000,28.00000000,'??','U+1F1E7 U+1F1FE','2018-07-20 20:11:03','2021-08-01 14:37:27',1,'Q184'),(22,'Belgium','BEL','056','BE','32','Brussels','EUR','€','.be','België','Europe','Western Europe','[{\"zoneName\":\"Europe/Brussels\",\"gmtOffset\":3600,\"gmtOffsetName\":\"UTC+01:00\",\"abbreviation\":\"CET\",\"tzName\":\"Central European Time\"}]','{\"kr\":\"벨기에\",\"br\":\"Bélgica\",\"pt\":\"Bélgica\",\"nl\":\"België\",\"hr\":\"Belgija\",\"fa\":\"بلژیک\",\"de\":\"Belgien\",\"es\":\"Bélgica\",\"fr\":\"Belgique\",\"ja\":\"ベルギー\",\"it\":\"Belgio\",\"cn\":\"比利时\"}',50.83333333,4.00000000,'??','U+1F1E7 U+1F1EA','2018-07-20 20:11:03','2021-08-01 14:37:27',1,'Q31'),(23,'Belize','BLZ','084','BZ','501','Belmopan','BZD','$','.bz','Belize','Americas','Central America','[{\"zoneName\":\"America/Belize\",\"gmtOffset\":-21600,\"gmtOffsetName\":\"UTC-06:00\",\"abbreviation\":\"CST\",\"tzName\":\"Central Standard Time (North America)\"}]','{\"kr\":\"벨리즈\",\"br\":\"Belize\",\"pt\":\"Belize\",\"nl\":\"Belize\",\"hr\":\"Belize\",\"fa\":\"بلیز\",\"de\":\"Belize\",\"es\":\"Belice\",\"fr\":\"Belize\",\"ja\":\"ベリーズ\",\"it\":\"Belize\",\"cn\":\"伯利兹\"}',17.25000000,-88.75000000,'??','U+1F1E7 U+1F1FF','2018-07-20 20:11:03','2021-08-01 14:37:27',1,'Q242'),(24,'Benin','BEN','204','BJ','229','Porto-Novo','XOF','CFA','.bj','Bénin','Africa','Western Africa','[{\"zoneName\":\"Africa/Porto-Novo\",\"gmtOffset\":3600,\"gmtOffsetName\":\"UTC+01:00\",\"abbreviation\":\"WAT\",\"tzName\":\"West Africa Time\"}]','{\"kr\":\"베냉\",\"br\":\"Benin\",\"pt\":\"Benim\",\"nl\":\"Benin\",\"hr\":\"Benin\",\"fa\":\"بنین\",\"de\":\"Benin\",\"es\":\"Benín\",\"fr\":\"Bénin\",\"ja\":\"ベナン\",\"it\":\"Benin\",\"cn\":\"贝宁\"}',9.50000000,2.25000000,'??','U+1F1E7 U+1F1EF','2018-07-20 20:11:03','2021-08-01 14:37:27',1,'Q962'),(25,'Bermuda','BMU','060','BM','+1-441','Hamilton','BMD','$','.bm','Bermuda','Americas','Northern America','[{\"zoneName\":\"Atlantic/Bermuda\",\"gmtOffset\":-14400,\"gmtOffsetName\":\"UTC-04:00\",\"abbreviation\":\"AST\",\"tzName\":\"Atlantic Standard Time\"}]','{\"kr\":\"버뮤다\",\"br\":\"Bermudas\",\"pt\":\"Bermudas\",\"nl\":\"Bermuda\",\"hr\":\"Bermudi\",\"fa\":\"برمودا\",\"de\":\"Bermuda\",\"es\":\"Bermudas\",\"fr\":\"Bermudes\",\"ja\":\"バミューダ\",\"it\":\"Bermuda\",\"cn\":\"百慕大\"}',32.33333333,-64.75000000,'??','U+1F1E7 U+1F1F2','2018-07-20 20:11:03','2021-08-01 14:37:27',1,NULL),(26,'Bhutan','BTN','064','BT','975','Thimphu','BTN','Nu.','.bt','ʼbrug-yul','Asia','Southern Asia','[{\"zoneName\":\"Asia/Thimphu\",\"gmtOffset\":21600,\"gmtOffsetName\":\"UTC+06:00\",\"abbreviation\":\"BTT\",\"tzName\":\"Bhutan Time\"}]','{\"kr\":\"부탄\",\"br\":\"Butão\",\"pt\":\"Butão\",\"nl\":\"Bhutan\",\"hr\":\"Butan\",\"fa\":\"بوتان\",\"de\":\"Bhutan\",\"es\":\"Bután\",\"fr\":\"Bhoutan\",\"ja\":\"ブータン\",\"it\":\"Bhutan\",\"cn\":\"不丹\"}',27.50000000,90.50000000,'??','U+1F1E7 U+1F1F9','2018-07-20 20:11:03','2021-08-01 14:37:27',1,'Q917'),(27,'Bolivia','BOL','068','BO','591','Sucre','BOB','Bs.','.bo','Bolivia','Americas','South America','[{\"zoneName\":\"America/La_Paz\",\"gmtOffset\":-14400,\"gmtOffsetName\":\"UTC-04:00\",\"abbreviation\":\"BOT\",\"tzName\":\"Bolivia Time\"}]','{\"kr\":\"볼리비아\",\"br\":\"Bolívia\",\"pt\":\"Bolívia\",\"nl\":\"Bolivia\",\"hr\":\"Bolivija\",\"fa\":\"بولیوی\",\"de\":\"Bolivien\",\"es\":\"Bolivia\",\"fr\":\"Bolivie\",\"ja\":\"ボリビア多民族国\",\"it\":\"Bolivia\",\"cn\":\"玻利维亚\"}',-17.00000000,-65.00000000,'??','U+1F1E7 U+1F1F4','2018-07-20 20:11:03','2021-08-01 14:37:27',1,'Q750'),(28,'Bosnia and Herzegovina','BIH','070','BA','387','Sarajevo','BAM','KM','.ba','Bosna i Hercegovina','Europe','Southern Europe','[{\"zoneName\":\"Europe/Sarajevo\",\"gmtOffset\":3600,\"gmtOffsetName\":\"UTC+01:00\",\"abbreviation\":\"CET\",\"tzName\":\"Central European Time\"}]','{\"kr\":\"보스니아 헤르체고비나\",\"br\":\"Bósnia e Herzegovina\",\"pt\":\"Bósnia e Herzegovina\",\"nl\":\"Bosnië en Herzegovina\",\"hr\":\"Bosna i Hercegovina\",\"fa\":\"بوسنی و هرزگوین\",\"de\":\"Bosnien und Herzegowina\",\"es\":\"Bosnia y Herzegovina\",\"fr\":\"Bosnie-Herzégovine\",\"ja\":\"ボスニア・ヘルツェゴビナ\",\"it\":\"Bosnia ed Erzegovina\",\"cn\":\"波斯尼亚和黑塞哥维那\"}',44.00000000,18.00000000,'??','U+1F1E7 U+1F1E6','2018-07-20 20:11:03','2021-08-01 14:37:27',1,'Q225'),(29,'Botswana','BWA','072','BW','267','Gaborone','BWP','P','.bw','Botswana','Africa','Southern Africa','[{\"zoneName\":\"Africa/Gaborone\",\"gmtOffset\":7200,\"gmtOffsetName\":\"UTC+02:00\",\"abbreviation\":\"CAT\",\"tzName\":\"Central Africa Time\"}]','{\"kr\":\"보츠와나\",\"br\":\"Botsuana\",\"pt\":\"Botsuana\",\"nl\":\"Botswana\",\"hr\":\"Bocvana\",\"fa\":\"بوتسوانا\",\"de\":\"Botswana\",\"es\":\"Botswana\",\"fr\":\"Botswana\",\"ja\":\"ボツワナ\",\"it\":\"Botswana\",\"cn\":\"博茨瓦纳\"}',-22.00000000,24.00000000,'??','U+1F1E7 U+1F1FC','2018-07-20 20:11:03','2021-08-01 14:37:27',1,'Q963'),(30,'Bouvet Island','BVT','074','BV','0055','','NOK','kr','.bv','Bouvetøya','','','[{\"zoneName\":\"Europe/Oslo\",\"gmtOffset\":3600,\"gmtOffsetName\":\"UTC+01:00\",\"abbreviation\":\"CET\",\"tzName\":\"Central European Time\"}]','{\"kr\":\"부벳 섬\",\"br\":\"Ilha Bouvet\",\"pt\":\"Ilha Bouvet\",\"nl\":\"Bouveteiland\",\"hr\":\"Otok Bouvet\",\"fa\":\"جزیره بووه\",\"de\":\"Bouvetinsel\",\"es\":\"Isla Bouvet\",\"fr\":\"Île Bouvet\",\"ja\":\"ブーベ島\",\"it\":\"Isola Bouvet\",\"cn\":\"布维岛\"}',-54.43333333,3.40000000,'??','U+1F1E7 U+1F1FB','2018-07-20 20:11:03','2021-08-01 14:37:27',1,NULL),(31,'Brazil','BRA','076','BR','55','Brasilia','BRL','R$','.br','Brasil','Americas','South America','[{\"zoneName\":\"America/Araguaina\",\"gmtOffset\":-10800,\"gmtOffsetName\":\"UTC-03:00\",\"abbreviation\":\"BRT\",\"tzName\":\"Brasília Time\"},{\"zoneName\":\"America/Bahia\",\"gmtOffset\":-10800,\"gmtOffsetName\":\"UTC-03:00\",\"abbreviation\":\"BRT\",\"tzName\":\"Brasília Time\"},{\"zoneName\":\"America/Belem\",\"gmtOffset\":-10800,\"gmtOffsetName\":\"UTC-03:00\",\"abbreviation\":\"BRT\",\"tzName\":\"Brasília Time\"},{\"zoneName\":\"America/Boa_Vista\",\"gmtOffset\":-14400,\"gmtOffsetName\":\"UTC-04:00\",\"abbreviation\":\"AMT\",\"tzName\":\"Amazon Time (Brazil)[3\"},{\"zoneName\":\"America/Campo_Grande\",\"gmtOffset\":-14400,\"gmtOffsetName\":\"UTC-04:00\",\"abbreviation\":\"AMT\",\"tzName\":\"Amazon Time (Brazil)[3\"},{\"zoneName\":\"America/Cuiaba\",\"gmtOffset\":-14400,\"gmtOffsetName\":\"UTC-04:00\",\"abbreviation\":\"BRT\",\"tzName\":\"Brasilia Time\"},{\"zoneName\":\"America/Eirunepe\",\"gmtOffset\":-18000,\"gmtOffsetName\":\"UTC-05:00\",\"abbreviation\":\"ACT\",\"tzName\":\"Acre Time\"},{\"zoneName\":\"America/Fortaleza\",\"gmtOffset\":-10800,\"gmtOffsetName\":\"UTC-03:00\",\"abbreviation\":\"BRT\",\"tzName\":\"Brasília Time\"},{\"zoneName\":\"America/Maceio\",\"gmtOffset\":-10800,\"gmtOffsetName\":\"UTC-03:00\",\"abbreviation\":\"BRT\",\"tzName\":\"Brasília Time\"},{\"zoneName\":\"America/Manaus\",\"gmtOffset\":-14400,\"gmtOffsetName\":\"UTC-04:00\",\"abbreviation\":\"AMT\",\"tzName\":\"Amazon Time (Brazil)\"},{\"zoneName\":\"America/Noronha\",\"gmtOffset\":-7200,\"gmtOffsetName\":\"UTC-02:00\",\"abbreviation\":\"FNT\",\"tzName\":\"Fernando de Noronha Time\"},{\"zoneName\":\"America/Porto_Velho\",\"gmtOffset\":-14400,\"gmtOffsetName\":\"UTC-04:00\",\"abbreviation\":\"AMT\",\"tzName\":\"Amazon Time (Brazil)[3\"},{\"zoneName\":\"America/Recife\",\"gmtOffset\":-10800,\"gmtOffsetName\":\"UTC-03:00\",\"abbreviation\":\"BRT\",\"tzName\":\"Brasília Time\"},{\"zoneName\":\"America/Rio_Branco\",\"gmtOffset\":-18000,\"gmtOffsetName\":\"UTC-05:00\",\"abbreviation\":\"ACT\",\"tzName\":\"Acre Time\"},{\"zoneName\":\"America/Santarem\",\"gmtOffset\":-10800,\"gmtOffsetName\":\"UTC-03:00\",\"abbreviation\":\"BRT\",\"tzName\":\"Brasília Time\"},{\"zoneName\":\"America/Sao_Paulo\",\"gmtOffset\":-10800,\"gmtOffsetName\":\"UTC-03:00\",\"abbreviation\":\"BRT\",\"tzName\":\"Brasília Time\"}]','{\"kr\":\"브라질\",\"br\":\"Brasil\",\"pt\":\"Brasil\",\"nl\":\"Brazilië\",\"hr\":\"Brazil\",\"fa\":\"برزیل\",\"de\":\"Brasilien\",\"es\":\"Brasil\",\"fr\":\"Brésil\",\"ja\":\"ブラジル\",\"it\":\"Brasile\",\"cn\":\"巴西\"}',-10.00000000,-55.00000000,'??','U+1F1E7 U+1F1F7','2018-07-20 20:11:03','2021-08-01 14:37:27',1,'Q155'),(32,'British Indian Ocean Territory','IOT','086','IO','246','Diego Garcia','USD','$','.io','British Indian Ocean Territory','Africa','Eastern Africa','[{\"zoneName\":\"Indian/Chagos\",\"gmtOffset\":21600,\"gmtOffsetName\":\"UTC+06:00\",\"abbreviation\":\"IOT\",\"tzName\":\"Indian Ocean Time\"}]','{\"kr\":\"영국령 인도양 지역\",\"br\":\"Território Britânico do Oceano íÍdico\",\"pt\":\"Território Britânico do Oceano Índico\",\"nl\":\"Britse Gebieden in de Indische Oceaan\",\"hr\":\"Britanski Indijskooceanski teritorij\",\"fa\":\"قلمرو بریتانیا در اقیانوس هند\",\"de\":\"Britisches Territorium im Indischen Ozean\",\"es\":\"Territorio Británico del Océano Índico\",\"fr\":\"Territoire britannique de l\'océan Indien\",\"ja\":\"イギリス領インド洋地域\",\"it\":\"Territorio britannico dell\'oceano indiano\",\"cn\":\"英属印度洋领地\"}',-6.00000000,71.50000000,'??','U+1F1EE U+1F1F4','2018-07-20 20:11:03','2021-08-01 14:37:27',1,NULL),(33,'Brunei','BRN','096','BN','673','Bandar Seri Begawan','BND','B$','.bn','Negara Brunei Darussalam','Asia','South-Eastern Asia','[{\"zoneName\":\"Asia/Brunei\",\"gmtOffset\":28800,\"gmtOffsetName\":\"UTC+08:00\",\"abbreviation\":\"BNT\",\"tzName\":\"Brunei Darussalam Time\"}]','{\"kr\":\"브루나이\",\"br\":\"Brunei\",\"pt\":\"Brunei\",\"nl\":\"Brunei\",\"hr\":\"Brunej\",\"fa\":\"برونئی\",\"de\":\"Brunei\",\"es\":\"Brunei\",\"fr\":\"Brunei\",\"ja\":\"ブルネイ・ダルサラーム\",\"it\":\"Brunei\",\"cn\":\"文莱\"}',4.50000000,114.66666666,'??','U+1F1E7 U+1F1F3','2018-07-20 20:11:03','2021-08-01 14:37:27',1,'Q921'),(34,'Bulgaria','BGR','100','BG','359','Sofia','BGN','Лв.','.bg','България','Europe','Eastern Europe','[{\"zoneName\":\"Europe/Sofia\",\"gmtOffset\":7200,\"gmtOffsetName\":\"UTC+02:00\",\"abbreviation\":\"EET\",\"tzName\":\"Eastern European Time\"}]','{\"kr\":\"불가리아\",\"br\":\"Bulgária\",\"pt\":\"Bulgária\",\"nl\":\"Bulgarije\",\"hr\":\"Bugarska\",\"fa\":\"بلغارستان\",\"de\":\"Bulgarien\",\"es\":\"Bulgaria\",\"fr\":\"Bulgarie\",\"ja\":\"ブルガリア\",\"it\":\"Bulgaria\",\"cn\":\"保加利亚\"}',43.00000000,25.00000000,'??','U+1F1E7 U+1F1EC','2018-07-20 20:11:03','2021-08-01 14:37:27',1,'Q219'),(35,'Burkina Faso','BFA','854','BF','226','Ouagadougou','XOF','CFA','.bf','Burkina Faso','Africa','Western Africa','[{\"zoneName\":\"Africa/Ouagadougou\",\"gmtOffset\":0,\"gmtOffsetName\":\"UTC±00\",\"abbreviation\":\"GMT\",\"tzName\":\"Greenwich Mean Time\"}]','{\"kr\":\"부르키나 파소\",\"br\":\"Burkina Faso\",\"pt\":\"Burquina Faso\",\"nl\":\"Burkina Faso\",\"hr\":\"Burkina Faso\",\"fa\":\"بورکینافاسو\",\"de\":\"Burkina Faso\",\"es\":\"Burkina Faso\",\"fr\":\"Burkina Faso\",\"ja\":\"ブルキナファソ\",\"it\":\"Burkina Faso\",\"cn\":\"布基纳法索\"}',13.00000000,-2.00000000,'??','U+1F1E7 U+1F1EB','2018-07-20 20:11:03','2021-08-01 14:37:27',1,'Q965'),(36,'Burundi','BDI','108','BI','257','Bujumbura','BIF','FBu','.bi','Burundi','Africa','Eastern Africa','[{\"zoneName\":\"Africa/Bujumbura\",\"gmtOffset\":7200,\"gmtOffsetName\":\"UTC+02:00\",\"abbreviation\":\"CAT\",\"tzName\":\"Central Africa Time\"}]','{\"kr\":\"부룬디\",\"br\":\"Burundi\",\"pt\":\"Burúndi\",\"nl\":\"Burundi\",\"hr\":\"Burundi\",\"fa\":\"بوروندی\",\"de\":\"Burundi\",\"es\":\"Burundi\",\"fr\":\"Burundi\",\"ja\":\"ブルンジ\",\"it\":\"Burundi\",\"cn\":\"布隆迪\"}',-3.50000000,30.00000000,'??','U+1F1E7 U+1F1EE','2018-07-20 20:11:03','2021-08-01 14:37:27',1,'Q967'),(37,'Cambodia','KHM','116','KH','855','Phnom Penh','KHR','KHR','.kh','Kâmpŭchéa','Asia','South-Eastern Asia','[{\"zoneName\":\"Asia/Phnom_Penh\",\"gmtOffset\":25200,\"gmtOffsetName\":\"UTC+07:00\",\"abbreviation\":\"ICT\",\"tzName\":\"Indochina Time\"}]','{\"kr\":\"캄보디아\",\"br\":\"Camboja\",\"pt\":\"Camboja\",\"nl\":\"Cambodja\",\"hr\":\"Kambodža\",\"fa\":\"کامبوج\",\"de\":\"Kambodscha\",\"es\":\"Camboya\",\"fr\":\"Cambodge\",\"ja\":\"カンボジア\",\"it\":\"Cambogia\",\"cn\":\"柬埔寨\"}',13.00000000,105.00000000,'??','U+1F1F0 U+1F1ED','2018-07-20 20:11:03','2021-08-01 14:37:27',1,'Q424'),(38,'Cameroon','CMR','120','CM','237','Yaounde','XAF','FCFA','.cm','Cameroon','Africa','Middle Africa','[{\"zoneName\":\"Africa/Douala\",\"gmtOffset\":3600,\"gmtOffsetName\":\"UTC+01:00\",\"abbreviation\":\"WAT\",\"tzName\":\"West Africa Time\"}]','{\"kr\":\"카메룬\",\"br\":\"Camarões\",\"pt\":\"Camarões\",\"nl\":\"Kameroen\",\"hr\":\"Kamerun\",\"fa\":\"کامرون\",\"de\":\"Kamerun\",\"es\":\"Camerún\",\"fr\":\"Cameroun\",\"ja\":\"カメルーン\",\"it\":\"Camerun\",\"cn\":\"喀麦隆\"}',6.00000000,12.00000000,'??','U+1F1E8 U+1F1F2','2018-07-20 20:11:03','2021-08-01 14:37:27',1,'Q1009'),(39,'Canada','CAN','124','CA','1','Ottawa','CAD','$','.ca','Canada','Americas','Northern America','[{\"zoneName\":\"America/Atikokan\",\"gmtOffset\":-18000,\"gmtOffsetName\":\"UTC-05:00\",\"abbreviation\":\"EST\",\"tzName\":\"Eastern Standard Time (North America)\"},{\"zoneName\":\"America/Blanc-Sablon\",\"gmtOffset\":-14400,\"gmtOffsetName\":\"UTC-04:00\",\"abbreviation\":\"AST\",\"tzName\":\"Atlantic Standard Time\"},{\"zoneName\":\"America/Cambridge_Bay\",\"gmtOffset\":-25200,\"gmtOffsetName\":\"UTC-07:00\",\"abbreviation\":\"MST\",\"tzName\":\"Mountain Standard Time (North America)\"},{\"zoneName\":\"America/Creston\",\"gmtOffset\":-25200,\"gmtOffsetName\":\"UTC-07:00\",\"abbreviation\":\"MST\",\"tzName\":\"Mountain Standard Time (North America)\"},{\"zoneName\":\"America/Dawson\",\"gmtOffset\":-25200,\"gmtOffsetName\":\"UTC-07:00\",\"abbreviation\":\"MST\",\"tzName\":\"Mountain Standard Time (North America)\"},{\"zoneName\":\"America/Dawson_Creek\",\"gmtOffset\":-25200,\"gmtOffsetName\":\"UTC-07:00\",\"abbreviation\":\"MST\",\"tzName\":\"Mountain Standard Time (North America)\"},{\"zoneName\":\"America/Edmonton\",\"gmtOffset\":-25200,\"gmtOffsetName\":\"UTC-07:00\",\"abbreviation\":\"MST\",\"tzName\":\"Mountain Standard Time (North America)\"},{\"zoneName\":\"America/Fort_Nelson\",\"gmtOffset\":-25200,\"gmtOffsetName\":\"UTC-07:00\",\"abbreviation\":\"MST\",\"tzName\":\"Mountain Standard Time (North America)\"},{\"zoneName\":\"America/Glace_Bay\",\"gmtOffset\":-14400,\"gmtOffsetName\":\"UTC-04:00\",\"abbreviation\":\"AST\",\"tzName\":\"Atlantic Standard Time\"},{\"zoneName\":\"America/Goose_Bay\",\"gmtOffset\":-14400,\"gmtOffsetName\":\"UTC-04:00\",\"abbreviation\":\"AST\",\"tzName\":\"Atlantic Standard Time\"},{\"zoneName\":\"America/Halifax\",\"gmtOffset\":-14400,\"gmtOffsetName\":\"UTC-04:00\",\"abbreviation\":\"AST\",\"tzName\":\"Atlantic Standard Time\"},{\"zoneName\":\"America/Inuvik\",\"gmtOffset\":-25200,\"gmtOffsetName\":\"UTC-07:00\",\"abbreviation\":\"MST\",\"tzName\":\"Mountain Standard Time (North America\"},{\"zoneName\":\"America/Iqaluit\",\"gmtOffset\":-18000,\"gmtOffsetName\":\"UTC-05:00\",\"abbreviation\":\"EST\",\"tzName\":\"Eastern Standard Time (North America\"},{\"zoneName\":\"America/Moncton\",\"gmtOffset\":-14400,\"gmtOffsetName\":\"UTC-04:00\",\"abbreviation\":\"AST\",\"tzName\":\"Atlantic Standard Time\"},{\"zoneName\":\"America/Nipigon\",\"gmtOffset\":-18000,\"gmtOffsetName\":\"UTC-05:00\",\"abbreviation\":\"EST\",\"tzName\":\"Eastern Standard Time (North America\"},{\"zoneName\":\"America/Pangnirtung\",\"gmtOffset\":-18000,\"gmtOffsetName\":\"UTC-05:00\",\"abbreviation\":\"EST\",\"tzName\":\"Eastern Standard Time (North America\"},{\"zoneName\":\"America/Rainy_River\",\"gmtOffset\":-21600,\"gmtOffsetName\":\"UTC-06:00\",\"abbreviation\":\"CST\",\"tzName\":\"Central Standard Time (North America\"},{\"zoneName\":\"America/Rankin_Inlet\",\"gmtOffset\":-21600,\"gmtOffsetName\":\"UTC-06:00\",\"abbreviation\":\"CST\",\"tzName\":\"Central Standard Time (North America\"},{\"zoneName\":\"America/Regina\",\"gmtOffset\":-21600,\"gmtOffsetName\":\"UTC-06:00\",\"abbreviation\":\"CST\",\"tzName\":\"Central Standard Time (North America\"},{\"zoneName\":\"America/Resolute\",\"gmtOffset\":-21600,\"gmtOffsetName\":\"UTC-06:00\",\"abbreviation\":\"CST\",\"tzName\":\"Central Standard Time (North America\"},{\"zoneName\":\"America/St_Johns\",\"gmtOffset\":-12600,\"gmtOffsetName\":\"UTC-03:30\",\"abbreviation\":\"NST\",\"tzName\":\"Newfoundland Standard Time\"},{\"zoneName\":\"America/Swift_Current\",\"gmtOffset\":-21600,\"gmtOffsetName\":\"UTC-06:00\",\"abbreviation\":\"CST\",\"tzName\":\"Central Standard Time (North America\"},{\"zoneName\":\"America/Thunder_Bay\",\"gmtOffset\":-18000,\"gmtOffsetName\":\"UTC-05:00\",\"abbreviation\":\"EST\",\"tzName\":\"Eastern Standard Time (North America\"},{\"zoneName\":\"America/Toronto\",\"gmtOffset\":-18000,\"gmtOffsetName\":\"UTC-05:00\",\"abbreviation\":\"EST\",\"tzName\":\"Eastern Standard Time (North America\"},{\"zoneName\":\"America/Vancouver\",\"gmtOffset\":-28800,\"gmtOffsetName\":\"UTC-08:00\",\"abbreviation\":\"PST\",\"tzName\":\"Pacific Standard Time (North America\"},{\"zoneName\":\"America/Whitehorse\",\"gmtOffset\":-25200,\"gmtOffsetName\":\"UTC-07:00\",\"abbreviation\":\"MST\",\"tzName\":\"Mountain Standard Time (North America\"},{\"zoneName\":\"America/Winnipeg\",\"gmtOffset\":-21600,\"gmtOffsetName\":\"UTC-06:00\",\"abbreviation\":\"CST\",\"tzName\":\"Central Standard Time (North America\"},{\"zoneName\":\"America/Yellowknife\",\"gmtOffset\":-25200,\"gmtOffsetName\":\"UTC-07:00\",\"abbreviation\":\"MST\",\"tzName\":\"Mountain Standard Time (North America\"}]','{\"kr\":\"캐나다\",\"br\":\"Canadá\",\"pt\":\"Canadá\",\"nl\":\"Canada\",\"hr\":\"Kanada\",\"fa\":\"کانادا\",\"de\":\"Kanada\",\"es\":\"Canadá\",\"fr\":\"Canada\",\"ja\":\"カナダ\",\"it\":\"Canada\",\"cn\":\"加拿大\"}',60.00000000,-95.00000000,'??','U+1F1E8 U+1F1E6','2018-07-20 20:11:03','2021-08-01 14:37:27',1,'Q16'),(40,'Cape Verde','CPV','132','CV','238','Praia','CVE','$','.cv','Cabo Verde','Africa','Western Africa','[{\"zoneName\":\"Atlantic/Cape_Verde\",\"gmtOffset\":-3600,\"gmtOffsetName\":\"UTC-01:00\",\"abbreviation\":\"CVT\",\"tzName\":\"Cape Verde Time\"}]','{\"kr\":\"카보베르데\",\"br\":\"Cabo Verde\",\"pt\":\"Cabo Verde\",\"nl\":\"Kaapverdië\",\"hr\":\"Zelenortska Republika\",\"fa\":\"کیپ ورد\",\"de\":\"Kap Verde\",\"es\":\"Cabo Verde\",\"fr\":\"Cap Vert\",\"ja\":\"カーボベルデ\",\"it\":\"Capo Verde\",\"cn\":\"佛得角\"}',16.00000000,-24.00000000,'??','U+1F1E8 U+1F1FB','2018-07-20 20:11:03','2021-08-01 14:37:27',1,'Q1011'),(41,'Cayman Islands','CYM','136','KY','+1-345','George Town','KYD','$','.ky','Cayman Islands','Americas','Caribbean','[{\"zoneName\":\"America/Cayman\",\"gmtOffset\":-18000,\"gmtOffsetName\":\"UTC-05:00\",\"abbreviation\":\"EST\",\"tzName\":\"Eastern Standard Time (North America\"}]','{\"kr\":\"케이먼 제도\",\"br\":\"Ilhas Cayman\",\"pt\":\"Ilhas Caimão\",\"nl\":\"Caymaneilanden\",\"hr\":\"Kajmanski otoci\",\"fa\":\"جزایر کیمن\",\"de\":\"Kaimaninseln\",\"es\":\"Islas Caimán\",\"fr\":\"Îles Caïmans\",\"ja\":\"ケイマン諸島\",\"it\":\"Isole Cayman\",\"cn\":\"开曼群岛\"}',19.50000000,-80.50000000,'??','U+1F1F0 U+1F1FE','2018-07-20 20:11:03','2021-08-01 14:37:27',1,NULL),(42,'Central African Republic','CAF','140','CF','236','Bangui','XAF','FCFA','.cf','Ködörösêse tî Bêafrîka','Africa','Middle Africa','[{\"zoneName\":\"Africa/Bangui\",\"gmtOffset\":3600,\"gmtOffsetName\":\"UTC+01:00\",\"abbreviation\":\"WAT\",\"tzName\":\"West Africa Time\"}]','{\"kr\":\"중앙아프리카 공화국\",\"br\":\"República Centro-Africana\",\"pt\":\"República Centro-Africana\",\"nl\":\"Centraal-Afrikaanse Republiek\",\"hr\":\"Srednjoafrička Republika\",\"fa\":\"جمهوری آفریقای مرکزی\",\"de\":\"Zentralafrikanische Republik\",\"es\":\"República Centroafricana\",\"fr\":\"République centrafricaine\",\"ja\":\"中央アフリカ共和国\",\"it\":\"Repubblica Centrafricana\",\"cn\":\"中非\"}',7.00000000,21.00000000,'??','U+1F1E8 U+1F1EB','2018-07-20 20:11:03','2021-08-01 14:37:27',1,'Q929'),(43,'Chad','TCD','148','TD','235','N\'Djamena','XAF','FCFA','.td','Tchad','Africa','Middle Africa','[{\"zoneName\":\"Africa/Ndjamena\",\"gmtOffset\":3600,\"gmtOffsetName\":\"UTC+01:00\",\"abbreviation\":\"WAT\",\"tzName\":\"West Africa Time\"}]','{\"kr\":\"차드\",\"br\":\"Chade\",\"pt\":\"Chade\",\"nl\":\"Tsjaad\",\"hr\":\"Čad\",\"fa\":\"چاد\",\"de\":\"Tschad\",\"es\":\"Chad\",\"fr\":\"Tchad\",\"ja\":\"チャド\",\"it\":\"Ciad\",\"cn\":\"乍得\"}',15.00000000,19.00000000,'??','U+1F1F9 U+1F1E9','2018-07-20 20:11:03','2021-08-01 14:37:27',1,'Q657'),(44,'Chile','CHL','152','CL','56','Santiago','CLP','$','.cl','Chile','Americas','South America','[{\"zoneName\":\"America/Punta_Arenas\",\"gmtOffset\":-10800,\"gmtOffsetName\":\"UTC-03:00\",\"abbreviation\":\"CLST\",\"tzName\":\"Chile Summer Time\"},{\"zoneName\":\"America/Santiago\",\"gmtOffset\":-10800,\"gmtOffsetName\":\"UTC-03:00\",\"abbreviation\":\"CLST\",\"tzName\":\"Chile Summer Time\"},{\"zoneName\":\"Pacific/Easter\",\"gmtOffset\":-18000,\"gmtOffsetName\":\"UTC-05:00\",\"abbreviation\":\"EASST\",\"tzName\":\"Easter Island Summer Time\"}]','{\"kr\":\"칠리\",\"br\":\"Chile\",\"pt\":\"Chile\",\"nl\":\"Chili\",\"hr\":\"Čile\",\"fa\":\"شیلی\",\"de\":\"Chile\",\"es\":\"Chile\",\"fr\":\"Chili\",\"ja\":\"チリ\",\"it\":\"Cile\",\"cn\":\"智利\"}',-30.00000000,-71.00000000,'??','U+1F1E8 U+1F1F1','2018-07-20 20:11:03','2021-08-01 14:37:27',1,'Q298'),(45,'China','CHN','156','CN','86','Beijing','CNY','¥','.cn','中国','Asia','Eastern Asia','[{\"zoneName\":\"Asia/Shanghai\",\"gmtOffset\":28800,\"gmtOffsetName\":\"UTC+08:00\",\"abbreviation\":\"CST\",\"tzName\":\"China Standard Time\"},{\"zoneName\":\"Asia/Urumqi\",\"gmtOffset\":21600,\"gmtOffsetName\":\"UTC+06:00\",\"abbreviation\":\"XJT\",\"tzName\":\"China Standard Time\"}]','{\"kr\":\"중국\",\"br\":\"China\",\"pt\":\"China\",\"nl\":\"China\",\"hr\":\"Kina\",\"fa\":\"چین\",\"de\":\"China\",\"es\":\"China\",\"fr\":\"Chine\",\"ja\":\"中国\",\"it\":\"Cina\",\"cn\":\"中国\"}',35.00000000,105.00000000,'??','U+1F1E8 U+1F1F3','2018-07-20 20:11:03','2021-08-01 14:37:27',1,'Q148'),(46,'Christmas Island','CXR','162','CX','61','Flying Fish Cove','AUD','$','.cx','Christmas Island','Oceania','Australia and New Zealand','[{\"zoneName\":\"Indian/Christmas\",\"gmtOffset\":25200,\"gmtOffsetName\":\"UTC+07:00\",\"abbreviation\":\"CXT\",\"tzName\":\"Christmas Island Time\"}]','{\"kr\":\"크리스마스 섬\",\"br\":\"Ilha Christmas\",\"pt\":\"Ilha do Natal\",\"nl\":\"Christmaseiland\",\"hr\":\"Božićni otok\",\"fa\":\"جزیره کریسمس\",\"de\":\"Weihnachtsinsel\",\"es\":\"Isla de Navidad\",\"fr\":\"Île Christmas\",\"ja\":\"クリスマス島\",\"it\":\"Isola di Natale\",\"cn\":\"圣诞岛\"}',-10.50000000,105.66666666,'??','U+1F1E8 U+1F1FD','2018-07-20 20:11:03','2021-08-01 14:37:27',1,NULL),(47,'Cocos (Keeling) Islands','CCK','166','CC','61','West Island','AUD','$','.cc','Cocos (Keeling) Islands','Oceania','Australia and New Zealand','[{\"zoneName\":\"Indian/Cocos\",\"gmtOffset\":23400,\"gmtOffsetName\":\"UTC+06:30\",\"abbreviation\":\"CCT\",\"tzName\":\"Cocos Islands Time\"}]','{\"kr\":\"코코스 제도\",\"br\":\"Ilhas Cocos\",\"pt\":\"Ilhas dos Cocos\",\"nl\":\"Cocoseilanden\",\"hr\":\"Kokosovi Otoci\",\"fa\":\"جزایر کوکوس\",\"de\":\"Kokosinseln\",\"es\":\"Islas Cocos o Islas Keeling\",\"fr\":\"Îles Cocos\",\"ja\":\"ココス（キーリング）諸島\",\"it\":\"Isole Cocos e Keeling\",\"cn\":\"科科斯（基林）群岛\"}',-12.50000000,96.83333333,'??','U+1F1E8 U+1F1E8','2018-07-20 20:11:03','2021-08-01 14:37:27',1,NULL),(48,'Colombia','COL','170','CO','57','Bogota','COP','$','.co','Colombia','Americas','South America','[{\"zoneName\":\"America/Bogota\",\"gmtOffset\":-18000,\"gmtOffsetName\":\"UTC-05:00\",\"abbreviation\":\"COT\",\"tzName\":\"Colombia Time\"}]','{\"kr\":\"콜롬비아\",\"br\":\"Colômbia\",\"pt\":\"Colômbia\",\"nl\":\"Colombia\",\"hr\":\"Kolumbija\",\"fa\":\"کلمبیا\",\"de\":\"Kolumbien\",\"es\":\"Colombia\",\"fr\":\"Colombie\",\"ja\":\"コロンビア\",\"it\":\"Colombia\",\"cn\":\"哥伦比亚\"}',4.00000000,-72.00000000,'??','U+1F1E8 U+1F1F4','2018-07-20 20:11:03','2021-08-01 14:37:27',1,'Q739'),(49,'Comoros','COM','174','KM','269','Moroni','KMF','CF','.km','Komori','Africa','Eastern Africa','[{\"zoneName\":\"Indian/Comoro\",\"gmtOffset\":10800,\"gmtOffsetName\":\"UTC+03:00\",\"abbreviation\":\"EAT\",\"tzName\":\"East Africa Time\"}]','{\"kr\":\"코모로\",\"br\":\"Comores\",\"pt\":\"Comores\",\"nl\":\"Comoren\",\"hr\":\"Komori\",\"fa\":\"کومور\",\"de\":\"Union der Komoren\",\"es\":\"Comoras\",\"fr\":\"Comores\",\"ja\":\"コモロ\",\"it\":\"Comore\",\"cn\":\"科摩罗\"}',-12.16666666,44.25000000,'??','U+1F1F0 U+1F1F2','2018-07-20 20:11:03','2021-08-01 14:37:27',1,'Q970'),(50,'Congo','COG','178','CG','242','Brazzaville','XAF','FC','.cg','République du Congo','Africa','Middle Africa','[{\"zoneName\":\"Africa/Brazzaville\",\"gmtOffset\":3600,\"gmtOffsetName\":\"UTC+01:00\",\"abbreviation\":\"WAT\",\"tzName\":\"West Africa Time\"}]','{\"kr\":\"콩고\",\"br\":\"Congo\",\"pt\":\"Congo\",\"nl\":\"Congo [Republiek]\",\"hr\":\"Kongo\",\"fa\":\"کنگو\",\"de\":\"Kongo\",\"es\":\"Congo\",\"fr\":\"Congo\",\"ja\":\"コンゴ共和国\",\"it\":\"Congo\",\"cn\":\"刚果\"}',-1.00000000,15.00000000,'??','U+1F1E8 U+1F1EC','2018-07-20 20:11:03','2021-08-01 14:37:27',1,'Q971'),(51,'Democratic Republic of the Congo','COD','180','CD','243','Kinshasa','CDF','FC','.cd','République démocratique du Congo','Africa','Middle Africa','[{\"zoneName\":\"Africa/Kinshasa\",\"gmtOffset\":3600,\"gmtOffsetName\":\"UTC+01:00\",\"abbreviation\":\"WAT\",\"tzName\":\"West Africa Time\"},{\"zoneName\":\"Africa/Lubumbashi\",\"gmtOffset\":7200,\"gmtOffsetName\":\"UTC+02:00\",\"abbreviation\":\"CAT\",\"tzName\":\"Central Africa Time\"}]','{\"kr\":\"콩고 민주 공화국\",\"br\":\"RD Congo\",\"pt\":\"RD Congo\",\"nl\":\"Congo [DRC]\",\"hr\":\"Kongo, Demokratska Republika\",\"fa\":\"جمهوری کنگو\",\"de\":\"Kongo (Dem. Rep.)\",\"es\":\"Congo (Rep. Dem.)\",\"fr\":\"Congo (Rép. dém.)\",\"ja\":\"コンゴ民主共和国\",\"it\":\"Congo (Rep. Dem.)\",\"cn\":\"刚果（金）\"}',0.00000000,25.00000000,'??','U+1F1E8 U+1F1E9','2018-07-20 20:11:03','2021-08-01 14:37:27',1,'Q974'),(52,'Cook Islands','COK','184','CK','682','Avarua','NZD','$','.ck','Cook Islands','Oceania','Polynesia','[{\"zoneName\":\"Pacific/Rarotonga\",\"gmtOffset\":-36000,\"gmtOffsetName\":\"UTC-10:00\",\"abbreviation\":\"CKT\",\"tzName\":\"Cook Island Time\"}]','{\"kr\":\"쿡 제도\",\"br\":\"Ilhas Cook\",\"pt\":\"Ilhas Cook\",\"nl\":\"Cookeilanden\",\"hr\":\"Cookovo Otočje\",\"fa\":\"جزایر کوک\",\"de\":\"Cookinseln\",\"es\":\"Islas Cook\",\"fr\":\"Îles Cook\",\"ja\":\"クック諸島\",\"it\":\"Isole Cook\",\"cn\":\"库克群岛\"}',-21.23333333,-159.76666666,'??','U+1F1E8 U+1F1F0','2018-07-20 20:11:03','2021-08-01 14:37:27',1,'Q26988'),(53,'Costa Rica','CRI','188','CR','506','San Jose','CRC','₡','.cr','Costa Rica','Americas','Central America','[{\"zoneName\":\"America/Costa_Rica\",\"gmtOffset\":-21600,\"gmtOffsetName\":\"UTC-06:00\",\"abbreviation\":\"CST\",\"tzName\":\"Central Standard Time (North America\"}]','{\"kr\":\"코스타리카\",\"br\":\"Costa Rica\",\"pt\":\"Costa Rica\",\"nl\":\"Costa Rica\",\"hr\":\"Kostarika\",\"fa\":\"کاستاریکا\",\"de\":\"Costa Rica\",\"es\":\"Costa Rica\",\"fr\":\"Costa Rica\",\"ja\":\"コスタリカ\",\"it\":\"Costa Rica\",\"cn\":\"哥斯达黎加\"}',10.00000000,-84.00000000,'??','U+1F1E8 U+1F1F7','2018-07-20 20:11:03','2021-08-01 14:37:27',1,'Q800'),(54,'Cote D\'Ivoire (Ivory Coast)','CIV','384','CI','225','Yamoussoukro','XOF','CFA','.ci',NULL,'Africa','Western Africa','[{\"zoneName\":\"Africa/Abidjan\",\"gmtOffset\":0,\"gmtOffsetName\":\"UTC±00\",\"abbreviation\":\"GMT\",\"tzName\":\"Greenwich Mean Time\"}]','{\"kr\":\"코트디부아르\",\"br\":\"Costa do Marfim\",\"pt\":\"Costa do Marfim\",\"nl\":\"Ivoorkust\",\"hr\":\"Obala Bjelokosti\",\"fa\":\"ساحل عاج\",\"de\":\"Elfenbeinküste\",\"es\":\"Costa de Marfil\",\"fr\":\"Côte d\'Ivoire\",\"ja\":\"コートジボワール\",\"it\":\"Costa D\'Avorio\",\"cn\":\"科特迪瓦\"}',8.00000000,-5.00000000,'??','U+1F1E8 U+1F1EE','2018-07-20 20:11:03','2021-08-01 14:37:27',1,'Q1008'),(55,'Croatia','HRV','191','HR','385','Zagreb','HRK','kn','.hr','Hrvatska','Europe','Southern Europe','[{\"zoneName\":\"Europe/Zagreb\",\"gmtOffset\":3600,\"gmtOffsetName\":\"UTC+01:00\",\"abbreviation\":\"CET\",\"tzName\":\"Central European Time\"}]','{\"kr\":\"크로아티아\",\"br\":\"Croácia\",\"pt\":\"Croácia\",\"nl\":\"Kroatië\",\"hr\":\"Hrvatska\",\"fa\":\"کرواسی\",\"de\":\"Kroatien\",\"es\":\"Croacia\",\"fr\":\"Croatie\",\"ja\":\"クロアチア\",\"it\":\"Croazia\",\"cn\":\"克罗地亚\"}',45.16666666,15.50000000,'??','U+1F1ED U+1F1F7','2018-07-20 20:11:03','2021-08-01 14:37:27',1,'Q224'),(56,'Cuba','CUB','192','CU','53','Havana','CUP','$','.cu','Cuba','Americas','Caribbean','[{\"zoneName\":\"America/Havana\",\"gmtOffset\":-18000,\"gmtOffsetName\":\"UTC-05:00\",\"abbreviation\":\"CST\",\"tzName\":\"Cuba Standard Time\"}]','{\"kr\":\"쿠바\",\"br\":\"Cuba\",\"pt\":\"Cuba\",\"nl\":\"Cuba\",\"hr\":\"Kuba\",\"fa\":\"کوبا\",\"de\":\"Kuba\",\"es\":\"Cuba\",\"fr\":\"Cuba\",\"ja\":\"キューバ\",\"it\":\"Cuba\",\"cn\":\"古巴\"}',21.50000000,-80.00000000,'??','U+1F1E8 U+1F1FA','2018-07-20 20:11:03','2021-08-01 14:37:27',1,'Q241'),(57,'Cyprus','CYP','196','CY','357','Nicosia','EUR','€','.cy','Κύπρος','Europe','Southern Europe','[{\"zoneName\":\"Asia/Famagusta\",\"gmtOffset\":7200,\"gmtOffsetName\":\"UTC+02:00\",\"abbreviation\":\"EET\",\"tzName\":\"Eastern European Time\"},{\"zoneName\":\"Asia/Nicosia\",\"gmtOffset\":7200,\"gmtOffsetName\":\"UTC+02:00\",\"abbreviation\":\"EET\",\"tzName\":\"Eastern European Time\"}]','{\"kr\":\"키프로스\",\"br\":\"Chipre\",\"pt\":\"Chipre\",\"nl\":\"Cyprus\",\"hr\":\"Cipar\",\"fa\":\"قبرس\",\"de\":\"Zypern\",\"es\":\"Chipre\",\"fr\":\"Chypre\",\"ja\":\"キプロス\",\"it\":\"Cipro\",\"cn\":\"塞浦路斯\"}',35.00000000,33.00000000,'??','U+1F1E8 U+1F1FE','2018-07-20 20:11:03','2021-08-01 14:37:27',1,'Q229'),(58,'Czech Republic','CZE','203','CZ','420','Prague','CZK','Kč','.cz','Česká republika','Europe','Eastern Europe','[{\"zoneName\":\"Europe/Prague\",\"gmtOffset\":3600,\"gmtOffsetName\":\"UTC+01:00\",\"abbreviation\":\"CET\",\"tzName\":\"Central European Time\"}]','{\"kr\":\"체코\",\"br\":\"República Tcheca\",\"pt\":\"República Checa\",\"nl\":\"Tsjechië\",\"hr\":\"Češka\",\"fa\":\"جمهوری چک\",\"de\":\"Tschechische Republik\",\"es\":\"República Checa\",\"fr\":\"République tchèque\",\"ja\":\"チェコ\",\"it\":\"Repubblica Ceca\",\"cn\":\"捷克\"}',49.75000000,15.50000000,'??','U+1F1E8 U+1F1FF','2018-07-20 20:11:03','2021-08-01 14:37:27',1,'Q213'),(59,'Denmark','DNK','208','DK','45','Copenhagen','DKK','Kr.','.dk','Danmark','Europe','Northern Europe','[{\"zoneName\":\"Europe/Copenhagen\",\"gmtOffset\":3600,\"gmtOffsetName\":\"UTC+01:00\",\"abbreviation\":\"CET\",\"tzName\":\"Central European Time\"}]','{\"kr\":\"덴마크\",\"br\":\"Dinamarca\",\"pt\":\"Dinamarca\",\"nl\":\"Denemarken\",\"hr\":\"Danska\",\"fa\":\"دانمارک\",\"de\":\"Dänemark\",\"es\":\"Dinamarca\",\"fr\":\"Danemark\",\"ja\":\"デンマーク\",\"it\":\"Danimarca\",\"cn\":\"丹麦\"}',56.00000000,10.00000000,'??','U+1F1E9 U+1F1F0','2018-07-20 20:11:03','2021-08-01 14:37:27',1,'Q35'),(60,'Djibouti','DJI','262','DJ','253','Djibouti','DJF','Fdj','.dj','Djibouti','Africa','Eastern Africa','[{\"zoneName\":\"Africa/Djibouti\",\"gmtOffset\":10800,\"gmtOffsetName\":\"UTC+03:00\",\"abbreviation\":\"EAT\",\"tzName\":\"East Africa Time\"}]','{\"kr\":\"지부티\",\"br\":\"Djibuti\",\"pt\":\"Djibuti\",\"nl\":\"Djibouti\",\"hr\":\"Džibuti\",\"fa\":\"جیبوتی\",\"de\":\"Dschibuti\",\"es\":\"Yibuti\",\"fr\":\"Djibouti\",\"ja\":\"ジブチ\",\"it\":\"Gibuti\",\"cn\":\"吉布提\"}',11.50000000,43.00000000,'??','U+1F1E9 U+1F1EF','2018-07-20 20:11:03','2021-08-01 14:37:27',1,'Q977'),(61,'Dominica','DMA','212','DM','+1-767','Roseau','XCD','$','.dm','Dominica','Americas','Caribbean','[{\"zoneName\":\"America/Dominica\",\"gmtOffset\":-14400,\"gmtOffsetName\":\"UTC-04:00\",\"abbreviation\":\"AST\",\"tzName\":\"Atlantic Standard Time\"}]','{\"kr\":\"도미니카 연방\",\"br\":\"Dominica\",\"pt\":\"Dominica\",\"nl\":\"Dominica\",\"hr\":\"Dominika\",\"fa\":\"دومینیکا\",\"de\":\"Dominica\",\"es\":\"Dominica\",\"fr\":\"Dominique\",\"ja\":\"ドミニカ国\",\"it\":\"Dominica\",\"cn\":\"多米尼加\"}',15.41666666,-61.33333333,'??','U+1F1E9 U+1F1F2','2018-07-20 20:11:03','2021-08-01 14:37:27',1,'Q784'),(62,'Dominican Republic','DOM','214','DO','+1-809 and 1-829','Santo Domingo','DOP','$','.do','República Dominicana','Americas','Caribbean','[{\"zoneName\":\"America/Santo_Domingo\",\"gmtOffset\":-14400,\"gmtOffsetName\":\"UTC-04:00\",\"abbreviation\":\"AST\",\"tzName\":\"Atlantic Standard Time\"}]','{\"kr\":\"도미니카 공화국\",\"br\":\"República Dominicana\",\"pt\":\"República Dominicana\",\"nl\":\"Dominicaanse Republiek\",\"hr\":\"Dominikanska Republika\",\"fa\":\"جمهوری دومینیکن\",\"de\":\"Dominikanische Republik\",\"es\":\"República Dominicana\",\"fr\":\"République dominicaine\",\"ja\":\"ドミニカ共和国\",\"it\":\"Repubblica Dominicana\",\"cn\":\"多明尼加共和国\"}',19.00000000,-70.66666666,'??','U+1F1E9 U+1F1F4','2018-07-20 20:11:03','2021-08-01 14:37:27',1,'Q786'),(63,'East Timor','TLS','626','TL','670','Dili','USD','$','.tl','Timor-Leste','Asia','South-Eastern Asia','[{\"zoneName\":\"Asia/Dili\",\"gmtOffset\":32400,\"gmtOffsetName\":\"UTC+09:00\",\"abbreviation\":\"TLT\",\"tzName\":\"Timor Leste Time\"}]','{\"kr\":\"동티모르\",\"br\":\"Timor Leste\",\"pt\":\"Timor Leste\",\"nl\":\"Oost-Timor\",\"hr\":\"Istočni Timor\",\"fa\":\"تیمور شرقی\",\"de\":\"Timor-Leste\",\"es\":\"Timor Oriental\",\"fr\":\"Timor oriental\",\"ja\":\"東ティモール\",\"it\":\"Timor Est\",\"cn\":\"东帝汶\"}',-8.83333333,125.91666666,'??','U+1F1F9 U+1F1F1','2018-07-20 20:11:03','2021-08-01 14:37:27',1,'Q574'),(64,'Ecuador','ECU','218','EC','593','Quito','USD','$','.ec','Ecuador','Americas','South America','[{\"zoneName\":\"America/Guayaquil\",\"gmtOffset\":-18000,\"gmtOffsetName\":\"UTC-05:00\",\"abbreviation\":\"ECT\",\"tzName\":\"Ecuador Time\"},{\"zoneName\":\"Pacific/Galapagos\",\"gmtOffset\":-21600,\"gmtOffsetName\":\"UTC-06:00\",\"abbreviation\":\"GALT\",\"tzName\":\"Galápagos Time\"}]','{\"kr\":\"에콰도르\",\"br\":\"Equador\",\"pt\":\"Equador\",\"nl\":\"Ecuador\",\"hr\":\"Ekvador\",\"fa\":\"اکوادور\",\"de\":\"Ecuador\",\"es\":\"Ecuador\",\"fr\":\"Équateur\",\"ja\":\"エクアドル\",\"it\":\"Ecuador\",\"cn\":\"厄瓜多尔\"}',-2.00000000,-77.50000000,'??','U+1F1EA U+1F1E8','2018-07-20 20:11:03','2021-08-01 14:37:27',1,'Q736'),(65,'Egypt','EGY','818','EG','20','Cairo','EGP','ج.م','.eg','مصر‎','Africa','Northern Africa','[{\"zoneName\":\"Africa/Cairo\",\"gmtOffset\":7200,\"gmtOffsetName\":\"UTC+02:00\",\"abbreviation\":\"EET\",\"tzName\":\"Eastern European Time\"}]','{\"kr\":\"이집트\",\"br\":\"Egito\",\"pt\":\"Egipto\",\"nl\":\"Egypte\",\"hr\":\"Egipat\",\"fa\":\"مصر\",\"de\":\"Ägypten\",\"es\":\"Egipto\",\"fr\":\"Égypte\",\"ja\":\"エジプト\",\"it\":\"Egitto\",\"cn\":\"埃及\"}',27.00000000,30.00000000,'??','U+1F1EA U+1F1EC','2018-07-20 20:11:03','2021-08-01 14:37:27',1,'Q79'),(66,'El Salvador','SLV','222','SV','503','San Salvador','USD','$','.sv','El Salvador','Americas','Central America','[{\"zoneName\":\"America/El_Salvador\",\"gmtOffset\":-21600,\"gmtOffsetName\":\"UTC-06:00\",\"abbreviation\":\"CST\",\"tzName\":\"Central Standard Time (North America\"}]','{\"kr\":\"엘살바도르\",\"br\":\"El Salvador\",\"pt\":\"El Salvador\",\"nl\":\"El Salvador\",\"hr\":\"Salvador\",\"fa\":\"السالوادور\",\"de\":\"El Salvador\",\"es\":\"El Salvador\",\"fr\":\"Salvador\",\"ja\":\"エルサルバドル\",\"it\":\"El Salvador\",\"cn\":\"萨尔瓦多\"}',13.83333333,-88.91666666,'??','U+1F1F8 U+1F1FB','2018-07-20 20:11:03','2021-08-01 14:37:27',1,'Q792'),(67,'Equatorial Guinea','GNQ','226','GQ','240','Malabo','XAF','FCFA','.gq','Guinea Ecuatorial','Africa','Middle Africa','[{\"zoneName\":\"Africa/Malabo\",\"gmtOffset\":3600,\"gmtOffsetName\":\"UTC+01:00\",\"abbreviation\":\"WAT\",\"tzName\":\"West Africa Time\"}]','{\"kr\":\"적도 기니\",\"br\":\"Guiné Equatorial\",\"pt\":\"Guiné Equatorial\",\"nl\":\"Equatoriaal-Guinea\",\"hr\":\"Ekvatorijalna Gvineja\",\"fa\":\"گینه استوایی\",\"de\":\"Äquatorial-Guinea\",\"es\":\"Guinea Ecuatorial\",\"fr\":\"Guinée-Équatoriale\",\"ja\":\"赤道ギニア\",\"it\":\"Guinea Equatoriale\",\"cn\":\"赤道几内亚\"}',2.00000000,10.00000000,'??','U+1F1EC U+1F1F6','2018-07-20 20:11:03','2021-08-01 14:37:27',1,'Q983'),(68,'Eritrea','ERI','232','ER','291','Asmara','ERN','Nfk','.er','ኤርትራ','Africa','Eastern Africa','[{\"zoneName\":\"Africa/Asmara\",\"gmtOffset\":10800,\"gmtOffsetName\":\"UTC+03:00\",\"abbreviation\":\"EAT\",\"tzName\":\"East Africa Time\"}]','{\"kr\":\"에리트레아\",\"br\":\"Eritreia\",\"pt\":\"Eritreia\",\"nl\":\"Eritrea\",\"hr\":\"Eritreja\",\"fa\":\"اریتره\",\"de\":\"Eritrea\",\"es\":\"Eritrea\",\"fr\":\"Érythrée\",\"ja\":\"エリトリア\",\"it\":\"Eritrea\",\"cn\":\"厄立特里亚\"}',15.00000000,39.00000000,'??','U+1F1EA U+1F1F7','2018-07-20 20:11:03','2021-08-01 14:37:27',1,'Q986'),(69,'Estonia','EST','233','EE','372','Tallinn','EUR','€','.ee','Eesti','Europe','Northern Europe','[{\"zoneName\":\"Europe/Tallinn\",\"gmtOffset\":7200,\"gmtOffsetName\":\"UTC+02:00\",\"abbreviation\":\"EET\",\"tzName\":\"Eastern European Time\"}]','{\"kr\":\"에스토니아\",\"br\":\"Estônia\",\"pt\":\"Estónia\",\"nl\":\"Estland\",\"hr\":\"Estonija\",\"fa\":\"استونی\",\"de\":\"Estland\",\"es\":\"Estonia\",\"fr\":\"Estonie\",\"ja\":\"エストニア\",\"it\":\"Estonia\",\"cn\":\"爱沙尼亚\"}',59.00000000,26.00000000,'??','U+1F1EA U+1F1EA','2018-07-20 20:11:03','2021-08-01 14:37:27',1,'Q191'),(70,'Ethiopia','ETH','231','ET','251','Addis Ababa','ETB','Nkf','.et','ኢትዮጵያ','Africa','Eastern Africa','[{\"zoneName\":\"Africa/Addis_Ababa\",\"gmtOffset\":10800,\"gmtOffsetName\":\"UTC+03:00\",\"abbreviation\":\"EAT\",\"tzName\":\"East Africa Time\"}]','{\"kr\":\"에티오피아\",\"br\":\"Etiópia\",\"pt\":\"Etiópia\",\"nl\":\"Ethiopië\",\"hr\":\"Etiopija\",\"fa\":\"اتیوپی\",\"de\":\"Äthiopien\",\"es\":\"Etiopía\",\"fr\":\"Éthiopie\",\"ja\":\"エチオピア\",\"it\":\"Etiopia\",\"cn\":\"埃塞俄比亚\"}',8.00000000,38.00000000,'??','U+1F1EA U+1F1F9','2018-07-20 20:11:03','2021-08-01 14:37:27',1,'Q115'),(71,'Falkland Islands','FLK','238','FK','500','Stanley','FKP','£','.fk','Falkland Islands','Americas','South America','[{\"zoneName\":\"Atlantic/Stanley\",\"gmtOffset\":-10800,\"gmtOffsetName\":\"UTC-03:00\",\"abbreviation\":\"FKST\",\"tzName\":\"Falkland Islands Summer Time\"}]','{\"kr\":\"포클랜드 제도\",\"br\":\"Ilhas Malvinas\",\"pt\":\"Ilhas Falkland\",\"nl\":\"Falklandeilanden [Islas Malvinas]\",\"hr\":\"Falklandski Otoci\",\"fa\":\"جزایر فالکلند\",\"de\":\"Falklandinseln\",\"es\":\"Islas Malvinas\",\"fr\":\"Îles Malouines\",\"ja\":\"フォークランド（マルビナス）諸島\",\"it\":\"Isole Falkland o Isole Malvine\",\"cn\":\"福克兰群岛\"}',-51.75000000,-59.00000000,'??','U+1F1EB U+1F1F0','2018-07-20 20:11:03','2021-08-01 14:37:27',1,NULL),(72,'Faroe Islands','FRO','234','FO','298','Torshavn','DKK','Kr.','.fo','Føroyar','Europe','Northern Europe','[{\"zoneName\":\"Atlantic/Faroe\",\"gmtOffset\":0,\"gmtOffsetName\":\"UTC±00\",\"abbreviation\":\"WET\",\"tzName\":\"Western European Time\"}]','{\"kr\":\"페로 제도\",\"br\":\"Ilhas Faroé\",\"pt\":\"Ilhas Faroé\",\"nl\":\"Faeröer\",\"hr\":\"Farski Otoci\",\"fa\":\"جزایر فارو\",\"de\":\"Färöer-Inseln\",\"es\":\"Islas Faroe\",\"fr\":\"Îles Féroé\",\"ja\":\"フェロー諸島\",\"it\":\"Isole Far Oer\",\"cn\":\"法罗群岛\"}',62.00000000,-7.00000000,'??','U+1F1EB U+1F1F4','2018-07-20 20:11:03','2021-08-01 14:37:27',1,NULL),(73,'Fiji Islands','FJI','242','FJ','679','Suva','FJD','FJ$','.fj','Fiji','Oceania','Melanesia','[{\"zoneName\":\"Pacific/Fiji\",\"gmtOffset\":43200,\"gmtOffsetName\":\"UTC+12:00\",\"abbreviation\":\"FJT\",\"tzName\":\"Fiji Time\"}]','{\"kr\":\"피지\",\"br\":\"Fiji\",\"pt\":\"Fiji\",\"nl\":\"Fiji\",\"hr\":\"Fiđi\",\"fa\":\"فیجی\",\"de\":\"Fidschi\",\"es\":\"Fiyi\",\"fr\":\"Fidji\",\"ja\":\"フィジー\",\"it\":\"Figi\",\"cn\":\"斐济\"}',-18.00000000,175.00000000,'??','U+1F1EB U+1F1EF','2018-07-20 20:11:03','2021-08-01 14:37:27',1,'Q712'),(74,'Finland','FIN','246','FI','358','Helsinki','EUR','€','.fi','Suomi','Europe','Northern Europe','[{\"zoneName\":\"Europe/Helsinki\",\"gmtOffset\":7200,\"gmtOffsetName\":\"UTC+02:00\",\"abbreviation\":\"EET\",\"tzName\":\"Eastern European Time\"}]','{\"kr\":\"핀란드\",\"br\":\"Finlândia\",\"pt\":\"Finlândia\",\"nl\":\"Finland\",\"hr\":\"Finska\",\"fa\":\"فنلاند\",\"de\":\"Finnland\",\"es\":\"Finlandia\",\"fr\":\"Finlande\",\"ja\":\"フィンランド\",\"it\":\"Finlandia\",\"cn\":\"芬兰\"}',64.00000000,26.00000000,'??','U+1F1EB U+1F1EE','2018-07-20 20:11:03','2021-08-01 14:37:27',1,'Q33'),(75,'France','FRA','250','FR','33','Paris','EUR','€','.fr','France','Europe','Western Europe','[{\"zoneName\":\"Europe/Paris\",\"gmtOffset\":3600,\"gmtOffsetName\":\"UTC+01:00\",\"abbreviation\":\"CET\",\"tzName\":\"Central European Time\"}]','{\"kr\":\"프랑스\",\"br\":\"França\",\"pt\":\"França\",\"nl\":\"Frankrijk\",\"hr\":\"Francuska\",\"fa\":\"فرانسه\",\"de\":\"Frankreich\",\"es\":\"Francia\",\"fr\":\"France\",\"ja\":\"フランス\",\"it\":\"Francia\",\"cn\":\"法国\"}',46.00000000,2.00000000,'??','U+1F1EB U+1F1F7','2018-07-20 20:11:03','2021-08-01 14:37:27',1,'Q142'),(76,'French Guiana','GUF','254','GF','594','Cayenne','EUR','€','.gf','Guyane française','Americas','South America','[{\"zoneName\":\"America/Cayenne\",\"gmtOffset\":-10800,\"gmtOffsetName\":\"UTC-03:00\",\"abbreviation\":\"GFT\",\"tzName\":\"French Guiana Time\"}]','{\"kr\":\"프랑스령 기아나\",\"br\":\"Guiana Francesa\",\"pt\":\"Guiana Francesa\",\"nl\":\"Frans-Guyana\",\"hr\":\"Francuska Gvajana\",\"fa\":\"گویان فرانسه\",\"de\":\"Französisch Guyana\",\"es\":\"Guayana Francesa\",\"fr\":\"Guayane\",\"ja\":\"フランス領ギアナ\",\"it\":\"Guyana francese\",\"cn\":\"法属圭亚那\"}',4.00000000,-53.00000000,'??','U+1F1EC U+1F1EB','2018-07-20 20:11:03','2021-08-01 14:37:27',1,NULL),(77,'French Polynesia','PYF','258','PF','689','Papeete','XPF','₣','.pf','Polynésie française','Oceania','Polynesia','[{\"zoneName\":\"Pacific/Gambier\",\"gmtOffset\":-32400,\"gmtOffsetName\":\"UTC-09:00\",\"abbreviation\":\"GAMT\",\"tzName\":\"Gambier Islands Time\"},{\"zoneName\":\"Pacific/Marquesas\",\"gmtOffset\":-34200,\"gmtOffsetName\":\"UTC-09:30\",\"abbreviation\":\"MART\",\"tzName\":\"Marquesas Islands Time\"},{\"zoneName\":\"Pacific/Tahiti\",\"gmtOffset\":-36000,\"gmtOffsetName\":\"UTC-10:00\",\"abbreviation\":\"TAHT\",\"tzName\":\"Tahiti Time\"}]','{\"kr\":\"프랑스령 폴리네시아\",\"br\":\"Polinésia Francesa\",\"pt\":\"Polinésia Francesa\",\"nl\":\"Frans-Polynesië\",\"hr\":\"Francuska Polinezija\",\"fa\":\"پلی‌نزی فرانسه\",\"de\":\"Französisch-Polynesien\",\"es\":\"Polinesia Francesa\",\"fr\":\"Polynésie française\",\"ja\":\"フランス領ポリネシア\",\"it\":\"Polinesia Francese\",\"cn\":\"法属波利尼西亚\"}',-15.00000000,-140.00000000,'??','U+1F1F5 U+1F1EB','2018-07-20 20:11:03','2021-08-01 14:37:27',1,NULL),(78,'French Southern Territories','ATF','260','TF','262','Port-aux-Francais','EUR','€','.tf','Territoire des Terres australes et antarctiques fr','Africa','Southern Africa','[{\"zoneName\":\"Indian/Kerguelen\",\"gmtOffset\":18000,\"gmtOffsetName\":\"UTC+05:00\",\"abbreviation\":\"TFT\",\"tzName\":\"French Southern and Antarctic Time\"}]','{\"kr\":\"프랑스령 남방 및 남극\",\"br\":\"Terras Austrais e Antárticas Francesas\",\"pt\":\"Terras Austrais e Antárticas Francesas\",\"nl\":\"Franse Gebieden in de zuidelijke Indische Oceaan\",\"hr\":\"Francuski južni i antarktički teritoriji\",\"fa\":\"سرزمین‌های جنوبی و جنوبگانی فرانسه\",\"de\":\"Französische Süd- und Antarktisgebiete\",\"es\":\"Tierras Australes y Antárticas Francesas\",\"fr\":\"Terres australes et antarctiques françaises\",\"ja\":\"フランス領南方・南極地域\",\"it\":\"Territori Francesi del Sud\",\"cn\":\"法属南部领地\"}',-49.25000000,69.16700000,'??','U+1F1F9 U+1F1EB','2018-07-20 20:11:03','2021-08-01 14:37:27',1,NULL),(79,'Gabon','GAB','266','GA','241','Libreville','XAF','FCFA','.ga','Gabon','Africa','Middle Africa','[{\"zoneName\":\"Africa/Libreville\",\"gmtOffset\":3600,\"gmtOffsetName\":\"UTC+01:00\",\"abbreviation\":\"WAT\",\"tzName\":\"West Africa Time\"}]','{\"kr\":\"가봉\",\"br\":\"Gabão\",\"pt\":\"Gabão\",\"nl\":\"Gabon\",\"hr\":\"Gabon\",\"fa\":\"گابن\",\"de\":\"Gabun\",\"es\":\"Gabón\",\"fr\":\"Gabon\",\"ja\":\"ガボン\",\"it\":\"Gabon\",\"cn\":\"加蓬\"}',-1.00000000,11.75000000,'??','U+1F1EC U+1F1E6','2018-07-20 20:11:03','2021-08-01 14:37:27',1,'Q1000'),(80,'Gambia The','GMB','270','GM','220','Banjul','GMD','D','.gm','Gambia','Africa','Western Africa','[{\"zoneName\":\"Africa/Banjul\",\"gmtOffset\":0,\"gmtOffsetName\":\"UTC±00\",\"abbreviation\":\"GMT\",\"tzName\":\"Greenwich Mean Time\"}]','{\"kr\":\"감비아\",\"br\":\"Gâmbia\",\"pt\":\"Gâmbia\",\"nl\":\"Gambia\",\"hr\":\"Gambija\",\"fa\":\"گامبیا\",\"de\":\"Gambia\",\"es\":\"Gambia\",\"fr\":\"Gambie\",\"ja\":\"ガンビア\",\"it\":\"Gambia\",\"cn\":\"冈比亚\"}',13.46666666,-16.56666666,'??','U+1F1EC U+1F1F2','2018-07-20 20:11:03','2021-08-01 14:37:27',1,'Q1005'),(81,'Georgia','GEO','268','GE','995','Tbilisi','GEL','ლ','.ge','საქართველო','Asia','Western Asia','[{\"zoneName\":\"Asia/Tbilisi\",\"gmtOffset\":14400,\"gmtOffsetName\":\"UTC+04:00\",\"abbreviation\":\"GET\",\"tzName\":\"Georgia Standard Time\"}]','{\"kr\":\"조지아\",\"br\":\"Geórgia\",\"pt\":\"Geórgia\",\"nl\":\"Georgië\",\"hr\":\"Gruzija\",\"fa\":\"گرجستان\",\"de\":\"Georgien\",\"es\":\"Georgia\",\"fr\":\"Géorgie\",\"ja\":\"グルジア\",\"it\":\"Georgia\",\"cn\":\"格鲁吉亚\"}',42.00000000,43.50000000,'??','U+1F1EC U+1F1EA','2018-07-20 20:11:03','2021-08-01 14:37:27',1,'Q230'),(82,'Germany','DEU','276','DE','49','Berlin','EUR','€','.de','Deutschland','Europe','Western Europe','[{\"zoneName\":\"Europe/Berlin\",\"gmtOffset\":3600,\"gmtOffsetName\":\"UTC+01:00\",\"abbreviation\":\"CET\",\"tzName\":\"Central European Time\"},{\"zoneName\":\"Europe/Busingen\",\"gmtOffset\":3600,\"gmtOffsetName\":\"UTC+01:00\",\"abbreviation\":\"CET\",\"tzName\":\"Central European Time\"}]','{\"kr\":\"독일\",\"br\":\"Alemanha\",\"pt\":\"Alemanha\",\"nl\":\"Duitsland\",\"hr\":\"Njemačka\",\"fa\":\"آلمان\",\"de\":\"Deutschland\",\"es\":\"Alemania\",\"fr\":\"Allemagne\",\"ja\":\"ドイツ\",\"it\":\"Germania\",\"cn\":\"德国\"}',51.00000000,9.00000000,'??','U+1F1E9 U+1F1EA','2018-07-20 20:11:03','2021-08-01 14:37:27',1,'Q183'),(83,'Ghana','GHA','288','GH','233','Accra','GHS','GH₵','.gh','Ghana','Africa','Western Africa','[{\"zoneName\":\"Africa/Accra\",\"gmtOffset\":0,\"gmtOffsetName\":\"UTC±00\",\"abbreviation\":\"GMT\",\"tzName\":\"Greenwich Mean Time\"}]','{\"kr\":\"가나\",\"br\":\"Gana\",\"pt\":\"Gana\",\"nl\":\"Ghana\",\"hr\":\"Gana\",\"fa\":\"غنا\",\"de\":\"Ghana\",\"es\":\"Ghana\",\"fr\":\"Ghana\",\"ja\":\"ガーナ\",\"it\":\"Ghana\",\"cn\":\"加纳\"}',8.00000000,-2.00000000,'??','U+1F1EC U+1F1ED','2018-07-20 20:11:03','2021-08-01 14:37:27',1,'Q117'),(84,'Gibraltar','GIB','292','GI','350','Gibraltar','GIP','£','.gi','Gibraltar','Europe','Southern Europe','[{\"zoneName\":\"Europe/Gibraltar\",\"gmtOffset\":3600,\"gmtOffsetName\":\"UTC+01:00\",\"abbreviation\":\"CET\",\"tzName\":\"Central European Time\"}]','{\"kr\":\"지브롤터\",\"br\":\"Gibraltar\",\"pt\":\"Gibraltar\",\"nl\":\"Gibraltar\",\"hr\":\"Gibraltar\",\"fa\":\"جبل‌طارق\",\"de\":\"Gibraltar\",\"es\":\"Gibraltar\",\"fr\":\"Gibraltar\",\"ja\":\"ジブラルタル\",\"it\":\"Gibilterra\",\"cn\":\"直布罗陀\"}',36.13333333,-5.35000000,'??','U+1F1EC U+1F1EE','2018-07-20 20:11:03','2021-08-01 14:37:27',1,NULL),(85,'Greece','GRC','300','GR','30','Athens','EUR','€','.gr','Ελλάδα','Europe','Southern Europe','[{\"zoneName\":\"Europe/Athens\",\"gmtOffset\":7200,\"gmtOffsetName\":\"UTC+02:00\",\"abbreviation\":\"EET\",\"tzName\":\"Eastern European Time\"}]','{\"kr\":\"그리스\",\"br\":\"Grécia\",\"pt\":\"Grécia\",\"nl\":\"Griekenland\",\"hr\":\"Grčka\",\"fa\":\"یونان\",\"de\":\"Griechenland\",\"es\":\"Grecia\",\"fr\":\"Grèce\",\"ja\":\"ギリシャ\",\"it\":\"Grecia\",\"cn\":\"希腊\"}',39.00000000,22.00000000,'??','U+1F1EC U+1F1F7','2018-07-20 20:11:03','2021-08-01 14:37:27',1,'Q41'),(86,'Greenland','GRL','304','GL','299','Nuuk','DKK','Kr.','.gl','Kalaallit Nunaat','Americas','Northern America','[{\"zoneName\":\"America/Danmarkshavn\",\"gmtOffset\":0,\"gmtOffsetName\":\"UTC±00\",\"abbreviation\":\"GMT\",\"tzName\":\"Greenwich Mean Time\"},{\"zoneName\":\"America/Nuuk\",\"gmtOffset\":-10800,\"gmtOffsetName\":\"UTC-03:00\",\"abbreviation\":\"WGT\",\"tzName\":\"West Greenland Time\"},{\"zoneName\":\"America/Scoresbysund\",\"gmtOffset\":-3600,\"gmtOffsetName\":\"UTC-01:00\",\"abbreviation\":\"EGT\",\"tzName\":\"Eastern Greenland Time\"},{\"zoneName\":\"America/Thule\",\"gmtOffset\":-14400,\"gmtOffsetName\":\"UTC-04:00\",\"abbreviation\":\"AST\",\"tzName\":\"Atlantic Standard Time\"}]','{\"kr\":\"그린란드\",\"br\":\"Groelândia\",\"pt\":\"Gronelândia\",\"nl\":\"Groenland\",\"hr\":\"Grenland\",\"fa\":\"گرینلند\",\"de\":\"Grönland\",\"es\":\"Groenlandia\",\"fr\":\"Groenland\",\"ja\":\"グリーンランド\",\"it\":\"Groenlandia\",\"cn\":\"格陵兰岛\"}',72.00000000,-40.00000000,'??','U+1F1EC U+1F1F1','2018-07-20 20:11:03','2021-08-01 14:37:27',1,NULL),(87,'Grenada','GRD','308','GD','+1-473','St. George\'s','XCD','$','.gd','Grenada','Americas','Caribbean','[{\"zoneName\":\"America/Grenada\",\"gmtOffset\":-14400,\"gmtOffsetName\":\"UTC-04:00\",\"abbreviation\":\"AST\",\"tzName\":\"Atlantic Standard Time\"}]','{\"kr\":\"그레나다\",\"br\":\"Granada\",\"pt\":\"Granada\",\"nl\":\"Grenada\",\"hr\":\"Grenada\",\"fa\":\"گرنادا\",\"de\":\"Grenada\",\"es\":\"Grenada\",\"fr\":\"Grenade\",\"ja\":\"グレナダ\",\"it\":\"Grenada\",\"cn\":\"格林纳达\"}',12.11666666,-61.66666666,'??','U+1F1EC U+1F1E9','2018-07-20 20:11:03','2021-08-01 14:37:27',1,'Q769'),(88,'Guadeloupe','GLP','312','GP','590','Basse-Terre','EUR','€','.gp','Guadeloupe','Americas','Caribbean','[{\"zoneName\":\"America/Guadeloupe\",\"gmtOffset\":-14400,\"gmtOffsetName\":\"UTC-04:00\",\"abbreviation\":\"AST\",\"tzName\":\"Atlantic Standard Time\"}]','{\"kr\":\"과들루프\",\"br\":\"Guadalupe\",\"pt\":\"Guadalupe\",\"nl\":\"Guadeloupe\",\"hr\":\"Gvadalupa\",\"fa\":\"جزیره گوادلوپ\",\"de\":\"Guadeloupe\",\"es\":\"Guadalupe\",\"fr\":\"Guadeloupe\",\"ja\":\"グアドループ\",\"it\":\"Guadeloupa\",\"cn\":\"瓜德罗普岛\"}',16.25000000,-61.58333300,'??','U+1F1EC U+1F1F5','2018-07-20 20:11:03','2021-08-01 14:37:27',1,NULL),(89,'Guam','GUM','316','GU','+1-671','Hagatna','USD','$','.gu','Guam','Oceania','Micronesia','[{\"zoneName\":\"Pacific/Guam\",\"gmtOffset\":36000,\"gmtOffsetName\":\"UTC+10:00\",\"abbreviation\":\"CHST\",\"tzName\":\"Chamorro Standard Time\"}]','{\"kr\":\"괌\",\"br\":\"Guam\",\"pt\":\"Guame\",\"nl\":\"Guam\",\"hr\":\"Guam\",\"fa\":\"گوام\",\"de\":\"Guam\",\"es\":\"Guam\",\"fr\":\"Guam\",\"ja\":\"グアム\",\"it\":\"Guam\",\"cn\":\"关岛\"}',13.46666666,144.78333333,'??','U+1F1EC U+1F1FA','2018-07-20 20:11:03','2021-08-01 14:37:27',1,NULL),(90,'Guatemala','GTM','320','GT','502','Guatemala City','GTQ','Q','.gt','Guatemala','Americas','Central America','[{\"zoneName\":\"America/Guatemala\",\"gmtOffset\":-21600,\"gmtOffsetName\":\"UTC-06:00\",\"abbreviation\":\"CST\",\"tzName\":\"Central Standard Time (North America\"}]','{\"kr\":\"과테말라\",\"br\":\"Guatemala\",\"pt\":\"Guatemala\",\"nl\":\"Guatemala\",\"hr\":\"Gvatemala\",\"fa\":\"گواتمالا\",\"de\":\"Guatemala\",\"es\":\"Guatemala\",\"fr\":\"Guatemala\",\"ja\":\"グアテマラ\",\"it\":\"Guatemala\",\"cn\":\"危地马拉\"}',15.50000000,-90.25000000,'??','U+1F1EC U+1F1F9','2018-07-20 20:11:03','2021-08-01 14:37:27',1,'Q774'),(91,'Guernsey and Alderney','GGY','831','GG','+44-1481','St Peter Port','GBP','£','.gg','Guernsey','Europe','Northern Europe','[{\"zoneName\":\"Europe/Guernsey\",\"gmtOffset\":0,\"gmtOffsetName\":\"UTC±00\",\"abbreviation\":\"GMT\",\"tzName\":\"Greenwich Mean Time\"}]','{\"kr\":\"건지, 올더니\",\"br\":\"Guernsey\",\"pt\":\"Guernsey\",\"nl\":\"Guernsey\",\"hr\":\"Guernsey\",\"fa\":\"گرنزی\",\"de\":\"Guernsey\",\"es\":\"Guernsey\",\"fr\":\"Guernesey\",\"ja\":\"ガーンジー\",\"it\":\"Guernsey\",\"cn\":\"根西岛\"}',49.46666666,-2.58333333,'??','U+1F1EC U+1F1EC','2018-07-20 20:11:03','2021-08-01 14:37:27',1,NULL),(92,'Guinea','GIN','324','GN','224','Conakry','GNF','FG','.gn','Guinée','Africa','Western Africa','[{\"zoneName\":\"Africa/Conakry\",\"gmtOffset\":0,\"gmtOffsetName\":\"UTC±00\",\"abbreviation\":\"GMT\",\"tzName\":\"Greenwich Mean Time\"}]','{\"kr\":\"기니\",\"br\":\"Guiné\",\"pt\":\"Guiné\",\"nl\":\"Guinee\",\"hr\":\"Gvineja\",\"fa\":\"گینه\",\"de\":\"Guinea\",\"es\":\"Guinea\",\"fr\":\"Guinée\",\"ja\":\"ギニア\",\"it\":\"Guinea\",\"cn\":\"几内亚\"}',11.00000000,-10.00000000,'??','U+1F1EC U+1F1F3','2018-07-20 20:11:03','2021-08-01 14:37:27',1,'Q1006'),(93,'Guinea-Bissau','GNB','624','GW','245','Bissau','XOF','CFA','.gw','Guiné-Bissau','Africa','Western Africa','[{\"zoneName\":\"Africa/Bissau\",\"gmtOffset\":0,\"gmtOffsetName\":\"UTC±00\",\"abbreviation\":\"GMT\",\"tzName\":\"Greenwich Mean Time\"}]','{\"kr\":\"기니비사우\",\"br\":\"Guiné-Bissau\",\"pt\":\"Guiné-Bissau\",\"nl\":\"Guinee-Bissau\",\"hr\":\"Gvineja Bisau\",\"fa\":\"گینه بیسائو\",\"de\":\"Guinea-Bissau\",\"es\":\"Guinea-Bisáu\",\"fr\":\"Guinée-Bissau\",\"ja\":\"ギニアビサウ\",\"it\":\"Guinea-Bissau\",\"cn\":\"几内亚比绍\"}',12.00000000,-15.00000000,'??','U+1F1EC U+1F1FC','2018-07-20 20:11:03','2021-08-01 14:37:27',1,'Q1007'),(94,'Guyana','GUY','328','GY','592','Georgetown','GYD','$','.gy','Guyana','Americas','South America','[{\"zoneName\":\"America/Guyana\",\"gmtOffset\":-14400,\"gmtOffsetName\":\"UTC-04:00\",\"abbreviation\":\"GYT\",\"tzName\":\"Guyana Time\"}]','{\"kr\":\"가이아나\",\"br\":\"Guiana\",\"pt\":\"Guiana\",\"nl\":\"Guyana\",\"hr\":\"Gvajana\",\"fa\":\"گویان\",\"de\":\"Guyana\",\"es\":\"Guyana\",\"fr\":\"Guyane\",\"ja\":\"ガイアナ\",\"it\":\"Guyana\",\"cn\":\"圭亚那\"}',5.00000000,-59.00000000,'??','U+1F1EC U+1F1FE','2018-07-20 20:11:03','2021-08-01 14:37:27',1,'Q734'),(95,'Haiti','HTI','332','HT','509','Port-au-Prince','HTG','G','.ht','Haïti','Americas','Caribbean','[{\"zoneName\":\"America/Port-au-Prince\",\"gmtOffset\":-18000,\"gmtOffsetName\":\"UTC-05:00\",\"abbreviation\":\"EST\",\"tzName\":\"Eastern Standard Time (North America\"}]','{\"kr\":\"아이티\",\"br\":\"Haiti\",\"pt\":\"Haiti\",\"nl\":\"Haïti\",\"hr\":\"Haiti\",\"fa\":\"هائیتی\",\"de\":\"Haiti\",\"es\":\"Haiti\",\"fr\":\"Haïti\",\"ja\":\"ハイチ\",\"it\":\"Haiti\",\"cn\":\"海地\"}',19.00000000,-72.41666666,'??','U+1F1ED U+1F1F9','2018-07-20 20:11:03','2021-08-01 14:37:27',1,'Q790'),(96,'Heard Island and McDonald Islands','HMD','334','HM','672','','AUD','$','.hm','Heard Island and McDonald Islands','','','[{\"zoneName\":\"Indian/Kerguelen\",\"gmtOffset\":18000,\"gmtOffsetName\":\"UTC+05:00\",\"abbreviation\":\"TFT\",\"tzName\":\"French Southern and Antarctic Time\"}]','{\"kr\":\"허드 맥도날드 제도\",\"br\":\"Ilha Heard e Ilhas McDonald\",\"pt\":\"Ilha Heard e Ilhas McDonald\",\"nl\":\"Heard- en McDonaldeilanden\",\"hr\":\"Otok Heard i otočje McDonald\",\"fa\":\"جزیره هرد و جزایر مک‌دونالد\",\"de\":\"Heard und die McDonaldinseln\",\"es\":\"Islas Heard y McDonald\",\"fr\":\"Îles Heard-et-MacDonald\",\"ja\":\"ハード島とマクドナルド諸島\",\"it\":\"Isole Heard e McDonald\",\"cn\":\"赫德·唐纳岛及麦唐纳岛\"}',-53.10000000,72.51666666,'??','U+1F1ED U+1F1F2','2018-07-20 20:11:03','2021-08-01 14:37:27',1,NULL),(97,'Honduras','HND','340','HN','504','Tegucigalpa','HNL','L','.hn','Honduras','Americas','Central America','[{\"zoneName\":\"America/Tegucigalpa\",\"gmtOffset\":-21600,\"gmtOffsetName\":\"UTC-06:00\",\"abbreviation\":\"CST\",\"tzName\":\"Central Standard Time (North America\"}]','{\"kr\":\"온두라스\",\"br\":\"Honduras\",\"pt\":\"Honduras\",\"nl\":\"Honduras\",\"hr\":\"Honduras\",\"fa\":\"هندوراس\",\"de\":\"Honduras\",\"es\":\"Honduras\",\"fr\":\"Honduras\",\"ja\":\"ホンジュラス\",\"it\":\"Honduras\",\"cn\":\"洪都拉斯\"}',15.00000000,-86.50000000,'??','U+1F1ED U+1F1F3','2018-07-20 20:11:03','2021-08-01 14:37:27',1,'Q783'),(98,'Hong Kong S.A.R.','HKG','344','HK','852','Hong Kong','HKD','$','.hk','香港','Asia','Eastern Asia','[{\"zoneName\":\"Asia/Hong_Kong\",\"gmtOffset\":28800,\"gmtOffsetName\":\"UTC+08:00\",\"abbreviation\":\"HKT\",\"tzName\":\"Hong Kong Time\"}]','{\"kr\":\"홍콩\",\"br\":\"Hong Kong\",\"pt\":\"Hong Kong\",\"nl\":\"Hongkong\",\"hr\":\"Hong Kong\",\"fa\":\"هنگ‌کنگ\",\"de\":\"Hong Kong\",\"es\":\"Hong Kong\",\"fr\":\"Hong Kong\",\"ja\":\"香港\",\"it\":\"Hong Kong\",\"cn\":\"中国香港\"}',22.25000000,114.16666666,'??','U+1F1ED U+1F1F0','2018-07-20 20:11:03','2021-08-01 14:37:27',1,'Q8646'),(99,'Hungary','HUN','348','HU','36','Budapest','HUF','Ft','.hu','Magyarország','Europe','Eastern Europe','[{\"zoneName\":\"Europe/Budapest\",\"gmtOffset\":3600,\"gmtOffsetName\":\"UTC+01:00\",\"abbreviation\":\"CET\",\"tzName\":\"Central European Time\"}]','{\"kr\":\"헝가리\",\"br\":\"Hungria\",\"pt\":\"Hungria\",\"nl\":\"Hongarije\",\"hr\":\"Mađarska\",\"fa\":\"مجارستان\",\"de\":\"Ungarn\",\"es\":\"Hungría\",\"fr\":\"Hongrie\",\"ja\":\"ハンガリー\",\"it\":\"Ungheria\",\"cn\":\"匈牙利\"}',47.00000000,20.00000000,'??','U+1F1ED U+1F1FA','2018-07-20 20:11:03','2021-08-01 14:37:27',1,'Q28'),(100,'Iceland','ISL','352','IS','354','Reykjavik','ISK','kr','.is','Ísland','Europe','Northern Europe','[{\"zoneName\":\"Atlantic/Reykjavik\",\"gmtOffset\":0,\"gmtOffsetName\":\"UTC±00\",\"abbreviation\":\"GMT\",\"tzName\":\"Greenwich Mean Time\"}]','{\"kr\":\"아이슬란드\",\"br\":\"Islândia\",\"pt\":\"Islândia\",\"nl\":\"IJsland\",\"hr\":\"Island\",\"fa\":\"ایسلند\",\"de\":\"Island\",\"es\":\"Islandia\",\"fr\":\"Islande\",\"ja\":\"アイスランド\",\"it\":\"Islanda\",\"cn\":\"冰岛\"}',65.00000000,-18.00000000,'??','U+1F1EE U+1F1F8','2018-07-20 20:11:03','2021-08-01 14:37:27',1,'Q189'),(101,'India','IND','356','IN','91','New Delhi','INR','₹','.in','भारत','Asia','Southern Asia','[{\"zoneName\":\"Asia/Kolkata\",\"gmtOffset\":19800,\"gmtOffsetName\":\"UTC+05:30\",\"abbreviation\":\"IST\",\"tzName\":\"Indian Standard Time\"}]','{\"kr\":\"인도\",\"br\":\"Índia\",\"pt\":\"Índia\",\"nl\":\"India\",\"hr\":\"Indija\",\"fa\":\"هند\",\"de\":\"Indien\",\"es\":\"India\",\"fr\":\"Inde\",\"ja\":\"インド\",\"it\":\"India\",\"cn\":\"印度\"}',20.00000000,77.00000000,'??','U+1F1EE U+1F1F3','2018-07-20 20:11:03','2021-08-01 14:37:27',1,'Q668'),(102,'Indonesia','IDN','360','ID','62','Jakarta','IDR','Rp','.id','Indonesia','Asia','South-Eastern Asia','[{\"zoneName\":\"Asia/Jakarta\",\"gmtOffset\":25200,\"gmtOffsetName\":\"UTC+07:00\",\"abbreviation\":\"WIB\",\"tzName\":\"Western Indonesian Time\"},{\"zoneName\":\"Asia/Jayapura\",\"gmtOffset\":32400,\"gmtOffsetName\":\"UTC+09:00\",\"abbreviation\":\"WIT\",\"tzName\":\"Eastern Indonesian Time\"},{\"zoneName\":\"Asia/Makassar\",\"gmtOffset\":28800,\"gmtOffsetName\":\"UTC+08:00\",\"abbreviation\":\"WITA\",\"tzName\":\"Central Indonesia Time\"},{\"zoneName\":\"Asia/Pontianak\",\"gmtOffset\":25200,\"gmtOffsetName\":\"UTC+07:00\",\"abbreviation\":\"WIB\",\"tzName\":\"Western Indonesian Time\"}]','{\"kr\":\"인도네시아\",\"br\":\"Indonésia\",\"pt\":\"Indonésia\",\"nl\":\"Indonesië\",\"hr\":\"Indonezija\",\"fa\":\"اندونزی\",\"de\":\"Indonesien\",\"es\":\"Indonesia\",\"fr\":\"Indonésie\",\"ja\":\"インドネシア\",\"it\":\"Indonesia\",\"cn\":\"印度尼西亚\"}',-5.00000000,120.00000000,'??','U+1F1EE U+1F1E9','2018-07-20 20:11:03','2021-08-01 14:37:27',1,'Q252'),(103,'Iran','IRN','364','IR','98','Tehran','IRR','﷼','.ir','ایران','Asia','Southern Asia','[{\"zoneName\":\"Asia/Tehran\",\"gmtOffset\":12600,\"gmtOffsetName\":\"UTC+03:30\",\"abbreviation\":\"IRDT\",\"tzName\":\"Iran Daylight Time\"}]','{\"kr\":\"이란\",\"br\":\"Irã\",\"pt\":\"Irão\",\"nl\":\"Iran\",\"hr\":\"Iran\",\"fa\":\"ایران\",\"de\":\"Iran\",\"es\":\"Iran\",\"fr\":\"Iran\",\"ja\":\"イラン・イスラム共和国\",\"cn\":\"伊朗\"}',32.00000000,53.00000000,'??','U+1F1EE U+1F1F7','2018-07-20 20:11:03','2021-08-01 14:37:27',1,'Q794'),(104,'Iraq','IRQ','368','IQ','964','Baghdad','IQD','د.ع','.iq','العراق','Asia','Western Asia','[{\"zoneName\":\"Asia/Baghdad\",\"gmtOffset\":10800,\"gmtOffsetName\":\"UTC+03:00\",\"abbreviation\":\"AST\",\"tzName\":\"Arabia Standard Time\"}]','{\"kr\":\"이라크\",\"br\":\"Iraque\",\"pt\":\"Iraque\",\"nl\":\"Irak\",\"hr\":\"Irak\",\"fa\":\"عراق\",\"de\":\"Irak\",\"es\":\"Irak\",\"fr\":\"Irak\",\"ja\":\"イラク\",\"it\":\"Iraq\",\"cn\":\"伊拉克\"}',33.00000000,44.00000000,'??','U+1F1EE U+1F1F6','2018-07-20 20:11:03','2021-08-01 14:37:27',1,'Q796'),(105,'Ireland','IRL','372','IE','353','Dublin','EUR','€','.ie','Éire','Europe','Northern Europe','[{\"zoneName\":\"Europe/Dublin\",\"gmtOffset\":0,\"gmtOffsetName\":\"UTC±00\",\"abbreviation\":\"GMT\",\"tzName\":\"Greenwich Mean Time\"}]','{\"kr\":\"아일랜드\",\"br\":\"Irlanda\",\"pt\":\"Irlanda\",\"nl\":\"Ierland\",\"hr\":\"Irska\",\"fa\":\"ایرلند\",\"de\":\"Irland\",\"es\":\"Irlanda\",\"fr\":\"Irlande\",\"ja\":\"アイルランド\",\"it\":\"Irlanda\",\"cn\":\"爱尔兰\"}',53.00000000,-8.00000000,'??','U+1F1EE U+1F1EA','2018-07-20 20:11:03','2021-08-01 14:37:27',1,'Q27'),(106,'Israel','ISR','376','IL','972','Jerusalem','ILS','₪','.il','יִשְׂרָאֵל','Asia','Western Asia','[{\"zoneName\":\"Asia/Jerusalem\",\"gmtOffset\":7200,\"gmtOffsetName\":\"UTC+02:00\",\"abbreviation\":\"IST\",\"tzName\":\"Israel Standard Time\"}]','{\"kr\":\"이스라엘\",\"br\":\"Israel\",\"pt\":\"Israel\",\"nl\":\"Israël\",\"hr\":\"Izrael\",\"fa\":\"اسرائیل\",\"de\":\"Israel\",\"es\":\"Israel\",\"fr\":\"Israël\",\"ja\":\"イスラエル\",\"it\":\"Israele\",\"cn\":\"以色列\"}',31.50000000,34.75000000,'??','U+1F1EE U+1F1F1','2018-07-20 20:11:03','2021-08-01 14:37:27',1,'Q801'),(107,'Italy','ITA','380','IT','39','Rome','EUR','€','.it','Italia','Europe','Southern Europe','[{\"zoneName\":\"Europe/Rome\",\"gmtOffset\":3600,\"gmtOffsetName\":\"UTC+01:00\",\"abbreviation\":\"CET\",\"tzName\":\"Central European Time\"}]','{\"kr\":\"이탈리아\",\"br\":\"Itália\",\"pt\":\"Itália\",\"nl\":\"Italië\",\"hr\":\"Italija\",\"fa\":\"ایتالیا\",\"de\":\"Italien\",\"es\":\"Italia\",\"fr\":\"Italie\",\"ja\":\"イタリア\",\"it\":\"Italia\",\"cn\":\"意大利\"}',42.83333333,12.83333333,'??','U+1F1EE U+1F1F9','2018-07-20 20:11:03','2021-08-01 14:37:27',1,'Q38'),(108,'Jamaica','JAM','388','JM','+1-876','Kingston','JMD','J$','.jm','Jamaica','Americas','Caribbean','[{\"zoneName\":\"America/Jamaica\",\"gmtOffset\":-18000,\"gmtOffsetName\":\"UTC-05:00\",\"abbreviation\":\"EST\",\"tzName\":\"Eastern Standard Time (North America\"}]','{\"kr\":\"자메이카\",\"br\":\"Jamaica\",\"pt\":\"Jamaica\",\"nl\":\"Jamaica\",\"hr\":\"Jamajka\",\"fa\":\"جامائیکا\",\"de\":\"Jamaika\",\"es\":\"Jamaica\",\"fr\":\"Jamaïque\",\"ja\":\"ジャマイカ\",\"it\":\"Giamaica\",\"cn\":\"牙买加\"}',18.25000000,-77.50000000,'??','U+1F1EF U+1F1F2','2018-07-20 20:11:03','2021-08-01 14:37:27',1,'Q766'),(109,'Japan','JPN','392','JP','81','Tokyo','JPY','¥','.jp','日本','Asia','Eastern Asia','[{\"zoneName\":\"Asia/Tokyo\",\"gmtOffset\":32400,\"gmtOffsetName\":\"UTC+09:00\",\"abbreviation\":\"JST\",\"tzName\":\"Japan Standard Time\"}]','{\"kr\":\"일본\",\"br\":\"Japão\",\"pt\":\"Japão\",\"nl\":\"Japan\",\"hr\":\"Japan\",\"fa\":\"ژاپن\",\"de\":\"Japan\",\"es\":\"Japón\",\"fr\":\"Japon\",\"ja\":\"日本\",\"it\":\"Giappone\",\"cn\":\"日本\"}',36.00000000,138.00000000,'??','U+1F1EF U+1F1F5','2018-07-20 20:11:03','2021-08-01 14:37:27',1,'Q17'),(110,'Jersey','JEY','832','JE','+44-1534','Saint Helier','GBP','£','.je','Jersey','Europe','Northern Europe','[{\"zoneName\":\"Europe/Jersey\",\"gmtOffset\":0,\"gmtOffsetName\":\"UTC±00\",\"abbreviation\":\"GMT\",\"tzName\":\"Greenwich Mean Time\"}]','{\"kr\":\"저지 섬\",\"br\":\"Jersey\",\"pt\":\"Jersey\",\"nl\":\"Jersey\",\"hr\":\"Jersey\",\"fa\":\"جرزی\",\"de\":\"Jersey\",\"es\":\"Jersey\",\"fr\":\"Jersey\",\"ja\":\"ジャージー\",\"it\":\"Isola di Jersey\",\"cn\":\"泽西岛\"}',49.25000000,-2.16666666,'??','U+1F1EF U+1F1EA','2018-07-20 20:11:03','2021-08-01 14:37:27',1,'Q785'),(111,'Jordan','JOR','400','JO','962','Amman','JOD','ا.د','.jo','الأردن','Asia','Western Asia','[{\"zoneName\":\"Asia/Amman\",\"gmtOffset\":7200,\"gmtOffsetName\":\"UTC+02:00\",\"abbreviation\":\"EET\",\"tzName\":\"Eastern European Time\"}]','{\"kr\":\"요르단\",\"br\":\"Jordânia\",\"pt\":\"Jordânia\",\"nl\":\"Jordanië\",\"hr\":\"Jordan\",\"fa\":\"اردن\",\"de\":\"Jordanien\",\"es\":\"Jordania\",\"fr\":\"Jordanie\",\"ja\":\"ヨルダン\",\"it\":\"Giordania\",\"cn\":\"约旦\"}',31.00000000,36.00000000,'??','U+1F1EF U+1F1F4','2018-07-20 20:11:03','2021-08-01 14:37:27',1,'Q810'),(112,'Kazakhstan','KAZ','398','KZ','7','Astana','KZT','лв','.kz','Қазақстан','Asia','Central Asia','[{\"zoneName\":\"Asia/Almaty\",\"gmtOffset\":21600,\"gmtOffsetName\":\"UTC+06:00\",\"abbreviation\":\"ALMT\",\"tzName\":\"Alma-Ata Time[1\"},{\"zoneName\":\"Asia/Aqtau\",\"gmtOffset\":18000,\"gmtOffsetName\":\"UTC+05:00\",\"abbreviation\":\"AQTT\",\"tzName\":\"Aqtobe Time\"},{\"zoneName\":\"Asia/Aqtobe\",\"gmtOffset\":18000,\"gmtOffsetName\":\"UTC+05:00\",\"abbreviation\":\"AQTT\",\"tzName\":\"Aqtobe Time\"},{\"zoneName\":\"Asia/Atyrau\",\"gmtOffset\":18000,\"gmtOffsetName\":\"UTC+05:00\",\"abbreviation\":\"MSD+1\",\"tzName\":\"Moscow Daylight Time+1\"},{\"zoneName\":\"Asia/Oral\",\"gmtOffset\":18000,\"gmtOffsetName\":\"UTC+05:00\",\"abbreviation\":\"ORAT\",\"tzName\":\"Oral Time\"},{\"zoneName\":\"Asia/Qostanay\",\"gmtOffset\":21600,\"gmtOffsetName\":\"UTC+06:00\",\"abbreviation\":\"QYZST\",\"tzName\":\"Qyzylorda Summer Time\"},{\"zoneName\":\"Asia/Qyzylorda\",\"gmtOffset\":18000,\"gmtOffsetName\":\"UTC+05:00\",\"abbreviation\":\"QYZT\",\"tzName\":\"Qyzylorda Summer Time\"}]','{\"kr\":\"카자흐스탄\",\"br\":\"Cazaquistão\",\"pt\":\"Cazaquistão\",\"nl\":\"Kazachstan\",\"hr\":\"Kazahstan\",\"fa\":\"قزاقستان\",\"de\":\"Kasachstan\",\"es\":\"Kazajistán\",\"fr\":\"Kazakhstan\",\"ja\":\"カザフスタン\",\"it\":\"Kazakistan\",\"cn\":\"哈萨克斯坦\"}',48.00000000,68.00000000,'??','U+1F1F0 U+1F1FF','2018-07-20 20:11:03','2021-08-01 14:37:27',1,'Q232'),(113,'Kenya','KEN','404','KE','254','Nairobi','KES','KSh','.ke','Kenya','Africa','Eastern Africa','[{\"zoneName\":\"Africa/Nairobi\",\"gmtOffset\":10800,\"gmtOffsetName\":\"UTC+03:00\",\"abbreviation\":\"EAT\",\"tzName\":\"East Africa Time\"}]','{\"kr\":\"케냐\",\"br\":\"Quênia\",\"pt\":\"Quénia\",\"nl\":\"Kenia\",\"hr\":\"Kenija\",\"fa\":\"کنیا\",\"de\":\"Kenia\",\"es\":\"Kenia\",\"fr\":\"Kenya\",\"ja\":\"ケニア\",\"it\":\"Kenya\",\"cn\":\"肯尼亚\"}',1.00000000,38.00000000,'??','U+1F1F0 U+1F1EA','2018-07-20 20:11:03','2021-08-01 14:37:27',1,'Q114'),(114,'Kiribati','KIR','296','KI','686','Tarawa','AUD','$','.ki','Kiribati','Oceania','Micronesia','[{\"zoneName\":\"Pacific/Enderbury\",\"gmtOffset\":46800,\"gmtOffsetName\":\"UTC+13:00\",\"abbreviation\":\"PHOT\",\"tzName\":\"Phoenix Island Time\"},{\"zoneName\":\"Pacific/Kiritimati\",\"gmtOffset\":50400,\"gmtOffsetName\":\"UTC+14:00\",\"abbreviation\":\"LINT\",\"tzName\":\"Line Islands Time\"},{\"zoneName\":\"Pacific/Tarawa\",\"gmtOffset\":43200,\"gmtOffsetName\":\"UTC+12:00\",\"abbreviation\":\"GILT\",\"tzName\":\"Gilbert Island Time\"}]','{\"kr\":\"키리바시\",\"br\":\"Kiribati\",\"pt\":\"Quiribáti\",\"nl\":\"Kiribati\",\"hr\":\"Kiribati\",\"fa\":\"کیریباتی\",\"de\":\"Kiribati\",\"es\":\"Kiribati\",\"fr\":\"Kiribati\",\"ja\":\"キリバス\",\"it\":\"Kiribati\",\"cn\":\"基里巴斯\"}',1.41666666,173.00000000,'??','U+1F1F0 U+1F1EE','2018-07-20 20:11:03','2021-08-01 14:37:27',1,'Q710'),(115,'North Korea','PRK','408','KP','850','Pyongyang','KPW','₩','.kp','북한','Asia','Eastern Asia','[{\"zoneName\":\"Asia/Pyongyang\",\"gmtOffset\":32400,\"gmtOffsetName\":\"UTC+09:00\",\"abbreviation\":\"KST\",\"tzName\":\"Korea Standard Time\"}]','{\"kr\":\"조선민주주의인민공화국\",\"br\":\"Coreia do Norte\",\"pt\":\"Coreia do Norte\",\"nl\":\"Noord-Korea\",\"hr\":\"Sjeverna Koreja\",\"fa\":\"کره جنوبی\",\"de\":\"Nordkorea\",\"es\":\"Corea del Norte\",\"fr\":\"Corée du Nord\",\"ja\":\"朝鮮民主主義人民共和国\",\"it\":\"Corea del Nord\",\"cn\":\"朝鲜\"}',40.00000000,127.00000000,'??','U+1F1F0 U+1F1F5','2018-07-20 20:11:03','2021-08-01 14:37:27',1,'Q423'),(116,'South Korea','KOR','410','KR','82','Seoul','KRW','₩','.kr','대한민국','Asia','Eastern Asia','[{\"zoneName\":\"Asia/Seoul\",\"gmtOffset\":32400,\"gmtOffsetName\":\"UTC+09:00\",\"abbreviation\":\"KST\",\"tzName\":\"Korea Standard Time\"}]','{\"kr\":\"대한민국\",\"br\":\"Coreia do Sul\",\"pt\":\"Coreia do Sul\",\"nl\":\"Zuid-Korea\",\"hr\":\"Južna Koreja\",\"fa\":\"کره شمالی\",\"de\":\"Südkorea\",\"es\":\"Corea del Sur\",\"fr\":\"Corée du Sud\",\"ja\":\"大韓民国\",\"it\":\"Corea del Sud\",\"cn\":\"韩国\"}',37.00000000,127.50000000,'??','U+1F1F0 U+1F1F7','2018-07-20 20:11:03','2021-08-01 14:37:27',1,'Q884'),(117,'Kuwait','KWT','414','KW','965','Kuwait City','KWD','ك.د','.kw','الكويت','Asia','Western Asia','[{\"zoneName\":\"Asia/Kuwait\",\"gmtOffset\":10800,\"gmtOffsetName\":\"UTC+03:00\",\"abbreviation\":\"AST\",\"tzName\":\"Arabia Standard Time\"}]','{\"kr\":\"쿠웨이트\",\"br\":\"Kuwait\",\"pt\":\"Kuwait\",\"nl\":\"Koeweit\",\"hr\":\"Kuvajt\",\"fa\":\"کویت\",\"de\":\"Kuwait\",\"es\":\"Kuwait\",\"fr\":\"Koweït\",\"ja\":\"クウェート\",\"it\":\"Kuwait\",\"cn\":\"科威特\"}',29.50000000,45.75000000,'??','U+1F1F0 U+1F1FC','2018-07-20 20:11:03','2021-08-01 14:37:27',1,'Q817'),(118,'Kyrgyzstan','KGZ','417','KG','996','Bishkek','KGS','лв','.kg','Кыргызстан','Asia','Central Asia','[{\"zoneName\":\"Asia/Bishkek\",\"gmtOffset\":21600,\"gmtOffsetName\":\"UTC+06:00\",\"abbreviation\":\"KGT\",\"tzName\":\"Kyrgyzstan Time\"}]','{\"kr\":\"키르기스스탄\",\"br\":\"Quirguistão\",\"pt\":\"Quirguizistão\",\"nl\":\"Kirgizië\",\"hr\":\"Kirgistan\",\"fa\":\"قرقیزستان\",\"de\":\"Kirgisistan\",\"es\":\"Kirguizistán\",\"fr\":\"Kirghizistan\",\"ja\":\"キルギス\",\"it\":\"Kirghizistan\",\"cn\":\"吉尔吉斯斯坦\"}',41.00000000,75.00000000,'??','U+1F1F0 U+1F1EC','2018-07-20 20:11:03','2021-08-01 14:37:27',1,'Q813'),(119,'Laos','LAO','418','LA','856','Vientiane','LAK','₭','.la','ສປປລາວ','Asia','South-Eastern Asia','[{\"zoneName\":\"Asia/Vientiane\",\"gmtOffset\":25200,\"gmtOffsetName\":\"UTC+07:00\",\"abbreviation\":\"ICT\",\"tzName\":\"Indochina Time\"}]','{\"kr\":\"라오스\",\"br\":\"Laos\",\"pt\":\"Laos\",\"nl\":\"Laos\",\"hr\":\"Laos\",\"fa\":\"لائوس\",\"de\":\"Laos\",\"es\":\"Laos\",\"fr\":\"Laos\",\"ja\":\"ラオス人民民主共和国\",\"it\":\"Laos\",\"cn\":\"寮人民民主共和国\"}',18.00000000,105.00000000,'??','U+1F1F1 U+1F1E6','2018-07-20 20:11:03','2021-08-01 14:37:27',1,'Q819'),(120,'Latvia','LVA','428','LV','371','Riga','EUR','€','.lv','Latvija','Europe','Northern Europe','[{\"zoneName\":\"Europe/Riga\",\"gmtOffset\":7200,\"gmtOffsetName\":\"UTC+02:00\",\"abbreviation\":\"EET\",\"tzName\":\"Eastern European Time\"}]','{\"kr\":\"라트비아\",\"br\":\"Letônia\",\"pt\":\"Letónia\",\"nl\":\"Letland\",\"hr\":\"Latvija\",\"fa\":\"لتونی\",\"de\":\"Lettland\",\"es\":\"Letonia\",\"fr\":\"Lettonie\",\"ja\":\"ラトビア\",\"it\":\"Lettonia\",\"cn\":\"拉脱维亚\"}',57.00000000,25.00000000,'??','U+1F1F1 U+1F1FB','2018-07-20 20:11:03','2021-08-01 14:37:27',1,'Q211'),(121,'Lebanon','LBN','422','LB','961','Beirut','LBP','£','.lb','لبنان','Asia','Western Asia','[{\"zoneName\":\"Asia/Beirut\",\"gmtOffset\":7200,\"gmtOffsetName\":\"UTC+02:00\",\"abbreviation\":\"EET\",\"tzName\":\"Eastern European Time\"}]','{\"kr\":\"레바논\",\"br\":\"Líbano\",\"pt\":\"Líbano\",\"nl\":\"Libanon\",\"hr\":\"Libanon\",\"fa\":\"لبنان\",\"de\":\"Libanon\",\"es\":\"Líbano\",\"fr\":\"Liban\",\"ja\":\"レバノン\",\"it\":\"Libano\",\"cn\":\"黎巴嫩\"}',33.83333333,35.83333333,'??','U+1F1F1 U+1F1E7','2018-07-20 20:11:03','2021-08-01 14:37:27',1,'Q822'),(122,'Lesotho','LSO','426','LS','266','Maseru','LSL','L','.ls','Lesotho','Africa','Southern Africa','[{\"zoneName\":\"Africa/Maseru\",\"gmtOffset\":7200,\"gmtOffsetName\":\"UTC+02:00\",\"abbreviation\":\"SAST\",\"tzName\":\"South African Standard Time\"}]','{\"kr\":\"레소토\",\"br\":\"Lesoto\",\"pt\":\"Lesoto\",\"nl\":\"Lesotho\",\"hr\":\"Lesoto\",\"fa\":\"لسوتو\",\"de\":\"Lesotho\",\"es\":\"Lesotho\",\"fr\":\"Lesotho\",\"ja\":\"レソト\",\"it\":\"Lesotho\",\"cn\":\"莱索托\"}',-29.50000000,28.50000000,'??','U+1F1F1 U+1F1F8','2018-07-20 20:11:03','2021-08-01 14:37:27',1,'Q1013'),(123,'Liberia','LBR','430','LR','231','Monrovia','LRD','$','.lr','Liberia','Africa','Western Africa','[{\"zoneName\":\"Africa/Monrovia\",\"gmtOffset\":0,\"gmtOffsetName\":\"UTC±00\",\"abbreviation\":\"GMT\",\"tzName\":\"Greenwich Mean Time\"}]','{\"kr\":\"라이베리아\",\"br\":\"Libéria\",\"pt\":\"Libéria\",\"nl\":\"Liberia\",\"hr\":\"Liberija\",\"fa\":\"لیبریا\",\"de\":\"Liberia\",\"es\":\"Liberia\",\"fr\":\"Liberia\",\"ja\":\"リベリア\",\"it\":\"Liberia\",\"cn\":\"利比里亚\"}',6.50000000,-9.50000000,'??','U+1F1F1 U+1F1F7','2018-07-20 20:11:03','2021-08-01 14:37:27',1,'Q1014'),(124,'Libya','LBY','434','LY','218','Tripolis','LYD','د.ل','.ly','‏ليبيا','Africa','Northern Africa','[{\"zoneName\":\"Africa/Tripoli\",\"gmtOffset\":7200,\"gmtOffsetName\":\"UTC+02:00\",\"abbreviation\":\"EET\",\"tzName\":\"Eastern European Time\"}]','{\"kr\":\"리비아\",\"br\":\"Líbia\",\"pt\":\"Líbia\",\"nl\":\"Libië\",\"hr\":\"Libija\",\"fa\":\"لیبی\",\"de\":\"Libyen\",\"es\":\"Libia\",\"fr\":\"Libye\",\"ja\":\"リビア\",\"it\":\"Libia\",\"cn\":\"利比亚\"}',25.00000000,17.00000000,'??','U+1F1F1 U+1F1FE','2018-07-20 20:11:03','2021-08-01 14:37:27',1,'Q1016'),(125,'Liechtenstein','LIE','438','LI','423','Vaduz','CHF','CHf','.li','Liechtenstein','Europe','Western Europe','[{\"zoneName\":\"Europe/Vaduz\",\"gmtOffset\":3600,\"gmtOffsetName\":\"UTC+01:00\",\"abbreviation\":\"CET\",\"tzName\":\"Central European Time\"}]','{\"kr\":\"리히텐슈타인\",\"br\":\"Liechtenstein\",\"pt\":\"Listenstaine\",\"nl\":\"Liechtenstein\",\"hr\":\"Lihtenštajn\",\"fa\":\"لیختن‌اشتاین\",\"de\":\"Liechtenstein\",\"es\":\"Liechtenstein\",\"fr\":\"Liechtenstein\",\"ja\":\"リヒテンシュタイン\",\"it\":\"Liechtenstein\",\"cn\":\"列支敦士登\"}',47.26666666,9.53333333,'??','U+1F1F1 U+1F1EE','2018-07-20 20:11:03','2021-08-01 14:37:27',1,'Q347'),(126,'Lithuania','LTU','440','LT','370','Vilnius','EUR','€','.lt','Lietuva','Europe','Northern Europe','[{\"zoneName\":\"Europe/Vilnius\",\"gmtOffset\":7200,\"gmtOffsetName\":\"UTC+02:00\",\"abbreviation\":\"EET\",\"tzName\":\"Eastern European Time\"}]','{\"kr\":\"리투아니아\",\"br\":\"Lituânia\",\"pt\":\"Lituânia\",\"nl\":\"Litouwen\",\"hr\":\"Litva\",\"fa\":\"لیتوانی\",\"de\":\"Litauen\",\"es\":\"Lituania\",\"fr\":\"Lituanie\",\"ja\":\"リトアニア\",\"it\":\"Lituania\",\"cn\":\"立陶宛\"}',56.00000000,24.00000000,'??','U+1F1F1 U+1F1F9','2018-07-20 20:11:03','2021-08-01 14:37:27',1,'Q37'),(127,'Luxembourg','LUX','442','LU','352','Luxembourg','EUR','€','.lu','Luxembourg','Europe','Western Europe','[{\"zoneName\":\"Europe/Luxembourg\",\"gmtOffset\":3600,\"gmtOffsetName\":\"UTC+01:00\",\"abbreviation\":\"CET\",\"tzName\":\"Central European Time\"}]','{\"kr\":\"룩셈부르크\",\"br\":\"Luxemburgo\",\"pt\":\"Luxemburgo\",\"nl\":\"Luxemburg\",\"hr\":\"Luksemburg\",\"fa\":\"لوکزامبورگ\",\"de\":\"Luxemburg\",\"es\":\"Luxemburgo\",\"fr\":\"Luxembourg\",\"ja\":\"ルクセンブルク\",\"it\":\"Lussemburgo\",\"cn\":\"卢森堡\"}',49.75000000,6.16666666,'??','U+1F1F1 U+1F1FA','2018-07-20 20:11:03','2021-08-01 14:37:27',1,'Q32'),(128,'Macau S.A.R.','MAC','446','MO','853','Macao','MOP','$','.mo','澳門','Asia','Eastern Asia','[{\"zoneName\":\"Asia/Macau\",\"gmtOffset\":28800,\"gmtOffsetName\":\"UTC+08:00\",\"abbreviation\":\"CST\",\"tzName\":\"China Standard Time\"}]','{\"kr\":\"마카오\",\"br\":\"Macau\",\"pt\":\"Macau\",\"nl\":\"Macao\",\"hr\":\"Makao\",\"fa\":\"مکائو\",\"de\":\"Macao\",\"es\":\"Macao\",\"fr\":\"Macao\",\"ja\":\"マカオ\",\"it\":\"Macao\",\"cn\":\"中国澳门\"}',22.16666666,113.55000000,'??','U+1F1F2 U+1F1F4','2018-07-20 20:11:03','2021-08-01 14:37:27',1,NULL),(129,'Macedonia','MKD','807','MK','389','Skopje','MKD','ден','.mk','Северна Македонија','Europe','Southern Europe','[{\"zoneName\":\"Europe/Skopje\",\"gmtOffset\":3600,\"gmtOffsetName\":\"UTC+01:00\",\"abbreviation\":\"CET\",\"tzName\":\"Central European Time\"}]','{\"kr\":\"마케도니아\",\"br\":\"Macedônia\",\"pt\":\"Macedónia\",\"nl\":\"Macedonië\",\"hr\":\"Makedonija\",\"fa\":\"\",\"de\":\"Mazedonien\",\"es\":\"Macedonia\",\"fr\":\"Macédoine\",\"ja\":\"マケドニア旧ユーゴスラビア共和国\",\"it\":\"Macedonia\",\"cn\":\"马其顿\"}',41.83333333,22.00000000,'??','U+1F1F2 U+1F1F0','2018-07-20 20:11:03','2021-08-01 14:37:27',1,'Q221'),(130,'Madagascar','MDG','450','MG','261','Antananarivo','MGA','Ar','.mg','Madagasikara','Africa','Eastern Africa','[{\"zoneName\":\"Indian/Antananarivo\",\"gmtOffset\":10800,\"gmtOffsetName\":\"UTC+03:00\",\"abbreviation\":\"EAT\",\"tzName\":\"East Africa Time\"}]','{\"kr\":\"마다가스카르\",\"br\":\"Madagascar\",\"pt\":\"Madagáscar\",\"nl\":\"Madagaskar\",\"hr\":\"Madagaskar\",\"fa\":\"ماداگاسکار\",\"de\":\"Madagaskar\",\"es\":\"Madagascar\",\"fr\":\"Madagascar\",\"ja\":\"マダガスカル\",\"it\":\"Madagascar\",\"cn\":\"马达加斯加\"}',-20.00000000,47.00000000,'??','U+1F1F2 U+1F1EC','2018-07-20 20:11:03','2021-08-01 14:37:27',1,'Q1019'),(131,'Malawi','MWI','454','MW','265','Lilongwe','MWK','MK','.mw','Malawi','Africa','Eastern Africa','[{\"zoneName\":\"Africa/Blantyre\",\"gmtOffset\":7200,\"gmtOffsetName\":\"UTC+02:00\",\"abbreviation\":\"CAT\",\"tzName\":\"Central Africa Time\"}]','{\"kr\":\"말라위\",\"br\":\"Malawi\",\"pt\":\"Malávi\",\"nl\":\"Malawi\",\"hr\":\"Malavi\",\"fa\":\"مالاوی\",\"de\":\"Malawi\",\"es\":\"Malawi\",\"fr\":\"Malawi\",\"ja\":\"マラウイ\",\"it\":\"Malawi\",\"cn\":\"马拉维\"}',-13.50000000,34.00000000,'??','U+1F1F2 U+1F1FC','2018-07-20 20:11:03','2021-08-01 14:37:27',1,'Q1020'),(132,'Malaysia','MYS','458','MY','60','Kuala Lumpur','MYR','RM','.my','Malaysia','Asia','South-Eastern Asia','[{\"zoneName\":\"Asia/Kuala_Lumpur\",\"gmtOffset\":28800,\"gmtOffsetName\":\"UTC+08:00\",\"abbreviation\":\"MYT\",\"tzName\":\"Malaysia Time\"},{\"zoneName\":\"Asia/Kuching\",\"gmtOffset\":28800,\"gmtOffsetName\":\"UTC+08:00\",\"abbreviation\":\"MYT\",\"tzName\":\"Malaysia Time\"}]','{\"kr\":\"말레이시아\",\"br\":\"Malásia\",\"pt\":\"Malásia\",\"nl\":\"Maleisië\",\"hr\":\"Malezija\",\"fa\":\"مالزی\",\"de\":\"Malaysia\",\"es\":\"Malasia\",\"fr\":\"Malaisie\",\"ja\":\"マレーシア\",\"it\":\"Malesia\",\"cn\":\"马来西亚\"}',2.50000000,112.50000000,'??','U+1F1F2 U+1F1FE','2018-07-20 20:11:03','2021-08-01 14:37:27',1,'Q833'),(133,'Maldives','MDV','462','MV','960','Male','MVR','Rf','.mv','Maldives','Asia','Southern Asia','[{\"zoneName\":\"Indian/Maldives\",\"gmtOffset\":18000,\"gmtOffsetName\":\"UTC+05:00\",\"abbreviation\":\"MVT\",\"tzName\":\"Maldives Time\"}]','{\"kr\":\"몰디브\",\"br\":\"Maldivas\",\"pt\":\"Maldivas\",\"nl\":\"Maldiven\",\"hr\":\"Maldivi\",\"fa\":\"مالدیو\",\"de\":\"Malediven\",\"es\":\"Maldivas\",\"fr\":\"Maldives\",\"ja\":\"モルディブ\",\"it\":\"Maldive\",\"cn\":\"马尔代夫\"}',3.25000000,73.00000000,'??','U+1F1F2 U+1F1FB','2018-07-20 20:11:03','2021-08-01 14:37:27',1,'Q826'),(134,'Mali','MLI','466','ML','223','Bamako','XOF','CFA','.ml','Mali','Africa','Western Africa','[{\"zoneName\":\"Africa/Bamako\",\"gmtOffset\":0,\"gmtOffsetName\":\"UTC±00\",\"abbreviation\":\"GMT\",\"tzName\":\"Greenwich Mean Time\"}]','{\"kr\":\"말리\",\"br\":\"Mali\",\"pt\":\"Mali\",\"nl\":\"Mali\",\"hr\":\"Mali\",\"fa\":\"مالی\",\"de\":\"Mali\",\"es\":\"Mali\",\"fr\":\"Mali\",\"ja\":\"マリ\",\"it\":\"Mali\",\"cn\":\"马里\"}',17.00000000,-4.00000000,'??','U+1F1F2 U+1F1F1','2018-07-20 20:11:03','2021-08-01 14:37:27',1,'Q912'),(135,'Malta','MLT','470','MT','356','Valletta','EUR','€','.mt','Malta','Europe','Southern Europe','[{\"zoneName\":\"Europe/Malta\",\"gmtOffset\":3600,\"gmtOffsetName\":\"UTC+01:00\",\"abbreviation\":\"CET\",\"tzName\":\"Central European Time\"}]','{\"kr\":\"몰타\",\"br\":\"Malta\",\"pt\":\"Malta\",\"nl\":\"Malta\",\"hr\":\"Malta\",\"fa\":\"مالت\",\"de\":\"Malta\",\"es\":\"Malta\",\"fr\":\"Malte\",\"ja\":\"マルタ\",\"it\":\"Malta\",\"cn\":\"马耳他\"}',35.83333333,14.58333333,'??','U+1F1F2 U+1F1F9','2018-07-20 20:11:03','2021-08-01 14:37:27',1,'Q233'),(136,'Man (Isle of)','IMN','833','IM','+44-1624','Douglas, Isle of Man','GBP','£','.im','Isle of Man','Europe','Northern Europe','[{\"zoneName\":\"Europe/Isle_of_Man\",\"gmtOffset\":0,\"gmtOffsetName\":\"UTC±00\",\"abbreviation\":\"GMT\",\"tzName\":\"Greenwich Mean Time\"}]','{\"kr\":\"맨 섬\",\"br\":\"Ilha de Man\",\"pt\":\"Ilha de Man\",\"nl\":\"Isle of Man\",\"hr\":\"Otok Man\",\"fa\":\"جزیره من\",\"de\":\"Insel Man\",\"es\":\"Isla de Man\",\"fr\":\"Île de Man\",\"ja\":\"マン島\",\"it\":\"Isola di Man\",\"cn\":\"马恩岛\"}',54.25000000,-4.50000000,'??','U+1F1EE U+1F1F2','2018-07-20 20:11:03','2021-08-01 14:37:27',1,NULL),(137,'Marshall Islands','MHL','584','MH','692','Majuro','USD','$','.mh','M̧ajeļ','Oceania','Micronesia','[{\"zoneName\":\"Pacific/Kwajalein\",\"gmtOffset\":43200,\"gmtOffsetName\":\"UTC+12:00\",\"abbreviation\":\"MHT\",\"tzName\":\"Marshall Islands Time\"},{\"zoneName\":\"Pacific/Majuro\",\"gmtOffset\":43200,\"gmtOffsetName\":\"UTC+12:00\",\"abbreviation\":\"MHT\",\"tzName\":\"Marshall Islands Time\"}]','{\"kr\":\"마셜 제도\",\"br\":\"Ilhas Marshall\",\"pt\":\"Ilhas Marshall\",\"nl\":\"Marshalleilanden\",\"hr\":\"Maršalovi Otoci\",\"fa\":\"جزایر مارشال\",\"de\":\"Marshallinseln\",\"es\":\"Islas Marshall\",\"fr\":\"Îles Marshall\",\"ja\":\"マーシャル諸島\",\"it\":\"Isole Marshall\",\"cn\":\"马绍尔群岛\"}',9.00000000,168.00000000,'??','U+1F1F2 U+1F1ED','2018-07-20 20:11:03','2021-08-01 14:37:27',1,'Q709'),(138,'Martinique','MTQ','474','MQ','596','Fort-de-France','EUR','€','.mq','Martinique','Americas','Caribbean','[{\"zoneName\":\"America/Martinique\",\"gmtOffset\":-14400,\"gmtOffsetName\":\"UTC-04:00\",\"abbreviation\":\"AST\",\"tzName\":\"Atlantic Standard Time\"}]','{\"kr\":\"마르티니크\",\"br\":\"Martinica\",\"pt\":\"Martinica\",\"nl\":\"Martinique\",\"hr\":\"Martinique\",\"fa\":\"مونتسرات\",\"de\":\"Martinique\",\"es\":\"Martinica\",\"fr\":\"Martinique\",\"ja\":\"マルティニーク\",\"it\":\"Martinica\",\"cn\":\"马提尼克岛\"}',14.66666700,-61.00000000,'??','U+1F1F2 U+1F1F6','2018-07-20 20:11:03','2021-08-01 14:37:27',1,NULL),(139,'Mauritania','MRT','478','MR','222','Nouakchott','MRO','MRU','.mr','موريتانيا','Africa','Western Africa','[{\"zoneName\":\"Africa/Nouakchott\",\"gmtOffset\":0,\"gmtOffsetName\":\"UTC±00\",\"abbreviation\":\"GMT\",\"tzName\":\"Greenwich Mean Time\"}]','{\"kr\":\"모리타니\",\"br\":\"Mauritânia\",\"pt\":\"Mauritânia\",\"nl\":\"Mauritanië\",\"hr\":\"Mauritanija\",\"fa\":\"موریتانی\",\"de\":\"Mauretanien\",\"es\":\"Mauritania\",\"fr\":\"Mauritanie\",\"ja\":\"モーリタニア\",\"it\":\"Mauritania\",\"cn\":\"毛里塔尼亚\"}',20.00000000,-12.00000000,'??','U+1F1F2 U+1F1F7','2018-07-20 20:11:03','2021-08-01 14:37:27',1,'Q1025'),(140,'Mauritius','MUS','480','MU','230','Port Louis','MUR','₨','.mu','Maurice','Africa','Eastern Africa','[{\"zoneName\":\"Indian/Mauritius\",\"gmtOffset\":14400,\"gmtOffsetName\":\"UTC+04:00\",\"abbreviation\":\"MUT\",\"tzName\":\"Mauritius Time\"}]','{\"kr\":\"모리셔스\",\"br\":\"Maurício\",\"pt\":\"Maurícia\",\"nl\":\"Mauritius\",\"hr\":\"Mauricijus\",\"fa\":\"موریس\",\"de\":\"Mauritius\",\"es\":\"Mauricio\",\"fr\":\"Île Maurice\",\"ja\":\"モーリシャス\",\"it\":\"Mauritius\",\"cn\":\"毛里求斯\"}',-20.28333333,57.55000000,'??','U+1F1F2 U+1F1FA','2018-07-20 20:11:03','2021-08-01 14:37:27',1,'Q1027'),(141,'Mayotte','MYT','175','YT','262','Mamoudzou','EUR','€','.yt','Mayotte','Africa','Eastern Africa','[{\"zoneName\":\"Indian/Mayotte\",\"gmtOffset\":10800,\"gmtOffsetName\":\"UTC+03:00\",\"abbreviation\":\"EAT\",\"tzName\":\"East Africa Time\"}]','{\"kr\":\"마요트\",\"br\":\"Mayotte\",\"pt\":\"Mayotte\",\"nl\":\"Mayotte\",\"hr\":\"Mayotte\",\"fa\":\"مایوت\",\"de\":\"Mayotte\",\"es\":\"Mayotte\",\"fr\":\"Mayotte\",\"ja\":\"マヨット\",\"it\":\"Mayotte\",\"cn\":\"马约特\"}',-12.83333333,45.16666666,'??','U+1F1FE U+1F1F9','2018-07-20 20:11:03','2021-08-01 14:37:27',1,NULL),(142,'Mexico','MEX','484','MX','52','Mexico City','MXN','$','.mx','México','Americas','Central America','[{\"zoneName\":\"America/Bahia_Banderas\",\"gmtOffset\":-21600,\"gmtOffsetName\":\"UTC-06:00\",\"abbreviation\":\"CST\",\"tzName\":\"Central Standard Time (North America\"},{\"zoneName\":\"America/Cancun\",\"gmtOffset\":-18000,\"gmtOffsetName\":\"UTC-05:00\",\"abbreviation\":\"EST\",\"tzName\":\"Eastern Standard Time (North America\"},{\"zoneName\":\"America/Chihuahua\",\"gmtOffset\":-25200,\"gmtOffsetName\":\"UTC-07:00\",\"abbreviation\":\"MST\",\"tzName\":\"Mountain Standard Time (North America\"},{\"zoneName\":\"America/Hermosillo\",\"gmtOffset\":-25200,\"gmtOffsetName\":\"UTC-07:00\",\"abbreviation\":\"MST\",\"tzName\":\"Mountain Standard Time (North America\"},{\"zoneName\":\"America/Matamoros\",\"gmtOffset\":-21600,\"gmtOffsetName\":\"UTC-06:00\",\"abbreviation\":\"CST\",\"tzName\":\"Central Standard Time (North America\"},{\"zoneName\":\"America/Mazatlan\",\"gmtOffset\":-25200,\"gmtOffsetName\":\"UTC-07:00\",\"abbreviation\":\"MST\",\"tzName\":\"Mountain Standard Time (North America\"},{\"zoneName\":\"America/Merida\",\"gmtOffset\":-21600,\"gmtOffsetName\":\"UTC-06:00\",\"abbreviation\":\"CST\",\"tzName\":\"Central Standard Time (North America\"},{\"zoneName\":\"America/Mexico_City\",\"gmtOffset\":-21600,\"gmtOffsetName\":\"UTC-06:00\",\"abbreviation\":\"CST\",\"tzName\":\"Central Standard Time (North America\"},{\"zoneName\":\"America/Monterrey\",\"gmtOffset\":-21600,\"gmtOffsetName\":\"UTC-06:00\",\"abbreviation\":\"CST\",\"tzName\":\"Central Standard Time (North America\"},{\"zoneName\":\"America/Ojinaga\",\"gmtOffset\":-25200,\"gmtOffsetName\":\"UTC-07:00\",\"abbreviation\":\"MST\",\"tzName\":\"Mountain Standard Time (North America\"},{\"zoneName\":\"America/Tijuana\",\"gmtOffset\":-28800,\"gmtOffsetName\":\"UTC-08:00\",\"abbreviation\":\"PST\",\"tzName\":\"Pacific Standard Time (North America\"}]','{\"kr\":\"멕시코\",\"br\":\"México\",\"pt\":\"México\",\"nl\":\"Mexico\",\"hr\":\"Meksiko\",\"fa\":\"مکزیک\",\"de\":\"Mexiko\",\"es\":\"México\",\"fr\":\"Mexique\",\"ja\":\"メキシコ\",\"it\":\"Messico\",\"cn\":\"墨西哥\"}',23.00000000,-102.00000000,'??','U+1F1F2 U+1F1FD','2018-07-20 20:11:03','2021-08-01 14:37:27',1,'Q96'),(143,'Micronesia','FSM','583','FM','691','Palikir','USD','$','.fm','Micronesia','Oceania','Micronesia','[{\"zoneName\":\"Pacific/Chuuk\",\"gmtOffset\":36000,\"gmtOffsetName\":\"UTC+10:00\",\"abbreviation\":\"CHUT\",\"tzName\":\"Chuuk Time\"},{\"zoneName\":\"Pacific/Kosrae\",\"gmtOffset\":39600,\"gmtOffsetName\":\"UTC+11:00\",\"abbreviation\":\"KOST\",\"tzName\":\"Kosrae Time\"},{\"zoneName\":\"Pacific/Pohnpei\",\"gmtOffset\":39600,\"gmtOffsetName\":\"UTC+11:00\",\"abbreviation\":\"PONT\",\"tzName\":\"Pohnpei Standard Time\"}]','{\"kr\":\"미크로네시아 연방\",\"br\":\"Micronésia\",\"pt\":\"Micronésia\",\"nl\":\"Micronesië\",\"hr\":\"Mikronezija\",\"fa\":\"ایالات فدرال میکرونزی\",\"de\":\"Mikronesien\",\"es\":\"Micronesia\",\"fr\":\"Micronésie\",\"ja\":\"ミクロネシア連邦\",\"it\":\"Micronesia\",\"cn\":\"密克罗尼西亚\"}',6.91666666,158.25000000,'??','U+1F1EB U+1F1F2','2018-07-20 20:11:03','2021-08-01 14:37:27',1,'Q702'),(144,'Moldova','MDA','498','MD','373','Chisinau','MDL','L','.md','Moldova','Europe','Eastern Europe','[{\"zoneName\":\"Europe/Chisinau\",\"gmtOffset\":7200,\"gmtOffsetName\":\"UTC+02:00\",\"abbreviation\":\"EET\",\"tzName\":\"Eastern European Time\"}]','{\"kr\":\"몰도바\",\"br\":\"Moldávia\",\"pt\":\"Moldávia\",\"nl\":\"Moldavië\",\"hr\":\"Moldova\",\"fa\":\"مولداوی\",\"de\":\"Moldawie\",\"es\":\"Moldavia\",\"fr\":\"Moldavie\",\"ja\":\"モルドバ共和国\",\"it\":\"Moldavia\",\"cn\":\"摩尔多瓦\"}',47.00000000,29.00000000,'??','U+1F1F2 U+1F1E9','2018-07-20 20:11:03','2021-08-01 14:37:27',1,'Q217'),(145,'Monaco','MCO','492','MC','377','Monaco','EUR','€','.mc','Monaco','Europe','Western Europe','[{\"zoneName\":\"Europe/Monaco\",\"gmtOffset\":3600,\"gmtOffsetName\":\"UTC+01:00\",\"abbreviation\":\"CET\",\"tzName\":\"Central European Time\"}]','{\"kr\":\"모나코\",\"br\":\"Mônaco\",\"pt\":\"Mónaco\",\"nl\":\"Monaco\",\"hr\":\"Monako\",\"fa\":\"موناکو\",\"de\":\"Monaco\",\"es\":\"Mónaco\",\"fr\":\"Monaco\",\"ja\":\"モナコ\",\"it\":\"Principato di Monaco\",\"cn\":\"摩纳哥\"}',43.73333333,7.40000000,'??','U+1F1F2 U+1F1E8','2018-07-20 20:11:03','2021-08-01 14:37:27',1,'Q235'),(146,'Mongolia','MNG','496','MN','976','Ulan Bator','MNT','₮','.mn','Монгол улс','Asia','Eastern Asia','[{\"zoneName\":\"Asia/Choibalsan\",\"gmtOffset\":28800,\"gmtOffsetName\":\"UTC+08:00\",\"abbreviation\":\"CHOT\",\"tzName\":\"Choibalsan Standard Time\"},{\"zoneName\":\"Asia/Hovd\",\"gmtOffset\":25200,\"gmtOffsetName\":\"UTC+07:00\",\"abbreviation\":\"HOVT\",\"tzName\":\"Hovd Time\"},{\"zoneName\":\"Asia/Ulaanbaatar\",\"gmtOffset\":28800,\"gmtOffsetName\":\"UTC+08:00\",\"abbreviation\":\"ULAT\",\"tzName\":\"Ulaanbaatar Standard Time\"}]','{\"kr\":\"몽골\",\"br\":\"Mongólia\",\"pt\":\"Mongólia\",\"nl\":\"Mongolië\",\"hr\":\"Mongolija\",\"fa\":\"مغولستان\",\"de\":\"Mongolei\",\"es\":\"Mongolia\",\"fr\":\"Mongolie\",\"ja\":\"モンゴル\",\"it\":\"Mongolia\",\"cn\":\"蒙古\"}',46.00000000,105.00000000,'??','U+1F1F2 U+1F1F3','2018-07-20 20:11:03','2021-08-01 14:37:27',1,'Q711'),(147,'Montenegro','MNE','499','ME','382','Podgorica','EUR','€','.me','Црна Гора','Europe','Southern Europe','[{\"zoneName\":\"Europe/Podgorica\",\"gmtOffset\":3600,\"gmtOffsetName\":\"UTC+01:00\",\"abbreviation\":\"CET\",\"tzName\":\"Central European Time\"}]','{\"kr\":\"몬테네그로\",\"br\":\"Montenegro\",\"pt\":\"Montenegro\",\"nl\":\"Montenegro\",\"hr\":\"Crna Gora\",\"fa\":\"مونته‌نگرو\",\"de\":\"Montenegro\",\"es\":\"Montenegro\",\"fr\":\"Monténégro\",\"ja\":\"モンテネグロ\",\"it\":\"Montenegro\",\"cn\":\"黑山\"}',42.50000000,19.30000000,'??','U+1F1F2 U+1F1EA','2018-07-20 20:11:03','2021-08-01 14:37:27',1,'Q236'),(148,'Montserrat','MSR','500','MS','+1-664','Plymouth','XCD','$','.ms','Montserrat','Americas','Caribbean','[{\"zoneName\":\"America/Montserrat\",\"gmtOffset\":-14400,\"gmtOffsetName\":\"UTC-04:00\",\"abbreviation\":\"AST\",\"tzName\":\"Atlantic Standard Time\"}]','{\"kr\":\"몬트세랫\",\"br\":\"Montserrat\",\"pt\":\"Monserrate\",\"nl\":\"Montserrat\",\"hr\":\"Montserrat\",\"fa\":\"مایوت\",\"de\":\"Montserrat\",\"es\":\"Montserrat\",\"fr\":\"Montserrat\",\"ja\":\"モントセラト\",\"it\":\"Montserrat\",\"cn\":\"蒙特塞拉特\"}',16.75000000,-62.20000000,'??','U+1F1F2 U+1F1F8','2018-07-20 20:11:03','2021-08-01 14:37:27',1,NULL),(149,'Morocco','MAR','504','MA','212','Rabat','MAD','DH','.ma','المغرب','Africa','Northern Africa','[{\"zoneName\":\"Africa/Casablanca\",\"gmtOffset\":3600,\"gmtOffsetName\":\"UTC+01:00\",\"abbreviation\":\"WEST\",\"tzName\":\"Western European Summer Time\"}]','{\"kr\":\"모로코\",\"br\":\"Marrocos\",\"pt\":\"Marrocos\",\"nl\":\"Marokko\",\"hr\":\"Maroko\",\"fa\":\"مراکش\",\"de\":\"Marokko\",\"es\":\"Marruecos\",\"fr\":\"Maroc\",\"ja\":\"モロッコ\",\"it\":\"Marocco\",\"cn\":\"摩洛哥\"}',32.00000000,-5.00000000,'??','U+1F1F2 U+1F1E6','2018-07-20 20:11:03','2021-08-01 14:37:27',1,'Q1028'),(150,'Mozambique','MOZ','508','MZ','258','Maputo','MZN','MT','.mz','Moçambique','Africa','Eastern Africa','[{\"zoneName\":\"Africa/Maputo\",\"gmtOffset\":7200,\"gmtOffsetName\":\"UTC+02:00\",\"abbreviation\":\"CAT\",\"tzName\":\"Central Africa Time\"}]','{\"kr\":\"모잠비크\",\"br\":\"Moçambique\",\"pt\":\"Moçambique\",\"nl\":\"Mozambique\",\"hr\":\"Mozambik\",\"fa\":\"موزامبیک\",\"de\":\"Mosambik\",\"es\":\"Mozambique\",\"fr\":\"Mozambique\",\"ja\":\"モザンビーク\",\"it\":\"Mozambico\",\"cn\":\"莫桑比克\"}',-18.25000000,35.00000000,'??','U+1F1F2 U+1F1FF','2018-07-20 20:11:03','2021-08-01 14:37:27',1,'Q1029'),(151,'Myanmar','MMR','104','MM','95','Nay Pyi Taw','MMK','K','.mm','မြန်မာ','Asia','South-Eastern Asia','[{\"zoneName\":\"Asia/Yangon\",\"gmtOffset\":23400,\"gmtOffsetName\":\"UTC+06:30\",\"abbreviation\":\"MMT\",\"tzName\":\"Myanmar Standard Time\"}]','{\"kr\":\"미얀마\",\"br\":\"Myanmar\",\"pt\":\"Myanmar\",\"nl\":\"Myanmar\",\"hr\":\"Mijanmar\",\"fa\":\"میانمار\",\"de\":\"Myanmar\",\"es\":\"Myanmar\",\"fr\":\"Myanmar\",\"ja\":\"ミャンマー\",\"it\":\"Birmania\",\"cn\":\"缅甸\"}',22.00000000,98.00000000,'??','U+1F1F2 U+1F1F2','2018-07-20 20:11:03','2021-08-01 14:37:27',1,'Q836'),(152,'Namibia','NAM','516','NA','264','Windhoek','NAD','$','.na','Namibia','Africa','Southern Africa','[{\"zoneName\":\"Africa/Windhoek\",\"gmtOffset\":7200,\"gmtOffsetName\":\"UTC+02:00\",\"abbreviation\":\"WAST\",\"tzName\":\"West Africa Summer Time\"}]','{\"kr\":\"나미비아\",\"br\":\"Namíbia\",\"pt\":\"Namíbia\",\"nl\":\"Namibië\",\"hr\":\"Namibija\",\"fa\":\"نامیبیا\",\"de\":\"Namibia\",\"es\":\"Namibia\",\"fr\":\"Namibie\",\"ja\":\"ナミビア\",\"it\":\"Namibia\",\"cn\":\"纳米比亚\"}',-22.00000000,17.00000000,'??','U+1F1F3 U+1F1E6','2018-07-20 20:11:03','2021-08-01 14:37:27',1,'Q1030'),(153,'Nauru','NRU','520','NR','674','Yaren','AUD','$','.nr','Nauru','Oceania','Micronesia','[{\"zoneName\":\"Pacific/Nauru\",\"gmtOffset\":43200,\"gmtOffsetName\":\"UTC+12:00\",\"abbreviation\":\"NRT\",\"tzName\":\"Nauru Time\"}]','{\"kr\":\"나우루\",\"br\":\"Nauru\",\"pt\":\"Nauru\",\"nl\":\"Nauru\",\"hr\":\"Nauru\",\"fa\":\"نائورو\",\"de\":\"Nauru\",\"es\":\"Nauru\",\"fr\":\"Nauru\",\"ja\":\"ナウル\",\"it\":\"Nauru\",\"cn\":\"瑙鲁\"}',-0.53333333,166.91666666,'??','U+1F1F3 U+1F1F7','2018-07-20 20:11:03','2021-08-01 14:37:27',1,'Q697'),(154,'Nepal','NPL','524','NP','977','Kathmandu','NPR','₨','.np','नपल','Asia','Southern Asia','[{\"zoneName\":\"Asia/Kathmandu\",\"gmtOffset\":20700,\"gmtOffsetName\":\"UTC+05:45\",\"abbreviation\":\"NPT\",\"tzName\":\"Nepal Time\"}]','{\"kr\":\"네팔\",\"br\":\"Nepal\",\"pt\":\"Nepal\",\"nl\":\"Nepal\",\"hr\":\"Nepal\",\"fa\":\"نپال\",\"de\":\"Népal\",\"es\":\"Nepal\",\"fr\":\"Népal\",\"ja\":\"ネパール\",\"it\":\"Nepal\",\"cn\":\"尼泊尔\"}',28.00000000,84.00000000,'??','U+1F1F3 U+1F1F5','2018-07-20 20:11:03','2021-08-01 14:37:27',1,'Q837'),(155,'Bonaire, Sint Eustatius and Saba','BES','535','BQ','599','Kralendijk','USD','$','.an','Caribisch Nederland','Americas','Caribbean','[{\"zoneName\":\"America/Anguilla\",\"gmtOffset\":-14400,\"gmtOffsetName\":\"UTC-04:00\",\"abbreviation\":\"AST\",\"tzName\":\"Atlantic Standard Time\"}]','{\"kr\":\"보네르 섬\",\"br\":\"Bonaire\",\"pt\":\"Bonaire\",\"fa\":\"بونیر\",\"de\":\"Bonaire, Sint Eustatius und Saba\",\"fr\":\"Bonaire, Saint-Eustache et Saba\",\"it\":\"Bonaire, Saint-Eustache e Saba\",\"cn\":\"博内尔岛、圣尤斯特歇斯和萨巴岛\"}',12.15000000,-68.26666700,'??','U+1F1E7 U+1F1F6','2018-07-20 20:11:03','2021-08-01 14:37:27',1,'Q27561'),(156,'Netherlands','NLD','528','NL','31','Amsterdam','EUR','€','.nl','Nederland','Europe','Western Europe','[{\"zoneName\":\"Europe/Amsterdam\",\"gmtOffset\":3600,\"gmtOffsetName\":\"UTC+01:00\",\"abbreviation\":\"CET\",\"tzName\":\"Central European Time\"}]','{\"kr\":\"네덜란드 \",\"br\":\"Holanda\",\"pt\":\"Países Baixos\",\"nl\":\"Nederland\",\"hr\":\"Nizozemska\",\"fa\":\"پادشاهی هلند\",\"de\":\"Niederlande\",\"es\":\"Países Bajos\",\"fr\":\"Pays-Bas\",\"ja\":\"オランダ\",\"it\":\"Paesi Bassi\",\"cn\":\"荷兰\"}',52.50000000,5.75000000,'??','U+1F1F3 U+1F1F1','2018-07-20 20:11:03','2021-08-01 14:37:27',1,'Q55'),(157,'New Caledonia','NCL','540','NC','687','Noumea','XPF','₣','.nc','Nouvelle-Calédonie','Oceania','Melanesia','[{\"zoneName\":\"Pacific/Noumea\",\"gmtOffset\":39600,\"gmtOffsetName\":\"UTC+11:00\",\"abbreviation\":\"NCT\",\"tzName\":\"New Caledonia Time\"}]','{\"kr\":\"누벨칼레도니\",\"br\":\"Nova Caledônia\",\"pt\":\"Nova Caledónia\",\"nl\":\"Nieuw-Caledonië\",\"hr\":\"Nova Kaledonija\",\"fa\":\"کالدونیای جدید\",\"de\":\"Neukaledonien\",\"es\":\"Nueva Caledonia\",\"fr\":\"Nouvelle-Calédonie\",\"ja\":\"ニューカレドニア\",\"it\":\"Nuova Caledonia\",\"cn\":\"新喀里多尼亚\"}',-21.50000000,165.50000000,'??','U+1F1F3 U+1F1E8','2018-07-20 20:11:03','2021-08-01 14:37:27',1,NULL),(158,'New Zealand','NZL','554','NZ','64','Wellington','NZD','$','.nz','New Zealand','Oceania','Australia and New Zealand','[{\"zoneName\":\"Pacific/Auckland\",\"gmtOffset\":46800,\"gmtOffsetName\":\"UTC+13:00\",\"abbreviation\":\"NZDT\",\"tzName\":\"New Zealand Daylight Time\"},{\"zoneName\":\"Pacific/Chatham\",\"gmtOffset\":49500,\"gmtOffsetName\":\"UTC+13:45\",\"abbreviation\":\"CHAST\",\"tzName\":\"Chatham Standard Time\"}]','{\"kr\":\"뉴질랜드\",\"br\":\"Nova Zelândia\",\"pt\":\"Nova Zelândia\",\"nl\":\"Nieuw-Zeeland\",\"hr\":\"Novi Zeland\",\"fa\":\"نیوزیلند\",\"de\":\"Neuseeland\",\"es\":\"Nueva Zelanda\",\"fr\":\"Nouvelle-Zélande\",\"ja\":\"ニュージーランド\",\"it\":\"Nuova Zelanda\",\"cn\":\"新西兰\"}',-41.00000000,174.00000000,'??','U+1F1F3 U+1F1FF','2018-07-20 20:11:03','2021-08-01 14:37:27',1,'Q664'),(159,'Nicaragua','NIC','558','NI','505','Managua','NIO','C$','.ni','Nicaragua','Americas','Central America','[{\"zoneName\":\"America/Managua\",\"gmtOffset\":-21600,\"gmtOffsetName\":\"UTC-06:00\",\"abbreviation\":\"CST\",\"tzName\":\"Central Standard Time (North America\"}]','{\"kr\":\"니카라과\",\"br\":\"Nicarágua\",\"pt\":\"Nicarágua\",\"nl\":\"Nicaragua\",\"hr\":\"Nikaragva\",\"fa\":\"نیکاراگوئه\",\"de\":\"Nicaragua\",\"es\":\"Nicaragua\",\"fr\":\"Nicaragua\",\"ja\":\"ニカラグア\",\"it\":\"Nicaragua\",\"cn\":\"尼加拉瓜\"}',13.00000000,-85.00000000,'??','U+1F1F3 U+1F1EE','2018-07-20 20:11:03','2021-08-01 14:37:27',1,'Q811'),(160,'Niger','NER','562','NE','227','Niamey','XOF','CFA','.ne','Niger','Africa','Western Africa','[{\"zoneName\":\"Africa/Niamey\",\"gmtOffset\":3600,\"gmtOffsetName\":\"UTC+01:00\",\"abbreviation\":\"WAT\",\"tzName\":\"West Africa Time\"}]','{\"kr\":\"니제르\",\"br\":\"Níger\",\"pt\":\"Níger\",\"nl\":\"Niger\",\"hr\":\"Niger\",\"fa\":\"نیجر\",\"de\":\"Niger\",\"es\":\"Níger\",\"fr\":\"Niger\",\"ja\":\"ニジェール\",\"it\":\"Niger\",\"cn\":\"尼日尔\"}',16.00000000,8.00000000,'??','U+1F1F3 U+1F1EA','2018-07-20 20:11:03','2021-08-01 14:37:27',1,'Q1032'),(161,'Nigeria','NGA','566','NG','234','Abuja','NGN','₦','.ng','Nigeria','Africa','Western Africa','[{\"zoneName\":\"Africa/Lagos\",\"gmtOffset\":3600,\"gmtOffsetName\":\"UTC+01:00\",\"abbreviation\":\"WAT\",\"tzName\":\"West Africa Time\"}]','{\"kr\":\"나이지리아\",\"br\":\"Nigéria\",\"pt\":\"Nigéria\",\"nl\":\"Nigeria\",\"hr\":\"Nigerija\",\"fa\":\"نیجریه\",\"de\":\"Nigeria\",\"es\":\"Nigeria\",\"fr\":\"Nigéria\",\"ja\":\"ナイジェリア\",\"it\":\"Nigeria\",\"cn\":\"尼日利亚\"}',10.00000000,8.00000000,'??','U+1F1F3 U+1F1EC','2018-07-20 20:11:03','2021-08-01 14:37:27',1,'Q1033'),(162,'Niue','NIU','570','NU','683','Alofi','NZD','$','.nu','Niuē','Oceania','Polynesia','[{\"zoneName\":\"Pacific/Niue\",\"gmtOffset\":-39600,\"gmtOffsetName\":\"UTC-11:00\",\"abbreviation\":\"NUT\",\"tzName\":\"Niue Time\"}]','{\"kr\":\"니우에\",\"br\":\"Niue\",\"pt\":\"Niue\",\"nl\":\"Niue\",\"hr\":\"Niue\",\"fa\":\"نیووی\",\"de\":\"Niue\",\"es\":\"Niue\",\"fr\":\"Niue\",\"ja\":\"ニウエ\",\"it\":\"Niue\",\"cn\":\"纽埃\"}',-19.03333333,-169.86666666,'??','U+1F1F3 U+1F1FA','2018-07-20 20:11:03','2021-08-01 14:37:27',1,'Q34020'),(163,'Norfolk Island','NFK','574','NF','672','Kingston','AUD','$','.nf','Norfolk Island','Oceania','Australia and New Zealand','[{\"zoneName\":\"Pacific/Norfolk\",\"gmtOffset\":43200,\"gmtOffsetName\":\"UTC+12:00\",\"abbreviation\":\"NFT\",\"tzName\":\"Norfolk Time\"}]','{\"kr\":\"노퍽 섬\",\"br\":\"Ilha Norfolk\",\"pt\":\"Ilha Norfolk\",\"nl\":\"Norfolkeiland\",\"hr\":\"Otok Norfolk\",\"fa\":\"جزیره نورفک\",\"de\":\"Norfolkinsel\",\"es\":\"Isla de Norfolk\",\"fr\":\"Île de Norfolk\",\"ja\":\"ノーフォーク島\",\"it\":\"Isola Norfolk\",\"cn\":\"诺福克岛\"}',-29.03333333,167.95000000,'??','U+1F1F3 U+1F1EB','2018-07-20 20:11:03','2021-08-01 14:37:27',1,NULL),(164,'Northern Mariana Islands','MNP','580','MP','+1-670','Saipan','USD','$','.mp','Northern Mariana Islands','Oceania','Micronesia','[{\"zoneName\":\"Pacific/Saipan\",\"gmtOffset\":36000,\"gmtOffsetName\":\"UTC+10:00\",\"abbreviation\":\"ChST\",\"tzName\":\"Chamorro Standard Time\"}]','{\"kr\":\"북마리아나 제도\",\"br\":\"Ilhas Marianas\",\"pt\":\"Ilhas Marianas\",\"nl\":\"Noordelijke Marianeneilanden\",\"hr\":\"Sjevernomarijanski otoci\",\"fa\":\"جزایر ماریانای شمالی\",\"de\":\"Nördliche Marianen\",\"es\":\"Islas Marianas del Norte\",\"fr\":\"Îles Mariannes du Nord\",\"ja\":\"北マリアナ諸島\",\"it\":\"Isole Marianne Settentrionali\",\"cn\":\"北马里亚纳群岛\"}',15.20000000,145.75000000,'??','U+1F1F2 U+1F1F5','2018-07-20 20:11:03','2021-08-01 14:37:27',1,NULL),(165,'Norway','NOR','578','NO','47','Oslo','NOK','kr','.no','Norge','Europe','Northern Europe','[{\"zoneName\":\"Europe/Oslo\",\"gmtOffset\":3600,\"gmtOffsetName\":\"UTC+01:00\",\"abbreviation\":\"CET\",\"tzName\":\"Central European Time\"}]','{\"kr\":\"노르웨이\",\"br\":\"Noruega\",\"pt\":\"Noruega\",\"nl\":\"Noorwegen\",\"hr\":\"Norveška\",\"fa\":\"نروژ\",\"de\":\"Norwegen\",\"es\":\"Noruega\",\"fr\":\"Norvège\",\"ja\":\"ノルウェー\",\"it\":\"Norvegia\",\"cn\":\"挪威\"}',62.00000000,10.00000000,'??','U+1F1F3 U+1F1F4','2018-07-20 20:11:03','2021-08-01 14:37:27',1,'Q20'),(166,'Oman','OMN','512','OM','968','Muscat','OMR','.ع.ر','.om','عمان','Asia','Western Asia','[{\"zoneName\":\"Asia/Muscat\",\"gmtOffset\":14400,\"gmtOffsetName\":\"UTC+04:00\",\"abbreviation\":\"GST\",\"tzName\":\"Gulf Standard Time\"}]','{\"kr\":\"오만\",\"br\":\"Omã\",\"pt\":\"Omã\",\"nl\":\"Oman\",\"hr\":\"Oman\",\"fa\":\"عمان\",\"de\":\"Oman\",\"es\":\"Omán\",\"fr\":\"Oman\",\"ja\":\"オマーン\",\"it\":\"oman\",\"cn\":\"阿曼\"}',21.00000000,57.00000000,'??','U+1F1F4 U+1F1F2','2018-07-20 20:11:03','2021-08-01 14:37:27',1,'Q842'),(167,'Pakistan','PAK','586','PK','92','Islamabad','PKR','₨','.pk','Pakistan','Asia','Southern Asia','[{\"zoneName\":\"Asia/Karachi\",\"gmtOffset\":18000,\"gmtOffsetName\":\"UTC+05:00\",\"abbreviation\":\"PKT\",\"tzName\":\"Pakistan Standard Time\"}]','{\"kr\":\"파키스탄\",\"br\":\"Paquistão\",\"pt\":\"Paquistão\",\"nl\":\"Pakistan\",\"hr\":\"Pakistan\",\"fa\":\"پاکستان\",\"de\":\"Pakistan\",\"es\":\"Pakistán\",\"fr\":\"Pakistan\",\"ja\":\"パキスタン\",\"it\":\"Pakistan\",\"cn\":\"巴基斯坦\"}',30.00000000,70.00000000,'??','U+1F1F5 U+1F1F0','2018-07-20 20:11:03','2021-08-01 14:37:27',1,'Q843'),(168,'Palau','PLW','585','PW','680','Melekeok','USD','$','.pw','Palau','Oceania','Micronesia','[{\"zoneName\":\"Pacific/Palau\",\"gmtOffset\":32400,\"gmtOffsetName\":\"UTC+09:00\",\"abbreviation\":\"PWT\",\"tzName\":\"Palau Time\"}]','{\"kr\":\"팔라우\",\"br\":\"Palau\",\"pt\":\"Palau\",\"nl\":\"Palau\",\"hr\":\"Palau\",\"fa\":\"پالائو\",\"de\":\"Palau\",\"es\":\"Palau\",\"fr\":\"Palaos\",\"ja\":\"パラオ\",\"it\":\"Palau\",\"cn\":\"帕劳\"}',7.50000000,134.50000000,'??','U+1F1F5 U+1F1FC','2018-07-20 20:11:03','2021-08-01 14:37:27',1,'Q695'),(169,'Palestinian Territory Occupied','PSE','275','PS','970','East Jerusalem','ILS','₪','.ps','فلسطين','Asia','Western Asia','[{\"zoneName\":\"Asia/Gaza\",\"gmtOffset\":7200,\"gmtOffsetName\":\"UTC+02:00\",\"abbreviation\":\"EET\",\"tzName\":\"Eastern European Time\"},{\"zoneName\":\"Asia/Hebron\",\"gmtOffset\":7200,\"gmtOffsetName\":\"UTC+02:00\",\"abbreviation\":\"EET\",\"tzName\":\"Eastern European Time\"}]','{\"kr\":\"팔레스타인 영토\",\"br\":\"Palestina\",\"pt\":\"Palestina\",\"nl\":\"Palestijnse gebieden\",\"hr\":\"Palestina\",\"fa\":\"فلسطین\",\"de\":\"Palästina\",\"es\":\"Palestina\",\"fr\":\"Palestine\",\"ja\":\"パレスチナ\",\"it\":\"Palestina\",\"cn\":\"巴勒斯坦\"}',31.90000000,35.20000000,'??','U+1F1F5 U+1F1F8','2018-07-20 20:11:03','2021-08-01 14:37:27',1,NULL),(170,'Panama','PAN','591','PA','507','Panama City','PAB','B/.','.pa','Panamá','Americas','Central America','[{\"zoneName\":\"America/Panama\",\"gmtOffset\":-18000,\"gmtOffsetName\":\"UTC-05:00\",\"abbreviation\":\"EST\",\"tzName\":\"Eastern Standard Time (North America\"}]','{\"kr\":\"파나마\",\"br\":\"Panamá\",\"pt\":\"Panamá\",\"nl\":\"Panama\",\"hr\":\"Panama\",\"fa\":\"پاناما\",\"de\":\"Panama\",\"es\":\"Panamá\",\"fr\":\"Panama\",\"ja\":\"パナマ\",\"it\":\"Panama\",\"cn\":\"巴拿马\"}',9.00000000,-80.00000000,'??','U+1F1F5 U+1F1E6','2018-07-20 20:11:03','2021-08-01 14:37:27',1,'Q804'),(171,'Papua new Guinea','PNG','598','PG','675','Port Moresby','PGK','K','.pg','Papua Niugini','Oceania','Melanesia','[{\"zoneName\":\"Pacific/Bougainville\",\"gmtOffset\":39600,\"gmtOffsetName\":\"UTC+11:00\",\"abbreviation\":\"BST\",\"tzName\":\"Bougainville Standard Time[6\"},{\"zoneName\":\"Pacific/Port_Moresby\",\"gmtOffset\":36000,\"gmtOffsetName\":\"UTC+10:00\",\"abbreviation\":\"PGT\",\"tzName\":\"Papua New Guinea Time\"}]','{\"kr\":\"파푸아뉴기니\",\"br\":\"Papua Nova Guiné\",\"pt\":\"Papua Nova Guiné\",\"nl\":\"Papoea-Nieuw-Guinea\",\"hr\":\"Papua Nova Gvineja\",\"fa\":\"پاپوآ گینه نو\",\"de\":\"Papua-Neuguinea\",\"es\":\"Papúa Nueva Guinea\",\"fr\":\"Papouasie-Nouvelle-Guinée\",\"ja\":\"パプアニューギニア\",\"it\":\"Papua Nuova Guinea\",\"cn\":\"巴布亚新几内亚\"}',-6.00000000,147.00000000,'??','U+1F1F5 U+1F1EC','2018-07-20 20:11:03','2021-08-01 14:37:27',1,'Q691'),(172,'Paraguay','PRY','600','PY','595','Asuncion','PYG','₲','.py','Paraguay','Americas','South America','[{\"zoneName\":\"America/Asuncion\",\"gmtOffset\":-10800,\"gmtOffsetName\":\"UTC-03:00\",\"abbreviation\":\"PYST\",\"tzName\":\"Paraguay Summer Time\"}]','{\"kr\":\"파라과이\",\"br\":\"Paraguai\",\"pt\":\"Paraguai\",\"nl\":\"Paraguay\",\"hr\":\"Paragvaj\",\"fa\":\"پاراگوئه\",\"de\":\"Paraguay\",\"es\":\"Paraguay\",\"fr\":\"Paraguay\",\"ja\":\"パラグアイ\",\"it\":\"Paraguay\",\"cn\":\"巴拉圭\"}',-23.00000000,-58.00000000,'??','U+1F1F5 U+1F1FE','2018-07-20 20:11:03','2021-08-01 14:37:27',1,'Q733'),(173,'Peru','PER','604','PE','51','Lima','PEN','S/.','.pe','Perú','Americas','South America','[{\"zoneName\":\"America/Lima\",\"gmtOffset\":-18000,\"gmtOffsetName\":\"UTC-05:00\",\"abbreviation\":\"PET\",\"tzName\":\"Peru Time\"}]','{\"kr\":\"페루\",\"br\":\"Peru\",\"pt\":\"Peru\",\"nl\":\"Peru\",\"hr\":\"Peru\",\"fa\":\"پرو\",\"de\":\"Peru\",\"es\":\"Perú\",\"fr\":\"Pérou\",\"ja\":\"ペルー\",\"it\":\"Perù\",\"cn\":\"秘鲁\"}',-10.00000000,-76.00000000,'??','U+1F1F5 U+1F1EA','2018-07-20 20:11:03','2021-08-01 14:37:27',1,'Q419'),(174,'Philippines','PHL','608','PH','63','Manila','PHP','₱','.ph','Pilipinas','Asia','South-Eastern Asia','[{\"zoneName\":\"Asia/Manila\",\"gmtOffset\":28800,\"gmtOffsetName\":\"UTC+08:00\",\"abbreviation\":\"PHT\",\"tzName\":\"Philippine Time\"}]','{\"kr\":\"필리핀\",\"br\":\"Filipinas\",\"pt\":\"Filipinas\",\"nl\":\"Filipijnen\",\"hr\":\"Filipini\",\"fa\":\"جزایر الندفیلیپین\",\"de\":\"Philippinen\",\"es\":\"Filipinas\",\"fr\":\"Philippines\",\"ja\":\"フィリピン\",\"it\":\"Filippine\",\"cn\":\"菲律宾\"}',13.00000000,122.00000000,'??','U+1F1F5 U+1F1ED','2018-07-20 20:11:03','2021-08-01 14:37:27',1,'Q928'),(175,'Pitcairn Island','PCN','612','PN','870','Adamstown','NZD','$','.pn','Pitcairn Islands','Oceania','Polynesia','[{\"zoneName\":\"Pacific/Pitcairn\",\"gmtOffset\":-28800,\"gmtOffsetName\":\"UTC-08:00\",\"abbreviation\":\"PST\",\"tzName\":\"Pacific Standard Time (North America\"}]','{\"kr\":\"핏케언 제도\",\"br\":\"Ilhas Pitcairn\",\"pt\":\"Ilhas Picárnia\",\"nl\":\"Pitcairneilanden\",\"hr\":\"Pitcairnovo otočje\",\"fa\":\"پیتکرن\",\"de\":\"Pitcairn\",\"es\":\"Islas Pitcairn\",\"fr\":\"Îles Pitcairn\",\"ja\":\"ピトケアン\",\"it\":\"Isole Pitcairn\",\"cn\":\"皮特凯恩群岛\"}',-25.06666666,-130.10000000,'??','U+1F1F5 U+1F1F3','2018-07-20 20:11:03','2021-08-01 14:37:27',1,NULL),(176,'Poland','POL','616','PL','48','Warsaw','PLN','zł','.pl','Polska','Europe','Eastern Europe','[{\"zoneName\":\"Europe/Warsaw\",\"gmtOffset\":3600,\"gmtOffsetName\":\"UTC+01:00\",\"abbreviation\":\"CET\",\"tzName\":\"Central European Time\"}]','{\"kr\":\"폴란드\",\"br\":\"Polônia\",\"pt\":\"Polónia\",\"nl\":\"Polen\",\"hr\":\"Poljska\",\"fa\":\"لهستان\",\"de\":\"Polen\",\"es\":\"Polonia\",\"fr\":\"Pologne\",\"ja\":\"ポーランド\",\"it\":\"Polonia\",\"cn\":\"波兰\"}',52.00000000,20.00000000,'??','U+1F1F5 U+1F1F1','2018-07-20 20:11:03','2021-08-01 14:37:27',1,'Q36'),(177,'Portugal','PRT','620','PT','351','Lisbon','EUR','€','.pt','Portugal','Europe','Southern Europe','[{\"zoneName\":\"Atlantic/Azores\",\"gmtOffset\":-3600,\"gmtOffsetName\":\"UTC-01:00\",\"abbreviation\":\"AZOT\",\"tzName\":\"Azores Standard Time\"},{\"zoneName\":\"Atlantic/Madeira\",\"gmtOffset\":0,\"gmtOffsetName\":\"UTC±00\",\"abbreviation\":\"WET\",\"tzName\":\"Western European Time\"},{\"zoneName\":\"Europe/Lisbon\",\"gmtOffset\":0,\"gmtOffsetName\":\"UTC±00\",\"abbreviation\":\"WET\",\"tzName\":\"Western European Time\"}]','{\"kr\":\"포르투갈\",\"br\":\"Portugal\",\"pt\":\"Portugal\",\"nl\":\"Portugal\",\"hr\":\"Portugal\",\"fa\":\"پرتغال\",\"de\":\"Portugal\",\"es\":\"Portugal\",\"fr\":\"Portugal\",\"ja\":\"ポルトガル\",\"it\":\"Portogallo\",\"cn\":\"葡萄牙\"}',39.50000000,-8.00000000,'??','U+1F1F5 U+1F1F9','2018-07-20 20:11:03','2021-08-01 14:37:27',1,'Q45'),(178,'Puerto Rico','PRI','630','PR','+1-787 and 1-939','San Juan','USD','$','.pr','Puerto Rico','Americas','Caribbean','[{\"zoneName\":\"America/Puerto_Rico\",\"gmtOffset\":-14400,\"gmtOffsetName\":\"UTC-04:00\",\"abbreviation\":\"AST\",\"tzName\":\"Atlantic Standard Time\"}]','{\"kr\":\"푸에르토리코\",\"br\":\"Porto Rico\",\"pt\":\"Porto Rico\",\"nl\":\"Puerto Rico\",\"hr\":\"Portoriko\",\"fa\":\"پورتو ریکو\",\"de\":\"Puerto Rico\",\"es\":\"Puerto Rico\",\"fr\":\"Porto Rico\",\"ja\":\"プエルトリコ\",\"it\":\"Porto Rico\",\"cn\":\"波多黎各\"}',18.25000000,-66.50000000,'??','U+1F1F5 U+1F1F7','2018-07-20 20:11:03','2021-08-01 14:37:27',1,NULL),(179,'Qatar','QAT','634','QA','974','Doha','QAR','ق.ر','.qa','قطر','Asia','Western Asia','[{\"zoneName\":\"Asia/Qatar\",\"gmtOffset\":10800,\"gmtOffsetName\":\"UTC+03:00\",\"abbreviation\":\"AST\",\"tzName\":\"Arabia Standard Time\"}]','{\"kr\":\"카타르\",\"br\":\"Catar\",\"pt\":\"Catar\",\"nl\":\"Qatar\",\"hr\":\"Katar\",\"fa\":\"قطر\",\"de\":\"Katar\",\"es\":\"Catar\",\"fr\":\"Qatar\",\"ja\":\"カタール\",\"it\":\"Qatar\",\"cn\":\"卡塔尔\"}',25.50000000,51.25000000,'??','U+1F1F6 U+1F1E6','2018-07-20 20:11:03','2021-08-01 14:37:27',1,'Q846'),(180,'Reunion','REU','638','RE','262','Saint-Denis','EUR','€','.re','La Réunion','Africa','Eastern Africa','[{\"zoneName\":\"Indian/Reunion\",\"gmtOffset\":14400,\"gmtOffsetName\":\"UTC+04:00\",\"abbreviation\":\"RET\",\"tzName\":\"Réunion Time\"}]','{\"kr\":\"레위니옹\",\"br\":\"Reunião\",\"pt\":\"Reunião\",\"nl\":\"Réunion\",\"hr\":\"Réunion\",\"fa\":\"رئونیون\",\"de\":\"Réunion\",\"es\":\"Reunión\",\"fr\":\"Réunion\",\"ja\":\"レユニオン\",\"it\":\"Riunione\",\"cn\":\"留尼汪岛\"}',-21.15000000,55.50000000,'??','U+1F1F7 U+1F1EA','2018-07-20 20:11:03','2021-08-01 14:37:27',1,NULL),(181,'Romania','ROU','642','RO','40','Bucharest','RON','lei','.ro','România','Europe','Eastern Europe','[{\"zoneName\":\"Europe/Bucharest\",\"gmtOffset\":7200,\"gmtOffsetName\":\"UTC+02:00\",\"abbreviation\":\"EET\",\"tzName\":\"Eastern European Time\"}]','{\"kr\":\"루마니아\",\"br\":\"Romênia\",\"pt\":\"Roménia\",\"nl\":\"Roemenië\",\"hr\":\"Rumunjska\",\"fa\":\"رومانی\",\"de\":\"Rumänien\",\"es\":\"Rumania\",\"fr\":\"Roumanie\",\"ja\":\"ルーマニア\",\"it\":\"Romania\",\"cn\":\"罗马尼亚\"}',46.00000000,25.00000000,'??','U+1F1F7 U+1F1F4','2018-07-20 20:11:03','2021-08-01 14:37:27',1,'Q218'),(182,'Russia','RUS','643','RU','7','Moscow','RUB','₽','.ru','Россия','Europe','Eastern Europe','[{\"zoneName\":\"Asia/Anadyr\",\"gmtOffset\":43200,\"gmtOffsetName\":\"UTC+12:00\",\"abbreviation\":\"ANAT\",\"tzName\":\"Anadyr Time[4\"},{\"zoneName\":\"Asia/Barnaul\",\"gmtOffset\":25200,\"gmtOffsetName\":\"UTC+07:00\",\"abbreviation\":\"KRAT\",\"tzName\":\"Krasnoyarsk Time\"},{\"zoneName\":\"Asia/Chita\",\"gmtOffset\":32400,\"gmtOffsetName\":\"UTC+09:00\",\"abbreviation\":\"YAKT\",\"tzName\":\"Yakutsk Time\"},{\"zoneName\":\"Asia/Irkutsk\",\"gmtOffset\":28800,\"gmtOffsetName\":\"UTC+08:00\",\"abbreviation\":\"IRKT\",\"tzName\":\"Irkutsk Time\"},{\"zoneName\":\"Asia/Kamchatka\",\"gmtOffset\":43200,\"gmtOffsetName\":\"UTC+12:00\",\"abbreviation\":\"PETT\",\"tzName\":\"Kamchatka Time\"},{\"zoneName\":\"Asia/Khandyga\",\"gmtOffset\":32400,\"gmtOffsetName\":\"UTC+09:00\",\"abbreviation\":\"YAKT\",\"tzName\":\"Yakutsk Time\"},{\"zoneName\":\"Asia/Krasnoyarsk\",\"gmtOffset\":25200,\"gmtOffsetName\":\"UTC+07:00\",\"abbreviation\":\"KRAT\",\"tzName\":\"Krasnoyarsk Time\"},{\"zoneName\":\"Asia/Magadan\",\"gmtOffset\":39600,\"gmtOffsetName\":\"UTC+11:00\",\"abbreviation\":\"MAGT\",\"tzName\":\"Magadan Time\"},{\"zoneName\":\"Asia/Novokuznetsk\",\"gmtOffset\":25200,\"gmtOffsetName\":\"UTC+07:00\",\"abbreviation\":\"KRAT\",\"tzName\":\"Krasnoyarsk Time\"},{\"zoneName\":\"Asia/Novosibirsk\",\"gmtOffset\":25200,\"gmtOffsetName\":\"UTC+07:00\",\"abbreviation\":\"NOVT\",\"tzName\":\"Novosibirsk Time\"},{\"zoneName\":\"Asia/Omsk\",\"gmtOffset\":21600,\"gmtOffsetName\":\"UTC+06:00\",\"abbreviation\":\"OMST\",\"tzName\":\"Omsk Time\"},{\"zoneName\":\"Asia/Sakhalin\",\"gmtOffset\":39600,\"gmtOffsetName\":\"UTC+11:00\",\"abbreviation\":\"SAKT\",\"tzName\":\"Sakhalin Island Time\"},{\"zoneName\":\"Asia/Srednekolymsk\",\"gmtOffset\":39600,\"gmtOffsetName\":\"UTC+11:00\",\"abbreviation\":\"SRET\",\"tzName\":\"Srednekolymsk Time\"},{\"zoneName\":\"Asia/Tomsk\",\"gmtOffset\":25200,\"gmtOffsetName\":\"UTC+07:00\",\"abbreviation\":\"MSD+3\",\"tzName\":\"Moscow Daylight Time+3\"},{\"zoneName\":\"Asia/Ust-Nera\",\"gmtOffset\":36000,\"gmtOffsetName\":\"UTC+10:00\",\"abbreviation\":\"VLAT\",\"tzName\":\"Vladivostok Time\"},{\"zoneName\":\"Asia/Vladivostok\",\"gmtOffset\":36000,\"gmtOffsetName\":\"UTC+10:00\",\"abbreviation\":\"VLAT\",\"tzName\":\"Vladivostok Time\"},{\"zoneName\":\"Asia/Yakutsk\",\"gmtOffset\":32400,\"gmtOffsetName\":\"UTC+09:00\",\"abbreviation\":\"YAKT\",\"tzName\":\"Yakutsk Time\"},{\"zoneName\":\"Asia/Yekaterinburg\",\"gmtOffset\":18000,\"gmtOffsetName\":\"UTC+05:00\",\"abbreviation\":\"YEKT\",\"tzName\":\"Yekaterinburg Time\"},{\"zoneName\":\"Europe/Astrakhan\",\"gmtOffset\":14400,\"gmtOffsetName\":\"UTC+04:00\",\"abbreviation\":\"SAMT\",\"tzName\":\"Samara Time\"},{\"zoneName\":\"Europe/Kaliningrad\",\"gmtOffset\":7200,\"gmtOffsetName\":\"UTC+02:00\",\"abbreviation\":\"EET\",\"tzName\":\"Eastern European Time\"},{\"zoneName\":\"Europe/Kirov\",\"gmtOffset\":10800,\"gmtOffsetName\":\"UTC+03:00\",\"abbreviation\":\"MSK\",\"tzName\":\"Moscow Time\"},{\"zoneName\":\"Europe/Moscow\",\"gmtOffset\":10800,\"gmtOffsetName\":\"UTC+03:00\",\"abbreviation\":\"MSK\",\"tzName\":\"Moscow Time\"},{\"zoneName\":\"Europe/Samara\",\"gmtOffset\":14400,\"gmtOffsetName\":\"UTC+04:00\",\"abbreviation\":\"SAMT\",\"tzName\":\"Samara Time\"},{\"zoneName\":\"Europe/Saratov\",\"gmtOffset\":14400,\"gmtOffsetName\":\"UTC+04:00\",\"abbreviation\":\"MSD\",\"tzName\":\"Moscow Daylight Time+4\"},{\"zoneName\":\"Europe/Ulyanovsk\",\"gmtOffset\":14400,\"gmtOffsetName\":\"UTC+04:00\",\"abbreviation\":\"SAMT\",\"tzName\":\"Samara Time\"},{\"zoneName\":\"Europe/Volgograd\",\"gmtOffset\":14400,\"gmtOffsetName\":\"UTC+04:00\",\"abbreviation\":\"MSK\",\"tzName\":\"Moscow Standard Time\"}]','{\"kr\":\"러시아\",\"br\":\"Rússia\",\"pt\":\"Rússia\",\"nl\":\"Rusland\",\"hr\":\"Rusija\",\"fa\":\"روسیه\",\"de\":\"Russland\",\"es\":\"Rusia\",\"fr\":\"Russie\",\"ja\":\"ロシア連邦\",\"it\":\"Russia\",\"cn\":\"俄罗斯联邦\"}',60.00000000,100.00000000,'??','U+1F1F7 U+1F1FA','2018-07-20 20:11:03','2021-08-01 14:37:27',1,'Q159'),(183,'Rwanda','RWA','646','RW','250','Kigali','RWF','FRw','.rw','Rwanda','Africa','Eastern Africa','[{\"zoneName\":\"Africa/Kigali\",\"gmtOffset\":7200,\"gmtOffsetName\":\"UTC+02:00\",\"abbreviation\":\"CAT\",\"tzName\":\"Central Africa Time\"}]','{\"kr\":\"르완다\",\"br\":\"Ruanda\",\"pt\":\"Ruanda\",\"nl\":\"Rwanda\",\"hr\":\"Ruanda\",\"fa\":\"رواندا\",\"de\":\"Ruanda\",\"es\":\"Ruanda\",\"fr\":\"Rwanda\",\"ja\":\"ルワンダ\",\"it\":\"Ruanda\",\"cn\":\"卢旺达\"}',-2.00000000,30.00000000,'??','U+1F1F7 U+1F1FC','2018-07-20 20:11:03','2021-08-01 14:37:27',1,'Q1037'),(184,'Saint Helena','SHN','654','SH','290','Jamestown','SHP','£','.sh','Saint Helena','Africa','Western Africa','[{\"zoneName\":\"Atlantic/St_Helena\",\"gmtOffset\":0,\"gmtOffsetName\":\"UTC±00\",\"abbreviation\":\"GMT\",\"tzName\":\"Greenwich Mean Time\"}]','{\"kr\":\"세인트헬레나\",\"br\":\"Santa Helena\",\"pt\":\"Santa Helena\",\"nl\":\"Sint-Helena\",\"hr\":\"Sveta Helena\",\"fa\":\"سنت هلنا، اسنشن و تریستان دا کونا\",\"de\":\"Sankt Helena\",\"es\":\"Santa Helena\",\"fr\":\"Sainte-Hélène\",\"ja\":\"セントヘレナ・アセンションおよびトリスタンダクーニャ\",\"it\":\"Sant\'Elena\",\"cn\":\"圣赫勒拿\"}',-15.95000000,-5.70000000,'??','U+1F1F8 U+1F1ED','2018-07-20 20:11:03','2021-08-01 14:37:27',1,NULL),(185,'Saint Kitts And Nevis','KNA','659','KN','+1-869','Basseterre','XCD','$','.kn','Saint Kitts and Nevis','Americas','Caribbean','[{\"zoneName\":\"America/St_Kitts\",\"gmtOffset\":-14400,\"gmtOffsetName\":\"UTC-04:00\",\"abbreviation\":\"AST\",\"tzName\":\"Atlantic Standard Time\"}]','{\"kr\":\"세인트키츠 네비스\",\"br\":\"São Cristóvão e Neves\",\"pt\":\"São Cristóvão e Neves\",\"nl\":\"Saint Kitts en Nevis\",\"hr\":\"Sveti Kristof i Nevis\",\"fa\":\"سنت کیتس و نویس\",\"de\":\"St. Kitts und Nevis\",\"es\":\"San Cristóbal y Nieves\",\"fr\":\"Saint-Christophe-et-Niévès\",\"ja\":\"セントクリストファー・ネイビス\",\"it\":\"Saint Kitts e Nevis\",\"cn\":\"圣基茨和尼维斯\"}',17.33333333,-62.75000000,'??','U+1F1F0 U+1F1F3','2018-07-20 20:11:03','2021-08-01 14:37:27',1,'Q763'),(186,'Saint Lucia','LCA','662','LC','+1-758','Castries','XCD','$','.lc','Saint Lucia','Americas','Caribbean','[{\"zoneName\":\"America/St_Lucia\",\"gmtOffset\":-14400,\"gmtOffsetName\":\"UTC-04:00\",\"abbreviation\":\"AST\",\"tzName\":\"Atlantic Standard Time\"}]','{\"kr\":\"세인트루시아\",\"br\":\"Santa Lúcia\",\"pt\":\"Santa Lúcia\",\"nl\":\"Saint Lucia\",\"hr\":\"Sveta Lucija\",\"fa\":\"سنت لوسیا\",\"de\":\"Saint Lucia\",\"es\":\"Santa Lucía\",\"fr\":\"Saint-Lucie\",\"ja\":\"セントルシア\",\"it\":\"Santa Lucia\",\"cn\":\"圣卢西亚\"}',13.88333333,-60.96666666,'??','U+1F1F1 U+1F1E8','2018-07-20 20:11:03','2021-08-01 14:37:27',1,'Q760'),(187,'Saint Pierre and Miquelon','SPM','666','PM','508','Saint-Pierre','EUR','€','.pm','Saint-Pierre-et-Miquelon','Americas','Northern America','[{\"zoneName\":\"America/Miquelon\",\"gmtOffset\":-10800,\"gmtOffsetName\":\"UTC-03:00\",\"abbreviation\":\"PMDT\",\"tzName\":\"Pierre & Miquelon Daylight Time\"}]','{\"kr\":\"생피에르 미클롱\",\"br\":\"Saint-Pierre e Miquelon\",\"pt\":\"São Pedro e Miquelon\",\"nl\":\"Saint Pierre en Miquelon\",\"hr\":\"Sveti Petar i Mikelon\",\"fa\":\"سن پیر و میکلن\",\"de\":\"Saint-Pierre und Miquelon\",\"es\":\"San Pedro y Miquelón\",\"fr\":\"Saint-Pierre-et-Miquelon\",\"ja\":\"サンピエール島・ミクロン島\",\"it\":\"Saint-Pierre e Miquelon\",\"cn\":\"圣皮埃尔和密克隆\"}',46.83333333,-56.33333333,'??','U+1F1F5 U+1F1F2','2018-07-20 20:11:03','2021-08-01 14:37:27',1,NULL),(188,'Saint Vincent And The Grenadines','VCT','670','VC','+1-784','Kingstown','XCD','$','.vc','Saint Vincent and the Grenadines','Americas','Caribbean','[{\"zoneName\":\"America/St_Vincent\",\"gmtOffset\":-14400,\"gmtOffsetName\":\"UTC-04:00\",\"abbreviation\":\"AST\",\"tzName\":\"Atlantic Standard Time\"}]','{\"kr\":\"세인트빈센트 그레나딘\",\"br\":\"São Vicente e Granadinas\",\"pt\":\"São Vicente e Granadinas\",\"nl\":\"Saint Vincent en de Grenadines\",\"hr\":\"Sveti Vincent i Grenadini\",\"fa\":\"سنت وینسنت و گرنادین‌ها\",\"de\":\"Saint Vincent und die Grenadinen\",\"es\":\"San Vicente y Granadinas\",\"fr\":\"Saint-Vincent-et-les-Grenadines\",\"ja\":\"セントビンセントおよびグレナディーン諸島\",\"it\":\"Saint Vincent e Grenadine\",\"cn\":\"圣文森特和格林纳丁斯\"}',13.25000000,-61.20000000,'??','U+1F1FB U+1F1E8','2018-07-20 20:11:03','2021-08-01 14:37:27',1,'Q757'),(189,'Saint-Barthelemy','BLM','652','BL','590','Gustavia','EUR','€','.bl','Saint-Barthélemy','Americas','Caribbean','[{\"zoneName\":\"America/St_Barthelemy\",\"gmtOffset\":-14400,\"gmtOffsetName\":\"UTC-04:00\",\"abbreviation\":\"AST\",\"tzName\":\"Atlantic Standard Time\"}]','{\"kr\":\"생바르텔레미\",\"br\":\"São Bartolomeu\",\"pt\":\"São Bartolomeu\",\"nl\":\"Saint Barthélemy\",\"hr\":\"Saint Barthélemy\",\"fa\":\"سن-بارتلمی\",\"de\":\"Saint-Barthélemy\",\"es\":\"San Bartolomé\",\"fr\":\"Saint-Barthélemy\",\"ja\":\"サン・バルテルミー\",\"it\":\"Antille Francesi\",\"cn\":\"圣巴泰勒米\"}',18.50000000,-63.41666666,'??','U+1F1E7 U+1F1F1','2018-07-20 20:11:03','2021-08-01 14:37:27',1,NULL),(190,'Saint-Martin (French part)','MAF','663','MF','590','Marigot','EUR','€','.mf','Saint-Martin','Americas','Caribbean','[{\"zoneName\":\"America/Marigot\",\"gmtOffset\":-14400,\"gmtOffsetName\":\"UTC-04:00\",\"abbreviation\":\"AST\",\"tzName\":\"Atlantic Standard Time\"}]','{\"kr\":\"세인트마틴 섬\",\"br\":\"Saint Martin\",\"pt\":\"Ilha São Martinho\",\"nl\":\"Saint-Martin\",\"hr\":\"Sveti Martin\",\"fa\":\"سینت مارتن\",\"de\":\"Saint Martin\",\"es\":\"Saint Martin\",\"fr\":\"Saint-Martin\",\"ja\":\"サン・マルタン（フランス領）\",\"it\":\"Saint Martin\",\"cn\":\"密克罗尼西亚\"}',18.08333333,-63.95000000,'??','U+1F1F2 U+1F1EB','2018-07-20 20:11:03','2021-08-01 14:37:27',1,NULL),(191,'Samoa','WSM','882','WS','685','Apia','WST','SAT','.ws','Samoa','Oceania','Polynesia','[{\"zoneName\":\"Pacific/Apia\",\"gmtOffset\":50400,\"gmtOffsetName\":\"UTC+14:00\",\"abbreviation\":\"WST\",\"tzName\":\"West Samoa Time\"}]','{\"kr\":\"사모아\",\"br\":\"Samoa\",\"pt\":\"Samoa\",\"nl\":\"Samoa\",\"hr\":\"Samoa\",\"fa\":\"ساموآ\",\"de\":\"Samoa\",\"es\":\"Samoa\",\"fr\":\"Samoa\",\"ja\":\"サモア\",\"it\":\"Samoa\",\"cn\":\"萨摩亚\"}',-13.58333333,-172.33333333,'??','U+1F1FC U+1F1F8','2018-07-20 20:11:03','2021-08-01 14:37:27',1,'Q683'),(192,'San Marino','SMR','674','SM','378','San Marino','EUR','€','.sm','San Marino','Europe','Southern Europe','[{\"zoneName\":\"Europe/San_Marino\",\"gmtOffset\":3600,\"gmtOffsetName\":\"UTC+01:00\",\"abbreviation\":\"CET\",\"tzName\":\"Central European Time\"}]','{\"kr\":\"산마리노\",\"br\":\"San Marino\",\"pt\":\"São Marinho\",\"nl\":\"San Marino\",\"hr\":\"San Marino\",\"fa\":\"سان مارینو\",\"de\":\"San Marino\",\"es\":\"San Marino\",\"fr\":\"Saint-Marin\",\"ja\":\"サンマリノ\",\"it\":\"San Marino\",\"cn\":\"圣马力诺\"}',43.76666666,12.41666666,'??','U+1F1F8 U+1F1F2','2018-07-20 20:11:03','2021-08-01 14:37:27',1,'Q238'),(193,'Sao Tome and Principe','STP','678','ST','239','Sao Tome','STD','Db','.st','São Tomé e Príncipe','Africa','Middle Africa','[{\"zoneName\":\"Africa/Sao_Tome\",\"gmtOffset\":0,\"gmtOffsetName\":\"UTC±00\",\"abbreviation\":\"GMT\",\"tzName\":\"Greenwich Mean Time\"}]','{\"kr\":\"상투메 프린시페\",\"br\":\"São Tomé e Príncipe\",\"pt\":\"São Tomé e Príncipe\",\"nl\":\"Sao Tomé en Principe\",\"hr\":\"Sveti Toma i Princip\",\"fa\":\"کواترو دو فرویرو\",\"de\":\"São Tomé und Príncipe\",\"es\":\"Santo Tomé y Príncipe\",\"fr\":\"Sao Tomé-et-Principe\",\"ja\":\"サントメ・プリンシペ\",\"it\":\"São Tomé e Príncipe\",\"cn\":\"圣多美和普林西比\"}',1.00000000,7.00000000,'??','U+1F1F8 U+1F1F9','2018-07-20 20:11:03','2021-08-01 14:37:27',1,'Q1039'),(194,'Saudi Arabia','SAU','682','SA','966','Riyadh','SAR','﷼','.sa','المملكة العربية السعودية','Asia','Western Asia','[{\"zoneName\":\"Asia/Riyadh\",\"gmtOffset\":10800,\"gmtOffsetName\":\"UTC+03:00\",\"abbreviation\":\"AST\",\"tzName\":\"Arabia Standard Time\"}]','{\"kr\":\"사우디아라비아\",\"br\":\"Arábia Saudita\",\"pt\":\"Arábia Saudita\",\"nl\":\"Saoedi-Arabië\",\"hr\":\"Saudijska Arabija\",\"fa\":\"عربستان سعودی\",\"de\":\"Saudi-Arabien\",\"es\":\"Arabia Saudí\",\"fr\":\"Arabie Saoudite\",\"ja\":\"サウジアラビア\",\"it\":\"Arabia Saudita\",\"cn\":\"沙特阿拉伯\"}',25.00000000,45.00000000,'??','U+1F1F8 U+1F1E6','2018-07-20 20:11:03','2021-09-26 13:09:09',1,'Q851'),(195,'Senegal','SEN','686','SN','221','Dakar','XOF','CFA','.sn','Sénégal','Africa','Western Africa','[{\"zoneName\":\"Africa/Dakar\",\"gmtOffset\":0,\"gmtOffsetName\":\"UTC±00\",\"abbreviation\":\"GMT\",\"tzName\":\"Greenwich Mean Time\"}]','{\"kr\":\"세네갈\",\"br\":\"Senegal\",\"pt\":\"Senegal\",\"nl\":\"Senegal\",\"hr\":\"Senegal\",\"fa\":\"سنگال\",\"de\":\"Senegal\",\"es\":\"Senegal\",\"fr\":\"Sénégal\",\"ja\":\"セネガル\",\"it\":\"Senegal\",\"cn\":\"塞内加尔\"}',14.00000000,-14.00000000,'??','U+1F1F8 U+1F1F3','2018-07-20 20:11:03','2021-08-01 14:37:27',1,'Q1041'),(196,'Serbia','SRB','688','RS','381','Belgrade','RSD','din','.rs','Србија','Europe','Southern Europe','[{\"zoneName\":\"Europe/Belgrade\",\"gmtOffset\":3600,\"gmtOffsetName\":\"UTC+01:00\",\"abbreviation\":\"CET\",\"tzName\":\"Central European Time\"}]','{\"kr\":\"세르비아\",\"br\":\"Sérvia\",\"pt\":\"Sérvia\",\"nl\":\"Servië\",\"hr\":\"Srbija\",\"fa\":\"صربستان\",\"de\":\"Serbien\",\"es\":\"Serbia\",\"fr\":\"Serbie\",\"ja\":\"セルビア\",\"it\":\"Serbia\",\"cn\":\"塞尔维亚\"}',44.00000000,21.00000000,'??','U+1F1F7 U+1F1F8','2018-07-20 20:11:03','2021-08-01 14:37:27',1,'Q403'),(197,'Seychelles','SYC','690','SC','248','Victoria','SCR','SRe','.sc','Seychelles','Africa','Eastern Africa','[{\"zoneName\":\"Indian/Mahe\",\"gmtOffset\":14400,\"gmtOffsetName\":\"UTC+04:00\",\"abbreviation\":\"SCT\",\"tzName\":\"Seychelles Time\"}]','{\"kr\":\"세이셸\",\"br\":\"Seicheles\",\"pt\":\"Seicheles\",\"nl\":\"Seychellen\",\"hr\":\"Sejšeli\",\"fa\":\"سیشل\",\"de\":\"Seychellen\",\"es\":\"Seychelles\",\"fr\":\"Seychelles\",\"ja\":\"セーシェル\",\"it\":\"Seychelles\",\"cn\":\"塞舌尔\"}',-4.58333333,55.66666666,'??','U+1F1F8 U+1F1E8','2018-07-20 20:11:03','2021-08-01 14:37:27',1,'Q1042'),(198,'Sierra Leone','SLE','694','SL','232','Freetown','SLL','Le','.sl','Sierra Leone','Africa','Western Africa','[{\"zoneName\":\"Africa/Freetown\",\"gmtOffset\":0,\"gmtOffsetName\":\"UTC±00\",\"abbreviation\":\"GMT\",\"tzName\":\"Greenwich Mean Time\"}]','{\"kr\":\"시에라리온\",\"br\":\"Serra Leoa\",\"pt\":\"Serra Leoa\",\"nl\":\"Sierra Leone\",\"hr\":\"Sijera Leone\",\"fa\":\"سیرالئون\",\"de\":\"Sierra Leone\",\"es\":\"Sierra Leone\",\"fr\":\"Sierra Leone\",\"ja\":\"シエラレオネ\",\"it\":\"Sierra Leone\",\"cn\":\"塞拉利昂\"}',8.50000000,-11.50000000,'??','U+1F1F8 U+1F1F1','2018-07-20 20:11:03','2021-08-01 14:37:27',1,'Q1044'),(199,'Singapore','SGP','702','SG','65','Singapur','SGD','$','.sg','Singapore','Asia','South-Eastern Asia','[{\"zoneName\":\"Asia/Singapore\",\"gmtOffset\":28800,\"gmtOffsetName\":\"UTC+08:00\",\"abbreviation\":\"SGT\",\"tzName\":\"Singapore Time\"}]','{\"kr\":\"싱가포르\",\"br\":\"Singapura\",\"pt\":\"Singapura\",\"nl\":\"Singapore\",\"hr\":\"Singapur\",\"fa\":\"سنگاپور\",\"de\":\"Singapur\",\"es\":\"Singapur\",\"fr\":\"Singapour\",\"ja\":\"シンガポール\",\"it\":\"Singapore\",\"cn\":\"新加坡\"}',1.36666666,103.80000000,'??','U+1F1F8 U+1F1EC','2018-07-20 20:11:03','2021-08-01 14:37:27',1,'Q334'),(200,'Slovakia','SVK','703','SK','421','Bratislava','EUR','€','.sk','Slovensko','Europe','Eastern Europe','[{\"zoneName\":\"Europe/Bratislava\",\"gmtOffset\":3600,\"gmtOffsetName\":\"UTC+01:00\",\"abbreviation\":\"CET\",\"tzName\":\"Central European Time\"}]','{\"kr\":\"슬로바키아\",\"br\":\"Eslováquia\",\"pt\":\"Eslováquia\",\"nl\":\"Slowakije\",\"hr\":\"Slovačka\",\"fa\":\"اسلواکی\",\"de\":\"Slowakei\",\"es\":\"República Eslovaca\",\"fr\":\"Slovaquie\",\"ja\":\"スロバキア\",\"it\":\"Slovacchia\",\"cn\":\"斯洛伐克\"}',48.66666666,19.50000000,'??','U+1F1F8 U+1F1F0','2018-07-20 20:11:03','2021-08-01 14:37:27',1,'Q214'),(201,'Slovenia','SVN','705','SI','386','Ljubljana','EUR','€','.si','Slovenija','Europe','Southern Europe','[{\"zoneName\":\"Europe/Ljubljana\",\"gmtOffset\":3600,\"gmtOffsetName\":\"UTC+01:00\",\"abbreviation\":\"CET\",\"tzName\":\"Central European Time\"}]','{\"kr\":\"슬로베니아\",\"br\":\"Eslovênia\",\"pt\":\"Eslovénia\",\"nl\":\"Slovenië\",\"hr\":\"Slovenija\",\"fa\":\"اسلوونی\",\"de\":\"Slowenien\",\"es\":\"Eslovenia\",\"fr\":\"Slovénie\",\"ja\":\"スロベニア\",\"it\":\"Slovenia\",\"cn\":\"斯洛文尼亚\"}',46.11666666,14.81666666,'??','U+1F1F8 U+1F1EE','2018-07-20 20:11:03','2021-08-01 14:37:27',1,'Q215'),(202,'Solomon Islands','SLB','090','SB','677','Honiara','SBD','Si$','.sb','Solomon Islands','Oceania','Melanesia','[{\"zoneName\":\"Pacific/Guadalcanal\",\"gmtOffset\":39600,\"gmtOffsetName\":\"UTC+11:00\",\"abbreviation\":\"SBT\",\"tzName\":\"Solomon Islands Time\"}]','{\"kr\":\"솔로몬 제도\",\"br\":\"Ilhas Salomão\",\"pt\":\"Ilhas Salomão\",\"nl\":\"Salomonseilanden\",\"hr\":\"Solomonski Otoci\",\"fa\":\"جزایر سلیمان\",\"de\":\"Salomonen\",\"es\":\"Islas Salomón\",\"fr\":\"Îles Salomon\",\"ja\":\"ソロモン諸島\",\"it\":\"Isole Salomone\",\"cn\":\"所罗门群岛\"}',-8.00000000,159.00000000,'??','U+1F1F8 U+1F1E7','2018-07-20 20:11:03','2021-08-01 14:37:27',1,'Q685'),(203,'Somalia','SOM','706','SO','252','Mogadishu','SOS','Sh.so.','.so','Soomaaliya','Africa','Eastern Africa','[{\"zoneName\":\"Africa/Mogadishu\",\"gmtOffset\":10800,\"gmtOffsetName\":\"UTC+03:00\",\"abbreviation\":\"EAT\",\"tzName\":\"East Africa Time\"}]','{\"kr\":\"소말리아\",\"br\":\"Somália\",\"pt\":\"Somália\",\"nl\":\"Somalië\",\"hr\":\"Somalija\",\"fa\":\"سومالی\",\"de\":\"Somalia\",\"es\":\"Somalia\",\"fr\":\"Somalie\",\"ja\":\"ソマリア\",\"it\":\"Somalia\",\"cn\":\"索马里\"}',10.00000000,49.00000000,'??','U+1F1F8 U+1F1F4','2018-07-20 20:11:03','2021-08-01 14:37:27',1,'Q1045'),(204,'South Africa','ZAF','710','ZA','27','Pretoria','ZAR','R','.za','South Africa','Africa','Southern Africa','[{\"zoneName\":\"Africa/Johannesburg\",\"gmtOffset\":7200,\"gmtOffsetName\":\"UTC+02:00\",\"abbreviation\":\"SAST\",\"tzName\":\"South African Standard Time\"}]','{\"kr\":\"남아프리카 공화국\",\"br\":\"República Sul-Africana\",\"pt\":\"República Sul-Africana\",\"nl\":\"Zuid-Afrika\",\"hr\":\"Južnoafrička Republika\",\"fa\":\"آفریقای جنوبی\",\"de\":\"Republik Südafrika\",\"es\":\"República de Sudáfrica\",\"fr\":\"Afrique du Sud\",\"ja\":\"南アフリカ\",\"it\":\"Sud Africa\",\"cn\":\"南非\"}',-29.00000000,24.00000000,'??','U+1F1FF U+1F1E6','2018-07-20 20:11:03','2021-08-01 14:37:27',1,'Q258'),(205,'South Georgia','SGS','239','GS','500','Grytviken','GBP','£','.gs','South Georgia','Americas','South America','[{\"zoneName\":\"Atlantic/South_Georgia\",\"gmtOffset\":-7200,\"gmtOffsetName\":\"UTC-02:00\",\"abbreviation\":\"GST\",\"tzName\":\"South Georgia and the South Sandwich Islands Time\"}]','{\"kr\":\"사우스조지아\",\"br\":\"Ilhas Geórgias do Sul e Sandwich do Sul\",\"pt\":\"Ilhas Geórgia do Sul e Sanduíche do Sul\",\"nl\":\"Zuid-Georgia en Zuidelijke Sandwicheilanden\",\"hr\":\"Južna Georgija i otočje Južni Sandwich\",\"fa\":\"جزایر جورجیای جنوبی و ساندویچ جنوبی\",\"de\":\"Südgeorgien und die Südlichen Sandwichinseln\",\"es\":\"Islas Georgias del Sur y Sandwich del Sur\",\"fr\":\"Géorgie du Sud-et-les Îles Sandwich du Sud\",\"ja\":\"サウスジョージア・サウスサンドウィッチ諸島\",\"it\":\"Georgia del Sud e Isole Sandwich Meridionali\",\"cn\":\"南乔治亚\"}',-54.50000000,-37.00000000,'??','U+1F1EC U+1F1F8','2018-07-20 20:11:03','2021-08-01 14:37:27',1,NULL),(206,'South Sudan','SSD','728','SS','211','Juba','SSP','£','.ss','South Sudan','Africa','Middle Africa','[{\"zoneName\":\"Africa/Juba\",\"gmtOffset\":10800,\"gmtOffsetName\":\"UTC+03:00\",\"abbreviation\":\"EAT\",\"tzName\":\"East Africa Time\"}]','{\"kr\":\"남수단\",\"br\":\"Sudão do Sul\",\"pt\":\"Sudão do Sul\",\"nl\":\"Zuid-Soedan\",\"hr\":\"Južni Sudan\",\"fa\":\"سودان جنوبی\",\"de\":\"Südsudan\",\"es\":\"Sudán del Sur\",\"fr\":\"Soudan du Sud\",\"ja\":\"南スーダン\",\"it\":\"Sudan del sud\",\"cn\":\"南苏丹\"}',7.00000000,30.00000000,'??','U+1F1F8 U+1F1F8','2018-07-20 20:11:03','2021-08-01 14:37:27',1,'Q958'),(207,'Spain','ESP','724','ES','34','Madrid','EUR','€','.es','España','Europe','Southern Europe','[{\"zoneName\":\"Africa/Ceuta\",\"gmtOffset\":3600,\"gmtOffsetName\":\"UTC+01:00\",\"abbreviation\":\"CET\",\"tzName\":\"Central European Time\"},{\"zoneName\":\"Atlantic/Canary\",\"gmtOffset\":0,\"gmtOffsetName\":\"UTC±00\",\"abbreviation\":\"WET\",\"tzName\":\"Western European Time\"},{\"zoneName\":\"Europe/Madrid\",\"gmtOffset\":3600,\"gmtOffsetName\":\"UTC+01:00\",\"abbreviation\":\"CET\",\"tzName\":\"Central European Time\"}]','{\"kr\":\"스페인\",\"br\":\"Espanha\",\"pt\":\"Espanha\",\"nl\":\"Spanje\",\"hr\":\"Španjolska\",\"fa\":\"اسپانیا\",\"de\":\"Spanien\",\"es\":\"España\",\"fr\":\"Espagne\",\"ja\":\"スペイン\",\"it\":\"Spagna\",\"cn\":\"西班牙\"}',40.00000000,-4.00000000,'??','U+1F1EA U+1F1F8','2018-07-20 20:11:03','2021-08-01 14:37:27',1,'Q29'),(208,'Sri Lanka','LKA','144','LK','94','Colombo','LKR','Rs','.lk','śrī laṃkāva','Asia','Southern Asia','[{\"zoneName\":\"Asia/Colombo\",\"gmtOffset\":19800,\"gmtOffsetName\":\"UTC+05:30\",\"abbreviation\":\"IST\",\"tzName\":\"Indian Standard Time\"}]','{\"kr\":\"스리랑카\",\"br\":\"Sri Lanka\",\"pt\":\"Sri Lanka\",\"nl\":\"Sri Lanka\",\"hr\":\"Šri Lanka\",\"fa\":\"سری‌لانکا\",\"de\":\"Sri Lanka\",\"es\":\"Sri Lanka\",\"fr\":\"Sri Lanka\",\"ja\":\"スリランカ\",\"it\":\"Sri Lanka\",\"cn\":\"斯里兰卡\"}',7.00000000,81.00000000,'??','U+1F1F1 U+1F1F0','2018-07-20 20:11:03','2021-08-01 14:37:27',1,'Q854'),(209,'Sudan','SDN','729','SD','249','Khartoum','SDG','.س.ج','.sd','السودان','Africa','Northern Africa','[{\"zoneName\":\"Africa/Khartoum\",\"gmtOffset\":7200,\"gmtOffsetName\":\"UTC+02:00\",\"abbreviation\":\"EAT\",\"tzName\":\"Eastern African Time\"}]','{\"kr\":\"수단\",\"br\":\"Sudão\",\"pt\":\"Sudão\",\"nl\":\"Soedan\",\"hr\":\"Sudan\",\"fa\":\"سودان\",\"de\":\"Sudan\",\"es\":\"Sudán\",\"fr\":\"Soudan\",\"ja\":\"スーダン\",\"it\":\"Sudan\",\"cn\":\"苏丹\"}',15.00000000,30.00000000,'??','U+1F1F8 U+1F1E9','2018-07-20 20:11:03','2021-08-01 14:37:27',1,'Q1049'),(210,'Suriname','SUR','740','SR','597','Paramaribo','SRD','$','.sr','Suriname','Americas','South America','[{\"zoneName\":\"America/Paramaribo\",\"gmtOffset\":-10800,\"gmtOffsetName\":\"UTC-03:00\",\"abbreviation\":\"SRT\",\"tzName\":\"Suriname Time\"}]','{\"kr\":\"수리남\",\"br\":\"Suriname\",\"pt\":\"Suriname\",\"nl\":\"Suriname\",\"hr\":\"Surinam\",\"fa\":\"سورینام\",\"de\":\"Suriname\",\"es\":\"Surinam\",\"fr\":\"Surinam\",\"ja\":\"スリナム\",\"it\":\"Suriname\",\"cn\":\"苏里南\"}',4.00000000,-56.00000000,'??','U+1F1F8 U+1F1F7','2018-07-20 20:11:03','2021-08-01 14:37:27',1,'Q730'),(211,'Svalbard And Jan Mayen Islands','SJM','744','SJ','47','Longyearbyen','NOK','kr','.sj','Svalbard og Jan Mayen','Europe','Northern Europe','[{\"zoneName\":\"Arctic/Longyearbyen\",\"gmtOffset\":3600,\"gmtOffsetName\":\"UTC+01:00\",\"abbreviation\":\"CET\",\"tzName\":\"Central European Time\"}]','{\"kr\":\"스발바르 얀마옌 제도\",\"br\":\"Svalbard\",\"pt\":\"Svalbard\",\"nl\":\"Svalbard en Jan Mayen\",\"hr\":\"Svalbard i Jan Mayen\",\"fa\":\"سوالبارد و یان ماین\",\"de\":\"Svalbard und Jan Mayen\",\"es\":\"Islas Svalbard y Jan Mayen\",\"fr\":\"Svalbard et Jan Mayen\",\"ja\":\"スヴァールバル諸島およびヤンマイエン島\",\"it\":\"Svalbard e Jan Mayen\",\"cn\":\"斯瓦尔巴和扬马延群岛\"}',78.00000000,20.00000000,'??','U+1F1F8 U+1F1EF','2018-07-20 20:11:03','2021-08-01 14:37:27',1,NULL),(212,'Swaziland','SWZ','748','SZ','268','Mbabane','SZL','E','.sz','Swaziland','Africa','Southern Africa','[{\"zoneName\":\"Africa/Mbabane\",\"gmtOffset\":7200,\"gmtOffsetName\":\"UTC+02:00\",\"abbreviation\":\"SAST\",\"tzName\":\"South African Standard Time\"}]','{\"kr\":\"에스와티니\",\"br\":\"Suazilândia\",\"pt\":\"Suazilândia\",\"nl\":\"Swaziland\",\"hr\":\"Svazi\",\"fa\":\"سوازیلند\",\"de\":\"Swasiland\",\"es\":\"Suazilandia\",\"fr\":\"Swaziland\",\"ja\":\"スワジランド\",\"it\":\"Swaziland\",\"cn\":\"斯威士兰\"}',-26.50000000,31.50000000,'??','U+1F1F8 U+1F1FF','2018-07-20 20:11:03','2021-08-01 14:37:27',1,'Q1050'),(213,'Sweden','SWE','752','SE','46','Stockholm','SEK','kr','.se','Sverige','Europe','Northern Europe','[{\"zoneName\":\"Europe/Stockholm\",\"gmtOffset\":3600,\"gmtOffsetName\":\"UTC+01:00\",\"abbreviation\":\"CET\",\"tzName\":\"Central European Time\"}]','{\"kr\":\"스웨덴\",\"br\":\"Suécia\",\"pt\":\"Suécia\",\"nl\":\"Zweden\",\"hr\":\"Švedska\",\"fa\":\"سوئد\",\"de\":\"Schweden\",\"es\":\"Suecia\",\"fr\":\"Suède\",\"ja\":\"スウェーデン\",\"it\":\"Svezia\",\"cn\":\"瑞典\"}',62.00000000,15.00000000,'??','U+1F1F8 U+1F1EA','2018-07-20 20:11:03','2021-08-01 14:37:27',1,'Q34'),(214,'Switzerland','CHE','756','CH','41','Bern','CHF','CHf','.ch','Schweiz','Europe','Western Europe','[{\"zoneName\":\"Europe/Zurich\",\"gmtOffset\":3600,\"gmtOffsetName\":\"UTC+01:00\",\"abbreviation\":\"CET\",\"tzName\":\"Central European Time\"}]','{\"kr\":\"스위스\",\"br\":\"Suíça\",\"pt\":\"Suíça\",\"nl\":\"Zwitserland\",\"hr\":\"Švicarska\",\"fa\":\"سوئیس\",\"de\":\"Schweiz\",\"es\":\"Suiza\",\"fr\":\"Suisse\",\"ja\":\"スイス\",\"it\":\"Svizzera\",\"cn\":\"瑞士\"}',47.00000000,8.00000000,'??','U+1F1E8 U+1F1ED','2018-07-20 20:11:03','2021-08-01 14:37:27',1,'Q39'),(215,'Syria','SYR','760','SY','963','Damascus','SYP','LS','.sy','سوريا','Asia','Western Asia','[{\"zoneName\":\"Asia/Damascus\",\"gmtOffset\":7200,\"gmtOffsetName\":\"UTC+02:00\",\"abbreviation\":\"EET\",\"tzName\":\"Eastern European Time\"}]','{\"kr\":\"시리아\",\"br\":\"Síria\",\"pt\":\"Síria\",\"nl\":\"Syrië\",\"hr\":\"Sirija\",\"fa\":\"سوریه\",\"de\":\"Syrien\",\"es\":\"Siria\",\"fr\":\"Syrie\",\"ja\":\"シリア・アラブ共和国\",\"it\":\"Siria\",\"cn\":\"叙利亚\"}',35.00000000,38.00000000,'??','U+1F1F8 U+1F1FE','2018-07-20 20:11:03','2021-08-01 14:37:27',1,'Q858'),(216,'Taiwan','TWN','158','TW','886','Taipei','TWD','$','.tw','臺灣','Asia','Eastern Asia','[{\"zoneName\":\"Asia/Taipei\",\"gmtOffset\":28800,\"gmtOffsetName\":\"UTC+08:00\",\"abbreviation\":\"CST\",\"tzName\":\"China Standard Time\"}]','{\"kr\":\"대만\",\"br\":\"Taiwan\",\"pt\":\"Taiwan\",\"nl\":\"Taiwan\",\"hr\":\"Tajvan\",\"fa\":\"تایوان\",\"de\":\"Taiwan\",\"es\":\"Taiwán\",\"fr\":\"Taïwan\",\"ja\":\"台湾（中華民国）\",\"it\":\"Taiwan\",\"cn\":\"中国台湾\"}',23.50000000,121.00000000,'??','U+1F1F9 U+1F1FC','2018-07-20 20:11:03','2021-08-01 14:37:27',1,'Q865'),(217,'Tajikistan','TJK','762','TJ','992','Dushanbe','TJS','SM','.tj','Тоҷикистон','Asia','Central Asia','[{\"zoneName\":\"Asia/Dushanbe\",\"gmtOffset\":18000,\"gmtOffsetName\":\"UTC+05:00\",\"abbreviation\":\"TJT\",\"tzName\":\"Tajikistan Time\"}]','{\"kr\":\"타지키스탄\",\"br\":\"Tajiquistão\",\"pt\":\"Tajiquistão\",\"nl\":\"Tadzjikistan\",\"hr\":\"Tađikistan\",\"fa\":\"تاجیکستان\",\"de\":\"Tadschikistan\",\"es\":\"Tayikistán\",\"fr\":\"Tadjikistan\",\"ja\":\"タジキスタン\",\"it\":\"Tagikistan\",\"cn\":\"塔吉克斯坦\"}',39.00000000,71.00000000,'??','U+1F1F9 U+1F1EF','2018-07-20 20:11:03','2021-08-01 14:37:27',1,'Q863'),(218,'Tanzania','TZA','834','TZ','255','Dodoma','TZS','TSh','.tz','Tanzania','Africa','Eastern Africa','[{\"zoneName\":\"Africa/Dar_es_Salaam\",\"gmtOffset\":10800,\"gmtOffsetName\":\"UTC+03:00\",\"abbreviation\":\"EAT\",\"tzName\":\"East Africa Time\"}]','{\"kr\":\"탄자니아\",\"br\":\"Tanzânia\",\"pt\":\"Tanzânia\",\"nl\":\"Tanzania\",\"hr\":\"Tanzanija\",\"fa\":\"تانزانیا\",\"de\":\"Tansania\",\"es\":\"Tanzania\",\"fr\":\"Tanzanie\",\"ja\":\"タンザニア\",\"it\":\"Tanzania\",\"cn\":\"坦桑尼亚\"}',-6.00000000,35.00000000,'??','U+1F1F9 U+1F1FF','2018-07-20 20:11:03','2021-08-01 14:37:27',1,'Q924'),(219,'Thailand','THA','764','TH','66','Bangkok','THB','฿','.th','ประเทศไทย','Asia','South-Eastern Asia','[{\"zoneName\":\"Asia/Bangkok\",\"gmtOffset\":25200,\"gmtOffsetName\":\"UTC+07:00\",\"abbreviation\":\"ICT\",\"tzName\":\"Indochina Time\"}]','{\"kr\":\"태국\",\"br\":\"Tailândia\",\"pt\":\"Tailândia\",\"nl\":\"Thailand\",\"hr\":\"Tajland\",\"fa\":\"تایلند\",\"de\":\"Thailand\",\"es\":\"Tailandia\",\"fr\":\"Thaïlande\",\"ja\":\"タイ\",\"it\":\"Tailandia\",\"cn\":\"泰国\"}',15.00000000,100.00000000,'??','U+1F1F9 U+1F1ED','2018-07-20 20:11:03','2021-08-01 14:37:27',1,'Q869'),(220,'Togo','TGO','768','TG','228','Lome','XOF','CFA','.tg','Togo','Africa','Western Africa','[{\"zoneName\":\"Africa/Lome\",\"gmtOffset\":0,\"gmtOffsetName\":\"UTC±00\",\"abbreviation\":\"GMT\",\"tzName\":\"Greenwich Mean Time\"}]','{\"kr\":\"토고\",\"br\":\"Togo\",\"pt\":\"Togo\",\"nl\":\"Togo\",\"hr\":\"Togo\",\"fa\":\"توگو\",\"de\":\"Togo\",\"es\":\"Togo\",\"fr\":\"Togo\",\"ja\":\"トーゴ\",\"it\":\"Togo\",\"cn\":\"多哥\"}',8.00000000,1.16666666,'??','U+1F1F9 U+1F1EC','2018-07-20 20:11:03','2021-08-01 14:37:27',1,'Q945'),(221,'Tokelau','TKL','772','TK','690','','NZD','$','.tk','Tokelau','Oceania','Polynesia','[{\"zoneName\":\"Pacific/Fakaofo\",\"gmtOffset\":46800,\"gmtOffsetName\":\"UTC+13:00\",\"abbreviation\":\"TKT\",\"tzName\":\"Tokelau Time\"}]','{\"kr\":\"토켈라우\",\"br\":\"Tokelau\",\"pt\":\"Toquelau\",\"nl\":\"Tokelau\",\"hr\":\"Tokelau\",\"fa\":\"توکلائو\",\"de\":\"Tokelau\",\"es\":\"Islas Tokelau\",\"fr\":\"Tokelau\",\"ja\":\"トケラウ\",\"it\":\"Isole Tokelau\",\"cn\":\"托克劳\"}',-9.00000000,-172.00000000,'??','U+1F1F9 U+1F1F0','2018-07-20 20:11:03','2021-08-01 14:37:27',1,NULL),(222,'Tonga','TON','776','TO','676','Nuku\'alofa','TOP','$','.to','Tonga','Oceania','Polynesia','[{\"zoneName\":\"Pacific/Tongatapu\",\"gmtOffset\":46800,\"gmtOffsetName\":\"UTC+13:00\",\"abbreviation\":\"TOT\",\"tzName\":\"Tonga Time\"}]','{\"kr\":\"통가\",\"br\":\"Tonga\",\"pt\":\"Tonga\",\"nl\":\"Tonga\",\"hr\":\"Tonga\",\"fa\":\"تونگا\",\"de\":\"Tonga\",\"es\":\"Tonga\",\"fr\":\"Tonga\",\"ja\":\"トンガ\",\"it\":\"Tonga\",\"cn\":\"汤加\"}',-20.00000000,-175.00000000,'??','U+1F1F9 U+1F1F4','2018-07-20 20:11:03','2021-08-01 14:37:27',1,'Q678'),(223,'Trinidad And Tobago','TTO','780','TT','+1-868','Port of Spain','TTD','$','.tt','Trinidad and Tobago','Americas','Caribbean','[{\"zoneName\":\"America/Port_of_Spain\",\"gmtOffset\":-14400,\"gmtOffsetName\":\"UTC-04:00\",\"abbreviation\":\"AST\",\"tzName\":\"Atlantic Standard Time\"}]','{\"kr\":\"트리니다드 토바고\",\"br\":\"Trinidad e Tobago\",\"pt\":\"Trindade e Tobago\",\"nl\":\"Trinidad en Tobago\",\"hr\":\"Trinidad i Tobago\",\"fa\":\"ترینیداد و توباگو\",\"de\":\"Trinidad und Tobago\",\"es\":\"Trinidad y Tobago\",\"fr\":\"Trinité et Tobago\",\"ja\":\"トリニダード・トバゴ\",\"it\":\"Trinidad e Tobago\",\"cn\":\"特立尼达和多巴哥\"}',11.00000000,-61.00000000,'??','U+1F1F9 U+1F1F9','2018-07-20 20:11:03','2021-08-01 14:37:27',1,'Q754'),(224,'Tunisia','TUN','788','TN','216','Tunis','TND','ت.د','.tn','تونس','Africa','Northern Africa','[{\"zoneName\":\"Africa/Tunis\",\"gmtOffset\":3600,\"gmtOffsetName\":\"UTC+01:00\",\"abbreviation\":\"CET\",\"tzName\":\"Central European Time\"}]','{\"kr\":\"튀니지\",\"br\":\"Tunísia\",\"pt\":\"Tunísia\",\"nl\":\"Tunesië\",\"hr\":\"Tunis\",\"fa\":\"تونس\",\"de\":\"Tunesien\",\"es\":\"Túnez\",\"fr\":\"Tunisie\",\"ja\":\"チュニジア\",\"it\":\"Tunisia\",\"cn\":\"突尼斯\"}',34.00000000,9.00000000,'??','U+1F1F9 U+1F1F3','2018-07-20 20:11:03','2021-08-01 14:37:27',1,'Q948'),(225,'Turkey','TUR','792','TR','90','Ankara','TRY','₺','.tr','Türkiye','Asia','Western Asia','[{\"zoneName\":\"Europe/Istanbul\",\"gmtOffset\":10800,\"gmtOffsetName\":\"UTC+03:00\",\"abbreviation\":\"EET\",\"tzName\":\"Eastern European Time\"}]','{\"kr\":\"터키\",\"br\":\"Turquia\",\"pt\":\"Turquia\",\"nl\":\"Turkije\",\"hr\":\"Turska\",\"fa\":\"ترکیه\",\"de\":\"Türkei\",\"es\":\"Turquía\",\"fr\":\"Turquie\",\"ja\":\"トルコ\",\"it\":\"Turchia\",\"cn\":\"土耳其\"}',39.00000000,35.00000000,'??','U+1F1F9 U+1F1F7','2018-07-20 20:11:03','2021-08-01 14:37:27',1,'Q43'),(226,'Turkmenistan','TKM','795','TM','993','Ashgabat','TMT','T','.tm','Türkmenistan','Asia','Central Asia','[{\"zoneName\":\"Asia/Ashgabat\",\"gmtOffset\":18000,\"gmtOffsetName\":\"UTC+05:00\",\"abbreviation\":\"TMT\",\"tzName\":\"Turkmenistan Time\"}]','{\"kr\":\"투르크메니스탄\",\"br\":\"Turcomenistão\",\"pt\":\"Turquemenistão\",\"nl\":\"Turkmenistan\",\"hr\":\"Turkmenistan\",\"fa\":\"ترکمنستان\",\"de\":\"Turkmenistan\",\"es\":\"Turkmenistán\",\"fr\":\"Turkménistan\",\"ja\":\"トルクメニスタン\",\"it\":\"Turkmenistan\",\"cn\":\"土库曼斯坦\"}',40.00000000,60.00000000,'??','U+1F1F9 U+1F1F2','2018-07-20 20:11:03','2021-08-01 14:37:27',1,'Q874'),(227,'Turks And Caicos Islands','TCA','796','TC','+1-649','Cockburn Town','USD','$','.tc','Turks and Caicos Islands','Americas','Caribbean','[{\"zoneName\":\"America/Grand_Turk\",\"gmtOffset\":-18000,\"gmtOffsetName\":\"UTC-05:00\",\"abbreviation\":\"EST\",\"tzName\":\"Eastern Standard Time (North America\"}]','{\"kr\":\"터크스 케이커스 제도\",\"br\":\"Ilhas Turcas e Caicos\",\"pt\":\"Ilhas Turcas e Caicos\",\"nl\":\"Turks- en Caicoseilanden\",\"hr\":\"Otoci Turks i Caicos\",\"fa\":\"جزایر تورکس و کایکوس\",\"de\":\"Turks- und Caicosinseln\",\"es\":\"Islas Turks y Caicos\",\"fr\":\"Îles Turques-et-Caïques\",\"ja\":\"タークス・カイコス諸島\",\"it\":\"Isole Turks e Caicos\",\"cn\":\"特克斯和凯科斯群岛\"}',21.75000000,-71.58333333,'??','U+1F1F9 U+1F1E8','2018-07-20 20:11:03','2021-08-01 14:37:27',1,NULL),(228,'Tuvalu','TUV','798','TV','688','Funafuti','AUD','$','.tv','Tuvalu','Oceania','Polynesia','[{\"zoneName\":\"Pacific/Funafuti\",\"gmtOffset\":43200,\"gmtOffsetName\":\"UTC+12:00\",\"abbreviation\":\"TVT\",\"tzName\":\"Tuvalu Time\"}]','{\"kr\":\"투발루\",\"br\":\"Tuvalu\",\"pt\":\"Tuvalu\",\"nl\":\"Tuvalu\",\"hr\":\"Tuvalu\",\"fa\":\"تووالو\",\"de\":\"Tuvalu\",\"es\":\"Tuvalu\",\"fr\":\"Tuvalu\",\"ja\":\"ツバル\",\"it\":\"Tuvalu\",\"cn\":\"图瓦卢\"}',-8.00000000,178.00000000,'??','U+1F1F9 U+1F1FB','2018-07-20 20:11:03','2021-08-01 14:37:27',1,'Q672'),(229,'Uganda','UGA','800','UG','256','Kampala','UGX','USh','.ug','Uganda','Africa','Eastern Africa','[{\"zoneName\":\"Africa/Kampala\",\"gmtOffset\":10800,\"gmtOffsetName\":\"UTC+03:00\",\"abbreviation\":\"EAT\",\"tzName\":\"East Africa Time\"}]','{\"kr\":\"우간다\",\"br\":\"Uganda\",\"pt\":\"Uganda\",\"nl\":\"Oeganda\",\"hr\":\"Uganda\",\"fa\":\"اوگاندا\",\"de\":\"Uganda\",\"es\":\"Uganda\",\"fr\":\"Uganda\",\"ja\":\"ウガンダ\",\"it\":\"Uganda\",\"cn\":\"乌干达\"}',1.00000000,32.00000000,'??','U+1F1FA U+1F1EC','2018-07-20 20:11:03','2021-08-01 14:37:27',1,'Q1036'),(230,'Ukraine','UKR','804','UA','380','Kiev','UAH','₴','.ua','Україна','Europe','Eastern Europe','[{\"zoneName\":\"Europe/Kiev\",\"gmtOffset\":7200,\"gmtOffsetName\":\"UTC+02:00\",\"abbreviation\":\"EET\",\"tzName\":\"Eastern European Time\"},{\"zoneName\":\"Europe/Simferopol\",\"gmtOffset\":10800,\"gmtOffsetName\":\"UTC+03:00\",\"abbreviation\":\"MSK\",\"tzName\":\"Moscow Time\"},{\"zoneName\":\"Europe/Uzhgorod\",\"gmtOffset\":7200,\"gmtOffsetName\":\"UTC+02:00\",\"abbreviation\":\"EET\",\"tzName\":\"Eastern European Time\"},{\"zoneName\":\"Europe/Zaporozhye\",\"gmtOffset\":7200,\"gmtOffsetName\":\"UTC+02:00\",\"abbreviation\":\"EET\",\"tzName\":\"Eastern European Time\"}]','{\"kr\":\"우크라이나\",\"br\":\"Ucrânia\",\"pt\":\"Ucrânia\",\"nl\":\"Oekraïne\",\"hr\":\"Ukrajina\",\"fa\":\"وکراین\",\"de\":\"Ukraine\",\"es\":\"Ucrania\",\"fr\":\"Ukraine\",\"ja\":\"ウクライナ\",\"it\":\"Ucraina\",\"cn\":\"乌克兰\"}',49.00000000,32.00000000,'??','U+1F1FA U+1F1E6','2018-07-20 20:11:03','2021-08-01 14:37:27',1,'Q212'),(231,'United Arab Emirates','ARE','784','AE','971','Abu Dhabi','AED','إ.د','.ae','دولة الإمارات العربية المتحدة','Asia','Western Asia','[{\"zoneName\":\"Asia/Dubai\",\"gmtOffset\":14400,\"gmtOffsetName\":\"UTC+04:00\",\"abbreviation\":\"GST\",\"tzName\":\"Gulf Standard Time\"}]','{\"kr\":\"아랍에미리트\",\"br\":\"Emirados árabes Unidos\",\"pt\":\"Emirados árabes Unidos\",\"nl\":\"Verenigde Arabische Emiraten\",\"hr\":\"Ujedinjeni Arapski Emirati\",\"fa\":\"امارات متحده عربی\",\"de\":\"Vereinigte Arabische Emirate\",\"es\":\"Emiratos Árabes Unidos\",\"fr\":\"Émirats arabes unis\",\"ja\":\"アラブ首長国連邦\",\"it\":\"Emirati Arabi Uniti\",\"cn\":\"阿拉伯联合酋长国\"}',24.00000000,54.00000000,'??','U+1F1E6 U+1F1EA','2018-07-20 20:11:03','2021-08-01 14:37:27',1,'Q878'),(232,'United Kingdom','GBR','826','GB','44','London','GBP','£','.uk','United Kingdom','Europe','Northern Europe','[{\"zoneName\":\"Europe/London\",\"gmtOffset\":0,\"gmtOffsetName\":\"UTC±00\",\"abbreviation\":\"GMT\",\"tzName\":\"Greenwich Mean Time\"}]','{\"kr\":\"영국\",\"br\":\"Reino Unido\",\"pt\":\"Reino Unido\",\"nl\":\"Verenigd Koninkrijk\",\"hr\":\"Ujedinjeno Kraljevstvo\",\"fa\":\"بریتانیای کبیر و ایرلند شمالی\",\"de\":\"Vereinigtes Königreich\",\"es\":\"Reino Unido\",\"fr\":\"Royaume-Uni\",\"ja\":\"イギリス\",\"it\":\"Regno Unito\",\"cn\":\"英国\"}',54.00000000,-2.00000000,'??','U+1F1EC U+1F1E7','2018-07-20 20:11:03','2021-08-01 14:37:27',1,'Q145'),(233,'United States','USA','840','US','1','Washington','USD','$','.us','United States','Americas','Northern America','[{\"zoneName\":\"America/Adak\",\"gmtOffset\":-36000,\"gmtOffsetName\":\"UTC-10:00\",\"abbreviation\":\"HST\",\"tzName\":\"Hawaii–Aleutian Standard Time\"},{\"zoneName\":\"America/Anchorage\",\"gmtOffset\":-32400,\"gmtOffsetName\":\"UTC-09:00\",\"abbreviation\":\"AKST\",\"tzName\":\"Alaska Standard Time\"},{\"zoneName\":\"America/Boise\",\"gmtOffset\":-25200,\"gmtOffsetName\":\"UTC-07:00\",\"abbreviation\":\"MST\",\"tzName\":\"Mountain Standard Time (North America\"},{\"zoneName\":\"America/Chicago\",\"gmtOffset\":-21600,\"gmtOffsetName\":\"UTC-06:00\",\"abbreviation\":\"CST\",\"tzName\":\"Central Standard Time (North America\"},{\"zoneName\":\"America/Denver\",\"gmtOffset\":-25200,\"gmtOffsetName\":\"UTC-07:00\",\"abbreviation\":\"MST\",\"tzName\":\"Mountain Standard Time (North America\"},{\"zoneName\":\"America/Detroit\",\"gmtOffset\":-18000,\"gmtOffsetName\":\"UTC-05:00\",\"abbreviation\":\"EST\",\"tzName\":\"Eastern Standard Time (North America\"},{\"zoneName\":\"America/Indiana/Indianapolis\",\"gmtOffset\":-18000,\"gmtOffsetName\":\"UTC-05:00\",\"abbreviation\":\"EST\",\"tzName\":\"Eastern Standard Time (North America\"},{\"zoneName\":\"America/Indiana/Knox\",\"gmtOffset\":-21600,\"gmtOffsetName\":\"UTC-06:00\",\"abbreviation\":\"CST\",\"tzName\":\"Central Standard Time (North America\"},{\"zoneName\":\"America/Indiana/Marengo\",\"gmtOffset\":-18000,\"gmtOffsetName\":\"UTC-05:00\",\"abbreviation\":\"EST\",\"tzName\":\"Eastern Standard Time (North America\"},{\"zoneName\":\"America/Indiana/Petersburg\",\"gmtOffset\":-18000,\"gmtOffsetName\":\"UTC-05:00\",\"abbreviation\":\"EST\",\"tzName\":\"Eastern Standard Time (North America\"},{\"zoneName\":\"America/Indiana/Tell_City\",\"gmtOffset\":-21600,\"gmtOffsetName\":\"UTC-06:00\",\"abbreviation\":\"CST\",\"tzName\":\"Central Standard Time (North America\"},{\"zoneName\":\"America/Indiana/Vevay\",\"gmtOffset\":-18000,\"gmtOffsetName\":\"UTC-05:00\",\"abbreviation\":\"EST\",\"tzName\":\"Eastern Standard Time (North America\"},{\"zoneName\":\"America/Indiana/Vincennes\",\"gmtOffset\":-18000,\"gmtOffsetName\":\"UTC-05:00\",\"abbreviation\":\"EST\",\"tzName\":\"Eastern Standard Time (North America\"},{\"zoneName\":\"America/Indiana/Winamac\",\"gmtOffset\":-18000,\"gmtOffsetName\":\"UTC-05:00\",\"abbreviation\":\"EST\",\"tzName\":\"Eastern Standard Time (North America\"},{\"zoneName\":\"America/Juneau\",\"gmtOffset\":-32400,\"gmtOffsetName\":\"UTC-09:00\",\"abbreviation\":\"AKST\",\"tzName\":\"Alaska Standard Time\"},{\"zoneName\":\"America/Kentucky/Louisville\",\"gmtOffset\":-18000,\"gmtOffsetName\":\"UTC-05:00\",\"abbreviation\":\"EST\",\"tzName\":\"Eastern Standard Time (North America\"},{\"zoneName\":\"America/Kentucky/Monticello\",\"gmtOffset\":-18000,\"gmtOffsetName\":\"UTC-05:00\",\"abbreviation\":\"EST\",\"tzName\":\"Eastern Standard Time (North America\"},{\"zoneName\":\"America/Los_Angeles\",\"gmtOffset\":-28800,\"gmtOffsetName\":\"UTC-08:00\",\"abbreviation\":\"PST\",\"tzName\":\"Pacific Standard Time (North America\"},{\"zoneName\":\"America/Menominee\",\"gmtOffset\":-21600,\"gmtOffsetName\":\"UTC-06:00\",\"abbreviation\":\"CST\",\"tzName\":\"Central Standard Time (North America\"},{\"zoneName\":\"America/Metlakatla\",\"gmtOffset\":-32400,\"gmtOffsetName\":\"UTC-09:00\",\"abbreviation\":\"AKST\",\"tzName\":\"Alaska Standard Time\"},{\"zoneName\":\"America/New_York\",\"gmtOffset\":-18000,\"gmtOffsetName\":\"UTC-05:00\",\"abbreviation\":\"EST\",\"tzName\":\"Eastern Standard Time (North America\"},{\"zoneName\":\"America/Nome\",\"gmtOffset\":-32400,\"gmtOffsetName\":\"UTC-09:00\",\"abbreviation\":\"AKST\",\"tzName\":\"Alaska Standard Time\"},{\"zoneName\":\"America/North_Dakota/Beulah\",\"gmtOffset\":-21600,\"gmtOffsetName\":\"UTC-06:00\",\"abbreviation\":\"CST\",\"tzName\":\"Central Standard Time (North America\"},{\"zoneName\":\"America/North_Dakota/Center\",\"gmtOffset\":-21600,\"gmtOffsetName\":\"UTC-06:00\",\"abbreviation\":\"CST\",\"tzName\":\"Central Standard Time (North America\"},{\"zoneName\":\"America/North_Dakota/New_Salem\",\"gmtOffset\":-21600,\"gmtOffsetName\":\"UTC-06:00\",\"abbreviation\":\"CST\",\"tzName\":\"Central Standard Time (North America\"},{\"zoneName\":\"America/Phoenix\",\"gmtOffset\":-25200,\"gmtOffsetName\":\"UTC-07:00\",\"abbreviation\":\"MST\",\"tzName\":\"Mountain Standard Time (North America\"},{\"zoneName\":\"America/Sitka\",\"gmtOffset\":-32400,\"gmtOffsetName\":\"UTC-09:00\",\"abbreviation\":\"AKST\",\"tzName\":\"Alaska Standard Time\"},{\"zoneName\":\"America/Yakutat\",\"gmtOffset\":-32400,\"gmtOffsetName\":\"UTC-09:00\",\"abbreviation\":\"AKST\",\"tzName\":\"Alaska Standard Time\"},{\"zoneName\":\"Pacific/Honolulu\",\"gmtOffset\":-36000,\"gmtOffsetName\":\"UTC-10:00\",\"abbreviation\":\"HST\",\"tzName\":\"Hawaii–Aleutian Standard Time\"}]','{\"kr\":\"미국\",\"br\":\"Estados Unidos\",\"pt\":\"Estados Unidos\",\"nl\":\"Verenigde Staten\",\"hr\":\"Sjedinjene Američke Države\",\"fa\":\"ایالات متحده آمریکا\",\"de\":\"Vereinigte Staaten von Amerika\",\"es\":\"Estados Unidos\",\"fr\":\"États-Unis\",\"ja\":\"アメリカ合衆国\",\"it\":\"Stati Uniti D\'America\",\"cn\":\"美国\"}',38.00000000,-97.00000000,'??','U+1F1FA U+1F1F8','2018-07-20 20:11:03','2021-08-01 14:37:27',1,'Q30'),(234,'United States Minor Outlying Islands','UMI','581','UM','1','','USD','$','.us','United States Minor Outlying Islands','Americas','Northern America','[{\"zoneName\":\"Pacific/Midway\",\"gmtOffset\":-39600,\"gmtOffsetName\":\"UTC-11:00\",\"abbreviation\":\"SST\",\"tzName\":\"Samoa Standard Time\"},{\"zoneName\":\"Pacific/Wake\",\"gmtOffset\":43200,\"gmtOffsetName\":\"UTC+12:00\",\"abbreviation\":\"WAKT\",\"tzName\":\"Wake Island Time\"}]','{\"kr\":\"미국령 군소 제도\",\"br\":\"Ilhas Menores Distantes dos Estados Unidos\",\"pt\":\"Ilhas Menores Distantes dos Estados Unidos\",\"nl\":\"Kleine afgelegen eilanden van de Verenigde Staten\",\"hr\":\"Mali udaljeni otoci SAD-a\",\"fa\":\"جزایر کوچک حاشیه‌ای ایالات متحده آمریکا\",\"de\":\"Kleinere Inselbesitzungen der Vereinigten Staaten\",\"es\":\"Islas Ultramarinas Menores de Estados Unidos\",\"fr\":\"Îles mineures éloignées des États-Unis\",\"ja\":\"合衆国領有小離島\",\"it\":\"Isole minori esterne degli Stati Uniti d\'America\",\"cn\":\"美国本土外小岛屿\"}',0.00000000,0.00000000,'??','U+1F1FA U+1F1F2','2018-07-20 20:11:03','2021-08-01 14:37:27',1,NULL),(235,'Uruguay','URY','858','UY','598','Montevideo','UYU','$','.uy','Uruguay','Americas','South America','[{\"zoneName\":\"America/Montevideo\",\"gmtOffset\":-10800,\"gmtOffsetName\":\"UTC-03:00\",\"abbreviation\":\"UYT\",\"tzName\":\"Uruguay Standard Time\"}]','{\"kr\":\"우루과이\",\"br\":\"Uruguai\",\"pt\":\"Uruguai\",\"nl\":\"Uruguay\",\"hr\":\"Urugvaj\",\"fa\":\"اروگوئه\",\"de\":\"Uruguay\",\"es\":\"Uruguay\",\"fr\":\"Uruguay\",\"ja\":\"ウルグアイ\",\"it\":\"Uruguay\",\"cn\":\"乌拉圭\"}',-33.00000000,-56.00000000,'??','U+1F1FA U+1F1FE','2018-07-20 20:11:03','2021-08-01 14:37:27',1,'Q77'),(236,'Uzbekistan','UZB','860','UZ','998','Tashkent','UZS','лв','.uz','O‘zbekiston','Asia','Central Asia','[{\"zoneName\":\"Asia/Samarkand\",\"gmtOffset\":18000,\"gmtOffsetName\":\"UTC+05:00\",\"abbreviation\":\"UZT\",\"tzName\":\"Uzbekistan Time\"},{\"zoneName\":\"Asia/Tashkent\",\"gmtOffset\":18000,\"gmtOffsetName\":\"UTC+05:00\",\"abbreviation\":\"UZT\",\"tzName\":\"Uzbekistan Time\"}]','{\"kr\":\"우즈베키스탄\",\"br\":\"Uzbequistão\",\"pt\":\"Usbequistão\",\"nl\":\"Oezbekistan\",\"hr\":\"Uzbekistan\",\"fa\":\"ازبکستان\",\"de\":\"Usbekistan\",\"es\":\"Uzbekistán\",\"fr\":\"Ouzbékistan\",\"ja\":\"ウズベキスタン\",\"it\":\"Uzbekistan\",\"cn\":\"乌兹别克斯坦\"}',41.00000000,64.00000000,'??','U+1F1FA U+1F1FF','2018-07-20 20:11:03','2021-08-01 14:37:27',1,'Q265'),(237,'Vanuatu','VUT','548','VU','678','Port Vila','VUV','VT','.vu','Vanuatu','Oceania','Melanesia','[{\"zoneName\":\"Pacific/Efate\",\"gmtOffset\":39600,\"gmtOffsetName\":\"UTC+11:00\",\"abbreviation\":\"VUT\",\"tzName\":\"Vanuatu Time\"}]','{\"kr\":\"바누아투\",\"br\":\"Vanuatu\",\"pt\":\"Vanuatu\",\"nl\":\"Vanuatu\",\"hr\":\"Vanuatu\",\"fa\":\"وانواتو\",\"de\":\"Vanuatu\",\"es\":\"Vanuatu\",\"fr\":\"Vanuatu\",\"ja\":\"バヌアツ\",\"it\":\"Vanuatu\",\"cn\":\"瓦努阿图\"}',-16.00000000,167.00000000,'??','U+1F1FB U+1F1FA','2018-07-20 20:11:03','2021-08-01 14:37:27',1,'Q686'),(238,'Vatican City State (Holy See)','VAT','336','VA','379','Vatican City','EUR','€','.va','Vaticano','Europe','Southern Europe','[{\"zoneName\":\"Europe/Vatican\",\"gmtOffset\":3600,\"gmtOffsetName\":\"UTC+01:00\",\"abbreviation\":\"CET\",\"tzName\":\"Central European Time\"}]','{\"kr\":\"바티칸 시국\",\"br\":\"Vaticano\",\"pt\":\"Vaticano\",\"nl\":\"Heilige Stoel\",\"hr\":\"Sveta Stolica\",\"fa\":\"سریر مقدس\",\"de\":\"Heiliger Stuhl\",\"es\":\"Santa Sede\",\"fr\":\"voir Saint\",\"ja\":\"聖座\",\"it\":\"Santa Sede\",\"cn\":\"梵蒂冈\"}',41.90000000,12.45000000,'??','U+1F1FB U+1F1E6','2018-07-20 20:11:03','2021-08-01 14:37:27',1,'Q237'),(239,'Venezuela','VEN','862','VE','58','Caracas','VEF','Bs','.ve','Venezuela','Americas','South America','[{\"zoneName\":\"America/Caracas\",\"gmtOffset\":-14400,\"gmtOffsetName\":\"UTC-04:00\",\"abbreviation\":\"VET\",\"tzName\":\"Venezuelan Standard Time\"}]','{\"kr\":\"베네수엘라\",\"br\":\"Venezuela\",\"pt\":\"Venezuela\",\"nl\":\"Venezuela\",\"hr\":\"Venezuela\",\"fa\":\"ونزوئلا\",\"de\":\"Venezuela\",\"es\":\"Venezuela\",\"fr\":\"Venezuela\",\"ja\":\"ベネズエラ・ボリバル共和国\",\"it\":\"Venezuela\",\"cn\":\"委内瑞拉\"}',8.00000000,-66.00000000,'??','U+1F1FB U+1F1EA','2018-07-20 20:11:03','2021-08-01 14:37:27',1,'Q717'),(240,'Vietnam','VNM','704','VN','84','Hanoi','VND','₫','.vn','Việt Nam','Asia','South-Eastern Asia','[{\"zoneName\":\"Asia/Ho_Chi_Minh\",\"gmtOffset\":25200,\"gmtOffsetName\":\"UTC+07:00\",\"abbreviation\":\"ICT\",\"tzName\":\"Indochina Time\"}]','{\"kr\":\"베트남\",\"br\":\"Vietnã\",\"pt\":\"Vietname\",\"nl\":\"Vietnam\",\"hr\":\"Vijetnam\",\"fa\":\"ویتنام\",\"de\":\"Vietnam\",\"es\":\"Vietnam\",\"fr\":\"Viêt Nam\",\"ja\":\"ベトナム\",\"it\":\"Vietnam\",\"cn\":\"越南\"}',16.16666666,107.83333333,'??','U+1F1FB U+1F1F3','2018-07-20 20:11:03','2021-08-01 14:37:27',1,'Q881'),(241,'Virgin Islands (British)','VGB','092','VG','+1-284','Road Town','USD','$','.vg','British Virgin Islands','Americas','Caribbean','[{\"zoneName\":\"America/Tortola\",\"gmtOffset\":-14400,\"gmtOffsetName\":\"UTC-04:00\",\"abbreviation\":\"AST\",\"tzName\":\"Atlantic Standard Time\"}]','{\"kr\":\"영국령 버진아일랜드\",\"br\":\"Ilhas Virgens Britânicas\",\"pt\":\"Ilhas Virgens Britânicas\",\"nl\":\"Britse Maagdeneilanden\",\"hr\":\"Britanski Djevičanski Otoci\",\"fa\":\"جزایر ویرجین بریتانیا\",\"de\":\"Britische Jungferninseln\",\"es\":\"Islas Vírgenes del Reino Unido\",\"fr\":\"Îles Vierges britanniques\",\"ja\":\"イギリス領ヴァージン諸島\",\"it\":\"Isole Vergini Britanniche\",\"cn\":\"圣文森特和格林纳丁斯\"}',18.43138300,-64.62305000,'??','U+1F1FB U+1F1EC','2018-07-20 20:11:03','2021-08-01 14:37:27',1,NULL),(242,'Virgin Islands (US)','VIR','850','VI','+1-340','Charlotte Amalie','USD','$','.vi','United States Virgin Islands','Americas','Caribbean','[{\"zoneName\":\"America/St_Thomas\",\"gmtOffset\":-14400,\"gmtOffsetName\":\"UTC-04:00\",\"abbreviation\":\"AST\",\"tzName\":\"Atlantic Standard Time\"}]','{\"kr\":\"미국령 버진아일랜드\",\"br\":\"Ilhas Virgens Americanas\",\"pt\":\"Ilhas Virgens Americanas\",\"nl\":\"Verenigde Staten Maagdeneilanden\",\"fa\":\"جزایر ویرجین آمریکا\",\"de\":\"Amerikanische Jungferninseln\",\"es\":\"Islas Vírgenes de los Estados Unidos\",\"fr\":\"Îles Vierges des États-Unis\",\"ja\":\"アメリカ領ヴァージン諸島\",\"it\":\"Isole Vergini americane\",\"cn\":\"维尔京群岛（美国）\"}',18.34000000,-64.93000000,'??','U+1F1FB U+1F1EE','2018-07-20 20:11:03','2021-08-01 14:37:27',1,NULL),(243,'Wallis And Futuna Islands','WLF','876','WF','681','Mata Utu','XPF','₣','.wf','Wallis et Futuna','Oceania','Polynesia','[{\"zoneName\":\"Pacific/Wallis\",\"gmtOffset\":43200,\"gmtOffsetName\":\"UTC+12:00\",\"abbreviation\":\"WFT\",\"tzName\":\"Wallis & Futuna Time\"}]','{\"kr\":\"왈리스 푸투나\",\"br\":\"Wallis e Futuna\",\"pt\":\"Wallis e Futuna\",\"nl\":\"Wallis en Futuna\",\"hr\":\"Wallis i Fortuna\",\"fa\":\"والیس و فوتونا\",\"de\":\"Wallis und Futuna\",\"es\":\"Wallis y Futuna\",\"fr\":\"Wallis-et-Futuna\",\"ja\":\"ウォリス・フツナ\",\"it\":\"Wallis e Futuna\",\"cn\":\"瓦利斯群岛和富图纳群岛\"}',-13.30000000,-176.20000000,'??','U+1F1FC U+1F1EB','2018-07-20 20:11:03','2021-08-01 14:37:27',1,NULL),(244,'Western Sahara','ESH','732','EH','212','El-Aaiun','MAD','MAD','.eh','الصحراء الغربية','Africa','Northern Africa','[{\"zoneName\":\"Africa/El_Aaiun\",\"gmtOffset\":3600,\"gmtOffsetName\":\"UTC+01:00\",\"abbreviation\":\"WEST\",\"tzName\":\"Western European Summer Time\"}]','{\"kr\":\"서사하라\",\"br\":\"Saara Ocidental\",\"pt\":\"Saara Ocidental\",\"nl\":\"Westelijke Sahara\",\"hr\":\"Zapadna Sahara\",\"fa\":\"جمهوری دموکراتیک عربی صحرا\",\"de\":\"Westsahara\",\"es\":\"Sahara Occidental\",\"fr\":\"Sahara Occidental\",\"ja\":\"西サハラ\",\"it\":\"Sahara Occidentale\",\"cn\":\"西撒哈拉\"}',24.50000000,-13.00000000,'??','U+1F1EA U+1F1ED','2018-07-20 20:11:03','2021-08-01 14:37:27',1,NULL),(245,'Yemen','YEM','887','YE','967','Sanaa','YER','﷼','.ye','اليَمَن','Asia','Western Asia','[{\"zoneName\":\"Asia/Aden\",\"gmtOffset\":10800,\"gmtOffsetName\":\"UTC+03:00\",\"abbreviation\":\"AST\",\"tzName\":\"Arabia Standard Time\"}]','{\"kr\":\"예멘\",\"br\":\"Iêmen\",\"pt\":\"Iémen\",\"nl\":\"Jemen\",\"hr\":\"Jemen\",\"fa\":\"یمن\",\"de\":\"Jemen\",\"es\":\"Yemen\",\"fr\":\"Yémen\",\"ja\":\"イエメン\",\"it\":\"Yemen\",\"cn\":\"也门\"}',15.00000000,48.00000000,'??','U+1F1FE U+1F1EA','2018-07-20 20:11:03','2021-08-01 14:37:27',1,'Q805'),(246,'Zambia','ZMB','894','ZM','260','Lusaka','ZMW','ZK','.zm','Zambia','Africa','Eastern Africa','[{\"zoneName\":\"Africa/Lusaka\",\"gmtOffset\":7200,\"gmtOffsetName\":\"UTC+02:00\",\"abbreviation\":\"CAT\",\"tzName\":\"Central Africa Time\"}]','{\"kr\":\"잠비아\",\"br\":\"Zâmbia\",\"pt\":\"Zâmbia\",\"nl\":\"Zambia\",\"hr\":\"Zambija\",\"fa\":\"زامبیا\",\"de\":\"Sambia\",\"es\":\"Zambia\",\"fr\":\"Zambie\",\"ja\":\"ザンビア\",\"it\":\"Zambia\",\"cn\":\"赞比亚\"}',-15.00000000,30.00000000,'??','U+1F1FF U+1F1F2','2018-07-20 20:11:03','2021-08-01 14:37:27',1,'Q953'),(247,'Zimbabwe','ZWE','716','ZW','263','Harare','ZWL','$','.zw','Zimbabwe','Africa','Eastern Africa','[{\"zoneName\":\"Africa/Harare\",\"gmtOffset\":7200,\"gmtOffsetName\":\"UTC+02:00\",\"abbreviation\":\"CAT\",\"tzName\":\"Central Africa Time\"}]','{\"kr\":\"짐바브웨\",\"br\":\"Zimbabwe\",\"pt\":\"Zimbabué\",\"nl\":\"Zimbabwe\",\"hr\":\"Zimbabve\",\"fa\":\"زیمباوه\",\"de\":\"Simbabwe\",\"es\":\"Zimbabue\",\"fr\":\"Zimbabwe\",\"ja\":\"ジンバブエ\",\"it\":\"Zimbabwe\",\"cn\":\"津巴布韦\"}',-20.00000000,30.00000000,'??','U+1F1FF U+1F1FC','2018-07-20 20:11:03','2021-08-01 14:37:27',1,'Q954'),(248,'Kosovo','XKX','926','XK','383','Pristina','EUR','€','.xk','Republika e Kosovës','Europe','Eastern Europe','[{\"zoneName\":\"Europe/Belgrade\",\"gmtOffset\":3600,\"gmtOffsetName\":\"UTC+01:00\",\"abbreviation\":\"CET\",\"tzName\":\"Central European Time\"}]','{\"kr\":\"코소보\",\"cn\":\"科索沃\"}',42.56129090,20.34030350,'??','U+1F1FD U+1F1F0','2020-08-15 15:33:50','2021-08-01 14:37:57',1,'Q1246'),(249,'Curaçao','CUW','531','CW','599','Willemstad','ANG','ƒ','.cw','Curaçao','Americas','Caribbean','[{\"zoneName\":\"America/Curacao\",\"gmtOffset\":-14400,\"gmtOffsetName\":\"UTC-04:00\",\"abbreviation\":\"AST\",\"tzName\":\"Atlantic Standard Time\"}]','{\"kr\":\"퀴라소\",\"br\":\"Curaçao\",\"pt\":\"Curaçao\",\"nl\":\"Curaçao\",\"fa\":\"کوراسائو\",\"de\":\"Curaçao\",\"fr\":\"Curaçao\",\"it\":\"Curaçao\",\"cn\":\"库拉索\"}',12.11666700,-68.93333300,'??','U+1F1E8 U+1F1FC','2020-10-25 14:54:20','2021-08-01 14:37:27',1,'Q25279'),(250,'Sint Maarten (Dutch part)','SXM','534','SX','1721','Philipsburg','ANG','ƒ','.sx','Sint Maarten','Americas','Caribbean','[{\"zoneName\":\"America/Anguilla\",\"gmtOffset\":-14400,\"gmtOffsetName\":\"UTC-04:00\",\"abbreviation\":\"AST\",\"tzName\":\"Atlantic Standard Time\"}]','{\"kr\":\"신트마르턴\",\"br\":\"Sint Maarten\",\"pt\":\"São Martinho\",\"nl\":\"Sint Maarten\",\"fa\":\"سینت مارتن\",\"de\":\"Sint Maarten (niederl. Teil)\",\"fr\":\"Saint Martin (partie néerlandaise)\",\"it\":\"Saint Martin (parte olandese)\",\"cn\":\"圣马丁岛（荷兰部分）\"}',18.03333300,-63.05000000,'??','U+1F1F8 U+1F1FD','2020-12-05 13:03:39','2021-08-01 14:37:27',1,'Q26273');
/*!40000 ALTER TABLE `countries` ENABLE KEYS */;
UNLOCK TABLES;

--
-- Table structure for table `coupons`
--

DROP TABLE IF EXISTS `coupons`;
/*!40101 SET @saved_cs_client     = @@character_set_client */;
/*!40101 SET character_set_client = utf8 */;
CREATE TABLE `coupons` (
  `coupans_id` int(11) NOT NULL AUTO_INCREMENT,
  `code` varchar(191) COLLATE utf8mb4_unicode_ci NOT NULL,
  `date_created` datetime DEFAULT NULL,
  `date_modified` datetime DEFAULT NULL,
  `description` text COLLATE utf8mb4_unicode_ci,
  `discount_type` varchar(100) COLLATE utf8mb4_unicode_ci NOT NULL COMMENT 'Options: fixed_cart, percent, fixed_product and percent_product. Default: fixed_cart.',
  `amount` int(11) NOT NULL,
  `expiry_date` datetime NOT NULL,
  `usage_count` int(11) NOT NULL,
  `individual_use` tinyint(1) NOT NULL DEFAULT '0',
  `product_ids` varchar(191) COLLATE utf8mb4_unicode_ci NOT NULL,
  `exclude_product_ids` varchar(191) COLLATE utf8mb4_unicode_ci NOT NULL,
  `usage_limit` int(11) DEFAULT NULL,
  `usage_limit_per_user` int(11) DEFAULT NULL,
  `limit_usage_to_x_items` int(11) NOT NULL,
  `free_shipping` tinyint(1) NOT NULL DEFAULT '0',
  `product_categories` varchar(191) COLLATE utf8mb4_unicode_ci NOT NULL,
  `excluded_product_categories` varchar(191) COLLATE utf8mb4_unicode_ci NOT NULL,
  `exclude_sale_items` tinyint(1) NOT NULL DEFAULT '0',
  `minimum_amount` decimal(10,2) NOT NULL,
  `maximum_amount` decimal(10,2) NOT NULL,
  `email_restrictions` text COLLATE utf8mb4_unicode_ci NOT NULL,
  `used_by` varchar(191) COLLATE utf8mb4_unicode_ci NOT NULL,
  `created_at` timestamp NULL DEFAULT NULL,
  `updated_at` timestamp NULL DEFAULT NULL,
  PRIMARY KEY (`coupans_id`)
) ENGINE=MyISAM AUTO_INCREMENT=16 DEFAULT CHARSET=utf8mb4 COLLATE=utf8mb4_unicode_ci;
/*!40101 SET character_set_client = @saved_cs_client */;

--
-- Dumping data for table `coupons`
--

LOCK TABLES `coupons` WRITE;
/*!40000 ALTER TABLE `coupons` DISABLE KEYS */;
INSERT INTO `coupons` VALUES (1,'Sample Coupon Cart Discount',NULL,NULL,NULL,'fixed_cart',10,'2021-08-31 00:00:00',0,0,'','',NULL,NULL,0,0,'','',0,30.00,1000.00,'',',11','2019-09-18 12:27:34','2019-09-24 16:48:00'),(2,'Sample Coupon Cart Percent Discount',NULL,NULL,NULL,'percent',10,'1970-01-01 00:00:00',0,0,'','',10,5,0,0,'','',0,20.00,1000.00,'',',10','2019-09-18 12:28:36','2019-09-18 12:33:03'),(3,'Sample Coupon Product Discount',NULL,NULL,NULL,'fixed_product',20,'2022-05-31 00:00:00',0,0,'','',NULL,NULL,0,0,'','',0,20.00,1000.00,'',',9','2019-09-18 12:29:37',NULL),(4,'WT20',NULL,NULL,NULL,'percent_product',20,'2021-10-31 00:00:00',0,1,'','',NULL,NULL,0,0,'','',0,10.00,99999999.99,'','','2019-09-18 12:32:02','2021-09-20 13:18:52'),(6,'123456',NULL,NULL,'<p>TEST TEST TEST</p>','percent_product',10,'2021-09-22 00:00:00',0,0,'','',NULL,NULL,0,0,'','',0,100.00,100.00,'','','2021-06-30 09:00:09',NULL),(8,'TK50',NULL,NULL,NULL,'percent',50,'2022-02-28 00:00:00',0,1,'','',NULL,NULL,0,0,'','',0,10.00,99999999.99,'',',57,57,57,64,57,57,114','2021-08-26 15:47:40',NULL),(7,'TK25',NULL,NULL,NULL,'percent',25,'2022-02-28 00:00:00',0,1,'','',NULL,NULL,0,1,'','',0,10.00,99999999.99,'','','2021-08-26 15:35:50',NULL),(9,'Kumar20',NULL,NULL,NULL,'percent',20,'2021-10-31 00:00:00',0,1,'','',NULL,NULL,0,0,'','',0,10.00,10000.00,'',',141','2021-09-05 12:33:21','2021-10-28 12:52:32'),(11,'98',NULL,NULL,NULL,'percent',98,'2021-12-31 00:00:00',0,0,'','',NULL,NULL,0,0,'','',0,2.00,10000.00,'',',281,281,381,281,281,381,399,401,401','2021-09-21 17:21:18','2021-11-09 09:39:05');
/*!40000 ALTER TABLE `coupons` ENABLE KEYS */;
UNLOCK TABLES;

--
-- Table structure for table `currencies`
--

DROP TABLE IF EXISTS `currencies`;
/*!40101 SET @saved_cs_client     = @@character_set_client */;
/*!40101 SET character_set_client = utf8 */;
CREATE TABLE `currencies` (
  `id` int(11) NOT NULL AUTO_INCREMENT,
  `title` varchar(32) COLLATE utf8mb4_unicode_ci NOT NULL,
  `code` char(3) COLLATE utf8mb4_unicode_ci NOT NULL,
  `symbol_left` varchar(12) COLLATE utf8mb4_unicode_ci DEFAULT NULL,
  `symbol_right` varchar(12) COLLATE utf8mb4_unicode_ci DEFAULT NULL,
  `decimal_point` char(1) COLLATE utf8mb4_unicode_ci DEFAULT NULL,
  `thousands_point` char(1) COLLATE utf8mb4_unicode_ci DEFAULT NULL,
  `decimal_places` char(1) COLLATE utf8mb4_unicode_ci DEFAULT NULL,
  `created_at` timestamp NULL DEFAULT NULL,
  `updated_at` timestamp NULL DEFAULT NULL,
  `value` double(13,8) DEFAULT NULL,
  `is_default` tinyint(1) NOT NULL DEFAULT '0',
  `status` tinyint(1) NOT NULL DEFAULT '1',
  `is_current` tinyint(1) NOT NULL DEFAULT '0',
  PRIMARY KEY (`id`),
  KEY `idx_currencies_code` (`code`)
) ENGINE=MyISAM AUTO_INCREMENT=10 DEFAULT CHARSET=utf8mb4 COLLATE=utf8mb4_unicode_ci;
/*!40101 SET character_set_client = @saved_cs_client */;

--
-- Dumping data for table `currencies`
--

LOCK TABLES `currencies` WRITE;
/*!40000 ALTER TABLE `currencies` DISABLE KEYS */;
INSERT INTO `currencies` VALUES (1,'Dhiram','AED','AED','',NULL,NULL,'1','2021-02-01 07:52:31','2021-02-01 07:52:31',1.00000000,1,1,1);
/*!40000 ALTER TABLE `currencies` ENABLE KEYS */;
UNLOCK TABLES;

--
-- Table structure for table `currency_record`
--

DROP TABLE IF EXISTS `currency_record`;
/*!40101 SET @saved_cs_client     = @@character_set_client */;
/*!40101 SET character_set_client = utf8 */;
CREATE TABLE `currency_record` (
  `id` int(11) NOT NULL AUTO_INCREMENT,
  `code` varchar(191) COLLATE utf8mb4_unicode_ci NOT NULL,
  `currency_name` varchar(191) COLLATE utf8mb4_unicode_ci NOT NULL,
  PRIMARY KEY (`id`)
) ENGINE=MyISAM AUTO_INCREMENT=171 DEFAULT CHARSET=utf8mb4 COLLATE=utf8mb4_unicode_ci;
/*!40101 SET character_set_client = @saved_cs_client */;

--
-- Dumping data for table `currency_record`
--

LOCK TABLES `currency_record` WRITE;
/*!40000 ALTER TABLE `currency_record` DISABLE KEYS */;
INSERT INTO `currency_record` VALUES (1,'AED','United Arab Emirates Dirham'),(2,'AFN','Afghan Afghani'),(3,'ALL','Albanian Lek'),(4,'AMD','Armenian Dram'),(5,'ANG','Netherlands Antillean Guilder'),(6,'AOA','Angolan Kwanza'),(7,'ARS','Argentine Peso'),(8,'AUD','Australian Dollar'),(9,'AWG','Aruban Florin'),(10,'AZN','Azerbaijani Manat'),(11,'BAM','Bosnia-Herzegovina Convertible Mark'),(12,'BBD','Barbadian Dollar'),(13,'BDT','Bangladeshi Taka'),(14,'BGN','Bulgarian Lev'),(15,'BHD','Bahraini Dinar'),(16,'BIF','Burundian Franc'),(17,'BMD','Bermudan Dollar'),(18,'BND','Brunei Dollar'),(19,'BOB','Bolivian Boliviano'),(20,'BRL','Brazilian Real'),(21,'BSD','Bahamian Dollar'),(22,'BTC','Bitcoin'),(23,'BTN','Bhutanese Ngultrum'),(24,'BWP','Botswanan Pula'),(25,'BYN','Belarusian Ruble'),(26,'BZD','Belize Dollar'),(27,'CAD','Canadian Dollar'),(28,'CDF','Congolese Franc'),(29,'CHF','Swiss Franc'),(30,'CLF','Chilean Unit of Account (UF)'),(31,'CLP','Chilean Peso'),(32,'CNH','Chinese Yuan (Offshore)'),(33,'CNY','Chinese Yuan'),(34,'COP','Colombian Peso'),(35,'CRC','Costa Rican Colón'),(36,'CUC','Cuban Convertible Peso'),(37,'CUP','Cuban Peso'),(38,'CVE','Cape Verdean Escudo'),(39,'CZK','Czech Republic Koruna'),(40,'DJF','Djiboutian Franc'),(41,'DKK','Danish Krone'),(42,'DOP','Dominican Peso'),(43,'DZD','Algerian Dinar'),(44,'EGP','Egyptian Pound'),(45,'ERN','Eritrean Nakfa'),(46,'ETB','Ethiopian Birr'),(47,'EUR','Euro'),(48,'FJD','Fijian Dollar'),(49,'FKP','Falkland Islands Pound'),(50,'GBP','British Pound Sterling'),(51,'GEL','Georgian Lari'),(52,'GGP','Guernsey Pound'),(53,'GHS','Ghanaian Cedi'),(54,'GIP','Gibraltar Pound'),(55,'GMD','Gambian Dalasi'),(56,'GNF','Guinean Franc'),(57,'GTQ','Guatemalan Quetzal'),(58,'GYD','Guyanaese Dollar'),(59,'HKD','Hong Kong Dollar'),(60,'HNL','Honduran Lempira'),(61,'HRK','Croatian Kuna'),(62,'HTG','Haitian Gourde'),(63,'HUF','Hungarian Forint'),(64,'IDR','Indonesian Rupiah'),(65,'ILS','Israeli New Sheqel'),(66,'IMP','Manx pound'),(67,'INR','Indian Rupee'),(68,'IQD','Iraqi Dinar'),(69,'IRR','Iranian Rial'),(70,'ISK','Icelandic Króna'),(71,'JEP','Jersey Pound'),(72,'JMD','Jamaican Dollar'),(73,'JOD','Jordanian Dinar'),(74,'JPY','Japanese Yen'),(75,'KES','Kenyan Shilling'),(76,'KGS','Kyrgystani Som'),(77,'KHR','Cambodian Riel'),(78,'KMF','Comorian Franc'),(79,'KPW','North Korean Won'),(80,'KRW','South Korean Won'),(81,'KWD','Kuwaiti Dinar'),(82,'KYD','Cayman Islands Dollar'),(83,'KZT','Kazakhstani Tenge'),(84,'LAK','Laotian Kip'),(85,'LBP','Lebanese Pound'),(86,'LKR','Sri Lankan Rupee'),(87,'LRD','Liberian Dollar'),(88,'LSL','Lesotho Loti'),(89,'LYD','Libyan Dinar'),(90,'MAD','Moroccan Dirham'),(91,'MDL','Moldovan Leu'),(92,'MGA','Malagasy Ariary'),(93,'MKD','Macedonian Denar'),(94,'MMK','Myanma Kyat'),(95,'MNT','Mongolian Tugrik'),(96,'MOP','Macanese Pataca'),(97,'MRO','Mauritanian Ouguiya (pre-2018)'),(98,'MRU','Mauritanian Ouguiya'),(99,'MUR','Mauritian Rupee'),(100,'MVR','Maldivian Rufiyaa'),(101,'MWK','Malawian Kwacha'),(102,'MXN','Mexican Peso'),(103,'MYR','Malaysian Ringgit'),(104,'MZN','Mozambican Metical'),(105,'NAD','Namibian Dollar'),(106,'NGN','Nigerian Naira'),(107,'NIO','Nicaraguan Córdoba'),(108,'NOK','Norwegian Krone'),(109,'NPR','Nepalese Rupee'),(110,'NZD','New Zealand Dollar'),(111,'OMR','Omani Rial'),(112,'PAB','Panamanian Balboa'),(113,'PEN','Peruvian Nuevo Sol'),(114,'PGK','Papua New Guinean Kina'),(115,'PHP','Philippine Peso'),(116,'PKR','Pakistani Rupee'),(117,'PLN','Polish Zloty'),(118,'PYG','Paraguayan Guarani'),(119,'QAR','Qatari Rial'),(120,'RON','Romanian Leu'),(121,'RSD','Serbian Dinar'),(122,'RUB','Russian Ruble'),(123,'RWF','Rwandan Franc'),(124,'SAR','Saudi Riyal'),(125,'SBD','Solomon Islands Dollar'),(126,'SCR','Seychellois Rupee'),(127,'SDG','Sudanese Pound'),(128,'SEK','Swedish Krona'),(129,'SGD','Singapore Dollar'),(130,'SHP','Saint Helena Pound'),(131,'SLL','Sierra Leonean Leone'),(132,'SOS','Somali Shilling'),(133,'SRD','Surinamese Dollar'),(134,'SSP','South Sudanese Pound'),(135,'STD','São Tomé and Príncipe Dobra (pre-2018)'),(136,'STN','São Tomé and Príncipe Dobra'),(137,'SVC','Salvadoran Colón'),(138,'SYP','Syrian Pound'),(139,'SZL','Swazi Lilangeni'),(140,'THB','Thai Baht'),(141,'TJS','Tajikistani Somoni'),(142,'TMT','Turkmenistani Manat'),(143,'TND','Tunisian Dinar'),(144,'TOP','Tongan Pa\'anga'),(145,'TRY','Turkish Lira'),(146,'TTD','Trinidad and Tobago Dollar'),(147,'TWD','New Taiwan Dollar'),(148,'TZS','Tanzanian Shilling'),(149,'UAH','Ukrainian Hryvnia'),(150,'UGX','Ugandan Shilling'),(151,'USD','United States Dollar'),(152,'UYU','Uruguayan Peso'),(153,'UZS','Uzbekistan Som'),(154,'VEF','Venezuelan Bolívar Fuerte'),(155,'VND','Vietnamese Dong'),(156,'VUV','Vanuatu Vatu'),(157,'WST','Samoan Tala'),(158,'XAF','CFA Franc BEAC'),(159,'XAG','Silver Ounce'),(160,'XAU','Gold Ounce'),(161,'XCD','East Caribbean Dollar'),(162,'XDR','Special Drawing Rights'),(163,'XOF','CFA Franc BCEAO'),(164,'XPD','Palladium Ounce'),(165,'XPF','CFP Franc'),(166,'XPT','Platinum Ounce'),(167,'YER','Yemeni Rial'),(168,'ZAR','South African Rand'),(169,'ZMW','Zambian Kwacha'),(170,'ZWL','Zimbabwean Dollar');
/*!40000 ALTER TABLE `currency_record` ENABLE KEYS */;
UNLOCK TABLES;

--
-- Table structure for table `current_theme`
--

DROP TABLE IF EXISTS `current_theme`;
/*!40101 SET @saved_cs_client     = @@character_set_client */;
/*!40101 SET character_set_client = utf8 */;
CREATE TABLE `current_theme` (
  `id` int(11) NOT NULL AUTO_INCREMENT,
  `header` int(11) NOT NULL,
  `carousel` int(11) NOT NULL,
  `banner` int(11) NOT NULL,
  `footer` int(11) NOT NULL,
  `product_section_order` text COLLATE utf8mb4_unicode_ci NOT NULL,
  `cart` int(11) NOT NULL,
  `news` int(11) NOT NULL,
  `detail` int(11) NOT NULL,
  `shop` int(11) NOT NULL,
  `contact` int(11) NOT NULL,
  `top_offer` int(11) NOT NULL DEFAULT '1',
  `login` int(11) NOT NULL DEFAULT '1',
  `transitions` int(11) NOT NULL,
  `banner_two` int(11) NOT NULL,
  `customers_id` varchar(255) COLLATE utf8mb4_unicode_ci NOT NULL,
  `session_id` text COLLATE utf8mb4_unicode_ci NOT NULL,
  PRIMARY KEY (`id`)
) ENGINE=MyISAM AUTO_INCREMENT=52892 DEFAULT CHARSET=utf8mb4 COLLATE=utf8mb4_unicode_ci;
/*!40101 SET character_set_client = @saved_cs_client */;

--
-- Dumping data for table `current_theme`
--

LOCK TABLES `current_theme` WRITE;
/*!40000 ALTER TABLE `current_theme` DISABLE KEYS */;
INSERT INTO `current_theme` VALUES (1,10,1,3,10,'[{\"id\":1,\"name\":\"Banner Section\",\"order\":1,\"file_name\":\"banner_section\",\"status\":1,\"image\":\"images\\/prototypes\\/banner_section.jpg\",\"alt\":\"Banner Section\"},{\"id\":11,\"name\":\"Tab Products View\",\"order\":2,\"file_name\":\"tab\",\"status\":1,\"image\":\"images\\/prototypes\\/tab.jpg\",\"disabled_image\":\"images\\/prototypes\\/tab-cross.jpg\",\"alt\":\"Tab Products View\"},{\"id\":5,\"name\":\"Categories\",\"order\":3,\"file_name\":\"categories\",\"status\":1,\"image\":\"images\\/prototypes\\/categories.jpg\",\"disabled_image\":\"images\\/prototypes\\/categories-cross.jpg\",\"alt\":\"Categories\"},{\"id\":2,\"name\":\"Flash Sale Section\",\"order\":4,\"file_name\":\"flash_sale_section\",\"status\":1,\"image\":\"images\\/prototypes\\/flash_sale_section.jpg\",\"disabled_image\":\"images\\/prototypes\\/flash_sale_section-cross.jpg\",\"alt\":\"Flash Sale Section\"},{\"id\":10,\"name\":\"Second Ad Section\",\"order\":5,\"file_name\":\"sec_ad_banner\",\"status\":1,\"image\":\"images\\/prototypes\\/sec_ad_section.jpg\",\"disabled_image\":\"images\\/prototypes\\/sec_ad_section-cross.jpg\",\"alt\":\"Second Ad Section\"},{\"id\":9,\"name\":\"Top Selling\",\"order\":6,\"file_name\":\"top\",\"status\":1,\"image\":\"images\\/prototypes\\/top.jpg\",\"disabled_image\":\"images\\/prototypes\\/top-cross.jpg\",\"alt\":\"Top Selling\"},{\"id\":4,\"name\":\"Ad Section\",\"order\":7,\"file_name\":\"ad_banner_section\",\"status\":1,\"image\":\"images\\/prototypes\\/ad_banner_section.jpg\",\"disabled_image\":\"images\\/prototypes\\/ad_banner_section-cross.jpg\",\"alt\":\"Ad Section\"},{\"id\":3,\"name\":\"Special Products Section\",\"order\":8,\"file_name\":\"special\",\"status\":1,\"image\":\"images\\/prototypes\\/special_product.jpg\",\"disabled_image\":\"images\\/prototypes\\/special_product-cross.jpg\",\"alt\":\"Special Products Section\"},{\"id\":8,\"name\":\"Newest Product Section\",\"order\":9,\"file_name\":\"newest_product\",\"status\":1,\"image\":\"images\\/prototypes\\/newest_product.jpg\",\"disabled_image\":\"images\\/prototypes\\/newest_product-cross.jpg\",\"alt\":\"Newest Product Section\"},{\"id\":12,\"name\":\"Banner 2 Section\",\"order\":10,\"file_name\":\"banner_two_section\",\"status\":1,\"image\":\"images\\/prototypes\\/sec_ad_section.jpg\",\"disabled_image\":\"images\\/prototypes\\/sec_ad_section-cross.jpg\",\"alt\":\"Banner 2 Section\"},{\"id\":6,\"name\":\"Blog Section\",\"order\":11,\"file_name\":\"blog_section\",\"status\":1,\"image\":\"images\\/prototypes\\/blog_section.jpg\",\"disabled_image\":\"images\\/prototypes\\/blog_section-cross.jpg\",\"alt\":\"Blog Section\"},{\"id\":7,\"name\":\"Info Boxes\",\"order\":12,\"file_name\":\"info_boxes\",\"status\":1,\"image\":\"images\\/prototypes\\/info_boxes.jpg\",\"disabled_image\":\"images\\/prototypes\\/info_boxes-cross.jpg\",\"alt\":\"Info Boxes\"}]',1,1,1,3,1,1,1,5,1,'','5d2ZmpgcBADkan2oZmcfhicKaQKQqEE5cA8NIPfC');
/*!40000 ALTER TABLE `current_theme` ENABLE KEYS */;
UNLOCK TABLES;

--
-- Table structure for table `customers`
--

DROP TABLE IF EXISTS `customers`;
/*!40101 SET @saved_cs_client     = @@character_set_client */;
/*!40101 SET character_set_client = utf8 */;
CREATE TABLE `customers` (
  `customers_id` int(11) NOT NULL AUTO_INCREMENT,
  `user_id` int(10) unsigned NOT NULL,
  `customers_fax` varchar(191) COLLATE utf8_unicode_ci DEFAULT NULL,
  `customers_newsletter` varchar(191) COLLATE utf8_unicode_ci DEFAULT NULL,
  `fb_id` varchar(191) COLLATE utf8_unicode_ci DEFAULT NULL,
  `google_id` varchar(191) COLLATE utf8_unicode_ci DEFAULT NULL,
  `auth_id_tiwilo` int(11) DEFAULT NULL,
  `created_at` timestamp NULL DEFAULT NULL,
  `updated_at` timestamp NULL DEFAULT NULL,
  PRIMARY KEY (`customers_id`)
) ENGINE=InnoDB AUTO_INCREMENT=78 DEFAULT CHARSET=utf8 COLLATE=utf8_unicode_ci;
/*!40101 SET character_set_client = @saved_cs_client */;

--
-- Dumping data for table `customers`
--

LOCK TABLES `customers` WRITE;
/*!40000 ALTER TABLE `customers` DISABLE KEYS */;
INSERT INTO `customers` VALUES (4,111,NULL,NULL,NULL,'103426774279324636522',NULL,NULL,NULL),(5,112,NULL,NULL,NULL,'117499952913651418738',NULL,NULL,NULL),(6,113,NULL,NULL,NULL,'101907596557064290527',NULL,NULL,NULL),(7,114,NULL,'0',NULL,'104578661523060090380',NULL,NULL,'2021-09-15 10:25:47'),(8,115,NULL,NULL,NULL,'115112431979718496049',NULL,NULL,NULL),(11,117,NULL,NULL,NULL,'103846312938244859190',NULL,NULL,NULL),(12,120,NULL,NULL,NULL,'101907596557064290527',NULL,NULL,NULL),(13,122,NULL,NULL,NULL,'112607377434603060647',NULL,NULL,NULL),(14,123,NULL,NULL,NULL,'107572409082779877914',NULL,NULL,NULL),(15,124,NULL,NULL,NULL,'101264462224461962683',NULL,NULL,NULL),(16,125,NULL,NULL,NULL,'101907596557064290527',NULL,NULL,NULL),(17,132,NULL,NULL,NULL,'109977652975521343019',NULL,NULL,NULL),(18,134,NULL,NULL,NULL,'108502794923789104552',NULL,NULL,NULL),(19,136,NULL,NULL,NULL,'107206006486616912811',NULL,NULL,NULL),(20,137,NULL,NULL,NULL,'109275109426623349295',NULL,NULL,NULL),(21,138,NULL,'0',NULL,'117718323840223196447',NULL,NULL,'2021-09-08 08:01:37'),(22,144,NULL,NULL,NULL,'104647197376436823736',NULL,NULL,NULL),(23,152,NULL,NULL,NULL,'103756080784382081802',NULL,NULL,NULL),(24,153,NULL,NULL,NULL,'105858769750750809937',NULL,NULL,NULL),(25,182,NULL,NULL,NULL,'104583301431070520106',NULL,NULL,NULL),(26,197,NULL,NULL,NULL,'110830545691207183292',NULL,NULL,NULL),(27,199,NULL,NULL,NULL,'118283939875535249965',NULL,NULL,NULL),(28,202,NULL,NULL,NULL,'109910977534115374826',NULL,NULL,NULL),(34,220,NULL,NULL,'101408802308893',NULL,NULL,NULL,NULL),(36,230,NULL,NULL,'371850561347088','117718323840223196447',NULL,NULL,NULL),(43,253,NULL,NULL,'371850561347088',NULL,NULL,NULL,NULL),(46,256,NULL,NULL,'106547718461668',NULL,NULL,NULL,NULL),(47,257,NULL,NULL,'106547718461668',NULL,NULL,NULL,NULL),(48,264,NULL,NULL,'106547718461668',NULL,NULL,NULL,NULL),(49,265,NULL,NULL,'1657154911343061',NULL,NULL,NULL,NULL),(50,267,NULL,NULL,'2306612839473585',NULL,NULL,NULL,NULL),(51,268,NULL,NULL,'4545606122128148',NULL,NULL,NULL,NULL),(52,269,NULL,NULL,'10161309028887228',NULL,NULL,NULL,NULL),(53,276,NULL,NULL,'10165754109270720',NULL,NULL,NULL,NULL),(54,278,NULL,NULL,'1230299294141423',NULL,NULL,NULL,NULL),(55,283,NULL,NULL,'10216044761310878',NULL,NULL,NULL,NULL),(56,285,NULL,NULL,'3111269009092240',NULL,NULL,NULL,NULL),(57,213,NULL,NULL,NULL,'106134186099772520939',NULL,NULL,NULL),(58,309,NULL,NULL,NULL,'102196866846492733143',NULL,NULL,NULL),(59,318,NULL,NULL,'2931853417076440',NULL,NULL,NULL,NULL),(60,321,NULL,NULL,NULL,'102615820372919779540',NULL,NULL,NULL),(61,324,NULL,NULL,'4383936788320146',NULL,NULL,NULL,NULL),(62,333,NULL,NULL,NULL,'108069506608285622201',NULL,NULL,NULL),(63,342,NULL,NULL,NULL,'101642276984678849023',NULL,NULL,NULL),(64,363,NULL,NULL,NULL,'107262726265232049806',NULL,NULL,NULL),(65,370,NULL,NULL,'4793257344028974',NULL,NULL,NULL,NULL),(66,374,NULL,NULL,'600440117767718',NULL,NULL,NULL,NULL),(67,376,NULL,NULL,'10165652102005103',NULL,NULL,NULL,NULL),(68,379,NULL,NULL,'10208380678912275',NULL,NULL,NULL,NULL),(69,380,NULL,NULL,NULL,'112059257224524501236',NULL,NULL,NULL),(70,386,NULL,NULL,'1988012818035085',NULL,NULL,NULL,NULL),(71,204,NULL,NULL,'2082887615201359',NULL,NULL,NULL,NULL),(72,323,NULL,NULL,NULL,'102615820372919779540',NULL,NULL,NULL),(73,394,NULL,NULL,'10225293654624585',NULL,NULL,NULL,NULL),(74,397,NULL,NULL,NULL,'104578661523060090380',NULL,NULL,NULL),(75,402,NULL,NULL,NULL,'104578661523060090380',NULL,NULL,NULL),(76,329,NULL,NULL,NULL,'117718323840223196447',NULL,NULL,NULL),(77,403,NULL,NULL,NULL,'117718323840223196447',NULL,NULL,NULL);
/*!40000 ALTER TABLE `customers` ENABLE KEYS */;
UNLOCK TABLES;

--
-- Table structure for table `customers_basket`
--

DROP TABLE IF EXISTS `customers_basket`;
/*!40101 SET @saved_cs_client     = @@character_set_client */;
/*!40101 SET character_set_client = utf8 */;
CREATE TABLE `customers_basket` (
  `customers_basket_id` int(11) NOT NULL AUTO_INCREMENT,
  `customers_id` int(11) NOT NULL,
  `products_id` text COLLATE utf8_unicode_ci NOT NULL,
  `customers_basket_quantity` int(11) NOT NULL,
  `final_price` decimal(15,2) DEFAULT NULL,
  `customers_basket_date_added` char(10) COLLATE utf8_unicode_ci DEFAULT NULL,
  `is_order` tinyint(1) NOT NULL DEFAULT '0',
  `session_id` varchar(191) COLLATE utf8_unicode_ci NOT NULL,
  `campaign_id` int(11) NOT NULL DEFAULT '0',
  `created_at` varchar(255) COLLATE utf8_unicode_ci DEFAULT NULL,
  PRIMARY KEY (`customers_basket_id`),
  KEY `idx_customers_basket_customers_id` (`customers_id`)
) ENGINE=InnoDB AUTO_INCREMENT=310 DEFAULT CHARSET=utf8 COLLATE=utf8_unicode_ci;
/*!40101 SET character_set_client = @saved_cs_client */;

--
-- Dumping data for table `customers_basket`
--

LOCK TABLES `customers_basket` WRITE;
/*!40000 ALTER TABLE `customers_basket` DISABLE KEYS */;
INSERT INTO `customers_basket` VALUES (160,0,'44',1,30.00,'2021-11-09',0,'5HbJ1tpkjNLPmTcs9n7syDPGiOQQk6gWw26X9057',35,'2021-11-09 08:52:18'),(162,0,'44',2,30.00,'2021-11-09',0,'iRjlhrvnTz2rux6zTg1RIPVp3MinYLPlBIiKk13j',35,'2021-11-09 09:41:49'),(166,0,'44',2,30.00,'2021-11-09',0,'ko73CZNHyMHbt8sPFBzfVCkxJa4VsHmQ93Rp8MFa',35,'2021-11-09 09:43:13'),(167,0,'9',1,15.00,'2021-11-09',0,'DMTMzz1tglJzVmNRADtnzknyb6oN24f6eYr3uzpq',33,'2021-11-09 09:43:16'),(168,0,'9',1,15.00,'2021-11-09',0,'ko73CZNHyMHbt8sPFBzfVCkxJa4VsHmQ93Rp8MFa',33,'2021-11-09 09:43:23'),(188,0,'44',1,30.00,'2021-11-09',0,'wOZ0cbiNmuhnTFDnu86c0AIDkRwCnqopD7xGR4DR',35,'2021-11-09 14:52:54'),(193,0,'42',1,20.00,'2021-11-09',0,'utDtRKEFUtY0prFNxlmYTOtjVSH7329ELl5ktMRj',32,'2021-11-09 15:04:33'),(194,0,'9',1,15.00,'2021-11-09',0,'M5zomACZnGiUw8btNAP9gGmG8UNUH2Ie8A63jNNM',33,'2021-11-09 15:04:55'),(199,281,'44',1,30.00,'2021-11-09',1,'kFUBdnElV4znfxe4cTQX4h3MOocpKTgj2U8ZNVlS',35,'2021-11-09 16:57:20'),(200,281,'12',1,50.00,'2021-11-09',1,'kFUBdnElV4znfxe4cTQX4h3MOocpKTgj2U8ZNVlS',34,'2021-11-09 16:57:43'),(201,0,'9',1,15.00,'2021-11-09',0,'4kbu7hUfV0q5wx61JevCkWwLKpSId2tr79HloicV',33,'2021-11-09 16:57:58'),(202,0,'42',1,20.00,'2021-11-09',0,'4kbu7hUfV0q5wx61JevCkWwLKpSId2tr79HloicV',32,'2021-11-09 16:58:28'),(203,223,'44',1,30.00,'2021-11-09',1,'J9MEQGns5l9CNPhUg8xVYXeCUbY7kotrDtC8JxlE',35,'2021-11-09 17:05:59'),(204,362,'44',1,30.00,'2021-11-09',1,'PegGP95xCA1o7ZXIcMJ0oXV91dY6K8lJrMoxoilG',35,'2021-11-09 17:17:21'),(206,281,'12',1,50.00,'2021-11-09',1,'kFUBdnElV4znfxe4cTQX4h3MOocpKTgj2U8ZNVlS',34,'2021-11-09 17:23:37'),(207,281,'9',1,15.00,'2021-11-09',1,'kFUBdnElV4znfxe4cTQX4h3MOocpKTgj2U8ZNVlS',33,'2021-11-09 17:23:59'),(208,281,'42',1,20.00,'2021-11-09',1,'kFUBdnElV4znfxe4cTQX4h3MOocpKTgj2U8ZNVlS',32,'2021-11-09 17:24:16'),(209,0,'9',1,15.00,'2021-11-09',0,'HC9PTRE9E68CmdfMJTxXdF7gUtgGup9jkRfJc3Bb',33,'2021-11-09 17:54:05'),(210,381,'12',1,50.00,'2021-11-09',1,'FzNamBE8VFxT3ykPELByDRRsYduZ3OFpc5JAOd51',34,'2021-11-09 18:15:13'),(211,381,'9',1,15.00,'2021-11-09',1,'FzNamBE8VFxT3ykPELByDRRsYduZ3OFpc5JAOd51',33,'2021-11-09 18:15:27'),(212,381,'42',1,20.00,'2021-11-09',1,'FzNamBE8VFxT3ykPELByDRRsYduZ3OFpc5JAOd51',32,'2021-11-09 18:15:43'),(218,378,'12',1,50.00,'2021-11-09',0,'9db3EO7lDNAqJfnrLVML5nA6xVz1zrS209huKbwg',34,'2021-11-09 22:44:56'),(219,0,'12',1,50.00,'2021-11-10',0,'OnO8urCb4qGy3UIDaXygp8DGDFXGRjMSaM8lZmaQ',34,'2021-11-10 00:10:23'),(224,386,'12',1,50.00,'2021-11-10',0,'dIBIGOKJvOlekmTAzDDkWnrKIpYxKRSqdty07McA',34,'2021-11-10 02:31:59'),(227,0,'12',5,50.00,'2021-11-10',0,'SQBfIN1ob1F74GUrtyuhDt5lAlGO7pPQCTBmvTRX',34,'2021-11-10 08:02:29'),(228,0,'44',2,30.00,'2021-11-10',0,'hXd8gv6nhbZ36PWT6Lm0u9Je6ntACnhcWDUtXyrR',35,'2021-11-10 08:05:17'),(230,0,'44',1,30.00,'2021-11-10',0,'qLvFqQZnA2prQPylKC7sWYUYc4gARq3JKSWK490i',35,'2021-11-10 08:12:58'),(231,0,'12',2,50.00,'2021-11-10',0,'qLvFqQZnA2prQPylKC7sWYUYc4gARq3JKSWK490i',34,'2021-11-10 08:13:04'),(232,0,'12',1,50.00,'2021-11-10',0,'Y7ciiLd7Cf0fVjpEBWYuaY2eAN0VZ0A4zPqxKdn0',34,'2021-11-10 08:17:41'),(236,281,'12',1,50.00,'2021-11-10',1,'R75UNBKpnLN9Z72Qbw3RpCVpTAgSflzjQYDfNyIl',34,'2021-11-10 10:34:26'),(237,281,'9',1,15.00,'2021-11-10',1,'R75UNBKpnLN9Z72Qbw3RpCVpTAgSflzjQYDfNyIl',33,'2021-11-10 10:34:34'),(238,281,'42',1,20.00,'2021-11-10',1,'R75UNBKpnLN9Z72Qbw3RpCVpTAgSflzjQYDfNyIl',32,'2021-11-10 10:34:43'),(239,0,'42',1,20.00,'2021-11-10',0,'Cj56QEhO0M6EShxZtKrar0oZIzp7g6CSMqssCc9M',32,'2021-11-10 11:16:56'),(241,0,'42',2,20.00,'2021-11-10',0,'7xdVcouApIx7dRCkL669WcFSiJG8qU5KZhZLAl5N',32,'2021-11-10 13:52:03'),(242,0,'44',1,30.00,'2021-11-10',0,'MbdV1KmF34ctTPaUcGgyvXobHo4YptXqoLohCcdf',35,'2021-11-10 14:40:48'),(247,0,'9',1,15.00,'2021-11-10',0,'pX6tY2qROHb8LB9sXzmpzqtXaEhve2XB7WNnWDyw',33,'2021-11-10 16:39:22'),(248,0,'12',1,50.00,'2021-11-10',0,'Jguq2PQAYuV7awcHMEdPXncxT7x0acZKz3gxFHSt',34,'2021-11-10 18:12:32'),(249,0,'42',1,20.00,'2021-11-10',0,'otgM7LxFq0yR9PFvpRqMemSwUMN5QLg17V4vsVjs',32,'2021-11-10 20:26:21'),(250,0,'12',1,50.00,'2021-11-10',0,'Ex8MEOd57U1uGyW0hPTos7j6HccAsN7tRVTWwKCz',34,'2021-11-10 22:15:52'),(258,0,'44',1,30.00,'2021-11-11',0,'V8MhVMWqOJO6TsY5vEiiOUn2jOhr5CVRz4GhDmV9',35,'2021-11-11 11:39:20'),(259,0,'9',1,15.00,'2021-11-11',0,'V8MhVMWqOJO6TsY5vEiiOUn2jOhr5CVRz4GhDmV9',33,'2021-11-11 13:04:56'),(262,282,'42',1,20.00,'2021-11-11',1,'wCdov6ddPi326K8n1jzvtp7qLtdwNB6lrgTOBU94',32,'2021-11-11 19:50:02'),(270,0,'12',2,50.00,'2021-11-12',0,'ikFBYZyRjtij9PsqsDWN0mqqtZPEiORfiGGhOUez',34,'2021-11-12 12:05:55'),(275,0,'44',1,30.00,'2021-11-12',0,'VlynCoD1YZqt5dakPwtiA1uTxFU1PoLtYKsDHnsf',35,'2021-11-12 15:35:16'),(277,399,'12',1,50.00,'2021-11-13',1,'QoiehJ3HnP6oHjJy7dyzvJsHMWKVGgRPVtBmuziz',34,'2021-11-13 11:42:48'),(281,0,'44',1,30.00,'2021-11-13',0,'kmSSfNhCTZpAvDKXS9gL5Z1CxsethI3J1LfDVHWd',35,'2021-11-13 20:04:43'),(282,0,'12',1,50.00,'2021-11-14',0,'DSoFvLLo7zzDazI1OiQYktSqPf6saHEbDKqcuHdc',34,'2021-11-14 09:02:31'),(283,0,'12',1,50.00,'2021-11-14',0,'zLGMtOWn7Mywh5wX3Xg0hcJkH85HpFSwYOPeJJ2o',34,'2021-11-14 13:35:41'),(285,401,'12',2,50.00,'2021-11-15',1,'p9qZTkG0ulScqU6nr4EhYCIp6TziYyzf26edeyPK',34,'2021-11-15 10:41:07'),(286,401,'44',1,30.00,'2021-11-15',1,'p9qZTkG0ulScqU6nr4EhYCIp6TziYyzf26edeyPK',35,'2021-11-15 10:41:19'),(287,401,'44',2,30.00,'2021-11-15',1,'p9qZTkG0ulScqU6nr4EhYCIp6TziYyzf26edeyPK',35,'2021-11-15 10:44:02'),(288,332,'42',1,20.00,'2021-11-16',1,'9vJZX6DlVePl5h0g4xejaoUFq88i3brNvAxcRA8m',32,'2021-11-16 01:21:43'),(289,0,'42',1,20.00,'2021-11-16',0,'fNVeDWdDvXT1T9AEa3rpVrbgDS0jbwIEST5QlqnU',32,'2021-11-16 13:23:06'),(290,0,'9',1,15.00,'2021-11-16',0,'4uct34OL7lTMhsrTUh5rWOTMxbFPlYeS5CbxAaYP',33,'2021-11-16 13:58:44'),(291,397,'44',1,30.00,'2021-11-16',0,'QCCUU2wSa1GTwdiskJEPXGzkCMScLxVqUXOZQYEE',35,'2021-11-16 14:30:01'),(292,0,'42',1,20.00,'2021-11-16',0,'CAIyoXjyt2cIjPTQ1NeyAQiHaF6pkeccWvxgdqLs',32,'2021-11-16 20:09:28'),(294,0,'12',1,50.00,'2021-11-17',0,'AqM4hB2baeIEBjw6ryIXk5vbuFFsFXa5jJRWqIf5',34,'2021-11-17 11:21:57'),(295,388,'9',2,15.00,'2021-11-17',1,'eFcYmxLfK2NkgxV7u7eI6EQuWN43gCNmq58wqt32',33,'2021-11-17 14:09:22'),(297,281,'9',1,15.00,'2021-11-17',1,'CrNk1FPYhJo9oNOjwdp9m9s5O5GgznMtaIhGNOHf',33,'2021-11-17 15:06:26'),(298,401,'42',1,20.00,'2021-11-17',1,'1kiDOT7pATo7eUmQ5VeqyLPaxjGD42fD8aQctXgj',32,'2021-11-17 15:30:00'),(299,401,'44',1,30.00,'2021-11-17',0,'Cst4bSTHq0AQ4ZYyXLer5WQCY7wRnDuDAAo3sCu3',35,'2021-11-17 15:55:52'),(300,389,'12',1,50.00,'2021-11-17',0,'uAAsG0hxHLqlCAvGO1KgeOok173egLMWdzWpf6Ij',34,'2021-11-17 15:58:48'),(301,389,'42',1,20.00,'2021-11-17',0,'uAAsG0hxHLqlCAvGO1KgeOok173egLMWdzWpf6Ij',32,'2021-11-17 15:59:01'),(302,281,'44',1,30.00,'2021-11-17',0,'daOLrokUch3RhFrgMkftPnMO2JA3wlCwbevfbUZq',35,'2021-11-17 16:02:54'),(303,281,'12',1,50.00,'2021-11-17',0,'daOLrokUch3RhFrgMkftPnMO2JA3wlCwbevfbUZq',34,'2021-11-17 16:03:03'),(304,402,'44',1,30.00,'2021-11-17',0,'sEdULTKJUp3jtzVJhN2WaZKPGNWe5dfCFXqXTi9y',35,'2021-11-17 16:07:22'),(306,354,'12',1,50.00,'2021-11-18',0,'UKyQa4NynpV60s34AzgJ7F3FkwM5744NsWp2kBPe',34,'2021-11-18 11:03:02'),(307,388,'12',16,50.00,'2021-11-18',0,'qrhEdV13yVVtxSN5tP9gUju7ilOSSBWs3C3kji8M',34,'2021-11-18 11:21:54'),(308,388,'9',1,15.00,'2021-11-18',0,'qrhEdV13yVVtxSN5tP9gUju7ilOSSBWs3C3kji8M',33,'2021-11-18 11:24:40'),(309,0,'42',4,20.00,'2021-11-18',0,'Ypk6sA2fAJdFArGquNesmsTWVsPIiJDrYRK53L3N',32,'2021-11-18 13:15:54');
/*!40000 ALTER TABLE `customers_basket` ENABLE KEYS */;
UNLOCK TABLES;

--
-- Table structure for table `customers_basket_attributes`
--

DROP TABLE IF EXISTS `customers_basket_attributes`;
/*!40101 SET @saved_cs_client     = @@character_set_client */;
/*!40101 SET character_set_client = utf8 */;
CREATE TABLE `customers_basket_attributes` (
  `customers_basket_attributes_id` int(11) NOT NULL AUTO_INCREMENT,
  `customers_basket_id` int(11) NOT NULL,
  `customers_id` int(11) NOT NULL,
  `products_id` text COLLATE utf8_unicode_ci NOT NULL,
  `products_options_id` int(11) NOT NULL,
  `products_options_values_id` int(11) NOT NULL,
  `session_id` varchar(191) COLLATE utf8_unicode_ci NOT NULL,
  PRIMARY KEY (`customers_basket_attributes_id`),
  KEY `idx_customers_basket_att_customers_id` (`customers_id`)
) ENGINE=InnoDB AUTO_INCREMENT=256 DEFAULT CHARSET=utf8 COLLATE=utf8_unicode_ci;
/*!40101 SET character_set_client = @saved_cs_client */;

--
-- Dumping data for table `customers_basket_attributes`
--

LOCK TABLES `customers_basket_attributes` WRITE;
/*!40000 ALTER TABLE `customers_basket_attributes` DISABLE KEYS */;
INSERT INTO `customers_basket_attributes` VALUES (1,493,9,'13',2,5,'uURk6nyE91QIVaw95GfLMSz1COmUvNPNLQxMKdD9'),(2,495,0,'13',2,5,'tWKQrRM6EqADjIXpjOt5rfiLakMrN8TQw4S8hdEC'),(6,507,9,'13',2,5,'Bd92MA5hy9XOUC1Skt2S7MapB9n5VoSMnRum7KHf'),(7,508,9,'13',2,5,'Bd92MA5hy9XOUC1Skt2S7MapB9n5VoSMnRum7KHf'),(8,509,9,'13',2,5,'Bd92MA5hy9XOUC1Skt2S7MapB9n5VoSMnRum7KHf'),(10,517,37,'13',2,5,'g1Nalhms6sPRGLFfLMyxgw79XohZUr49dwuklAO2'),(11,518,37,'13',2,5,'g1Nalhms6sPRGLFfLMyxgw79XohZUr49dwuklAO2'),(14,521,9,'13',2,5,'c5O26ATu8Z2RU385EnRmtclK9nHxtfWPzIEvRqXi'),(15,522,37,'13',2,5,'mD0lX1zqenPtYWJ5LkompEj06RfctCsRKS73Qu5C'),(16,536,9,'13',2,5,'5XpKyRetsujLDWIKSO2sPGBe9GpantsULY6P0IdG'),(17,537,9,'13',2,5,'WFMaXOWYf4wgI2IkfKJraC1DDItCGncMzFYRO897'),(18,538,9,'13',2,5,'WFMaXOWYf4wgI2IkfKJraC1DDItCGncMzFYRO897'),(19,539,9,'13',2,5,'WFMaXOWYf4wgI2IkfKJraC1DDItCGncMzFYRO897'),(20,541,9,'13',2,5,'WFMaXOWYf4wgI2IkfKJraC1DDItCGncMzFYRO897'),(21,543,9,'13',2,5,'WFMaXOWYf4wgI2IkfKJraC1DDItCGncMzFYRO897'),(22,545,9,'13',2,5,'WFMaXOWYf4wgI2IkfKJraC1DDItCGncMzFYRO897'),(23,547,38,'13',2,5,'XzwqWu5MCRqgXIlKvI9UOBZHo2WWJpGAvMudaOof'),(25,551,39,'13',2,5,'pVB06pdniyxlWrBHl9xWhr62pJX5I6uPZoWXBn5M'),(26,556,0,'13',2,5,'TVzeEuY9uy4PGo7LHuIiIfJYpQCxDGtH26x2NCc0'),(33,576,9,'13',2,5,'LPcQMy4DfOdMNtBc9AaffSD0zCwWJ9fR1P06dBH9'),(34,580,0,'13',2,5,'tFpXFq5HzmXSeoMS1RHNfRsSYbzUowZeOgRfBLoh'),(35,581,9,'13',2,5,'8yfDAbi55TLtLI9RVSDUBfNyCAVdsQY1TcnYpra7'),(36,585,0,'13',2,5,'0oGcwDygUmmuRaXAdViJ0DfBSKxsM1m2Q3PHrssx'),(37,587,9,'13',2,5,'uo3EUlPuNEKuABHclI3WB1xa1gf0Ft4udnKKX24w'),(39,593,9,'13',2,5,'oFryH0mt48lCX4tw57sbLgYpLZfZMtN1DG9hZFHg'),(40,594,9,'13',2,5,'oFryH0mt48lCX4tw57sbLgYpLZfZMtN1DG9hZFHg'),(41,596,9,'13',2,5,'oFryH0mt48lCX4tw57sbLgYpLZfZMtN1DG9hZFHg'),(42,597,9,'13',2,5,'oFryH0mt48lCX4tw57sbLgYpLZfZMtN1DG9hZFHg'),(43,598,0,'13',2,5,'WoUszKVPPYWNcGKPVqjCrKw9UPhSKr2B6o3IqCxQ'),(45,611,9,'13',2,5,'QH2VXlvn8zZyJ3RG2RfTWCHrC9u3V4CHdje8gMP4'),(46,614,9,'13',2,5,'l01ez8wDSSC4dbt8SYrQBWo7N35xrtqgm5rU6tYx'),(49,620,0,'13',2,5,'ES5adtDvZpkDQaLv2054kdAD4VAA2c0DI8Bh59hN'),(53,629,43,'13',2,5,'uXNj838SbIPxU0HHWTlMXkDUj5Nw1GFDGIrOCtEB'),(54,632,9,'13',2,5,'GwaxHvVr4CjGOjJMGy4giHmDM1Ob3m9XxeUOwJS1'),(55,636,9,'13',2,5,'ADvfnxENEs0RACfBhCj4D48x7ZrTql5I95sJKpwe'),(56,638,9,'13',2,5,'YpsSZYIfCBBZi4Q8woTE8O7tjx38AWrnZfuHocZ3'),(64,656,47,'13',2,5,'X7OUF6mqv2xySUdtEFcAsgOkK9CQyT2wFkDvAGUq'),(67,662,0,'13',2,5,'igVCQshPuv8IqsCvvXXs0Nq3q7hTUkEI45StiTCo'),(70,666,0,'13',2,5,'Kbq5BFFpRbjE0aU5r7jSQbcGw9PdmXxFVswdPD7u'),(73,671,0,'13',2,5,'ZC8fTZ1ojUvW5ytrt3xuTB7mMg3a2zInwOodCDUr'),(76,678,9,'13',2,5,'vsoHSHMzluPvfHZU4bhyPp7hOqDRspiZMvBJT8Z8'),(77,679,9,'13',2,5,'vsoHSHMzluPvfHZU4bhyPp7hOqDRspiZMvBJT8Z8'),(78,680,9,'13',2,5,'egO1uFyqkNRhWgSGdUINoYeSl7yCCm3gU9mqlLIq'),(79,682,9,'13',2,5,'50RzvBmdtk3IL1sQfXqPw0gt3mCcZxOEydz4KWzL'),(80,683,9,'13',2,5,'50RzvBmdtk3IL1sQfXqPw0gt3mCcZxOEydz4KWzL'),(81,684,9,'13',2,5,'50RzvBmdtk3IL1sQfXqPw0gt3mCcZxOEydz4KWzL'),(82,685,9,'13',2,5,'UmKHYKQ2FcRx5FJhsFbKadFrrsMkDlsGixZxojUI'),(83,686,9,'13',2,5,'11CmFjCU1JXpTX1JE2IR1wwHcnCeNl0doYieWxBO'),(84,687,9,'13',2,5,'UmKHYKQ2FcRx5FJhsFbKadFrrsMkDlsGixZxojUI'),(85,688,9,'13',2,5,'UmKHYKQ2FcRx5FJhsFbKadFrrsMkDlsGixZxojUI'),(86,689,9,'13',2,5,'UmKHYKQ2FcRx5FJhsFbKadFrrsMkDlsGixZxojUI'),(87,690,9,'13',2,5,'UmKHYKQ2FcRx5FJhsFbKadFrrsMkDlsGixZxojUI'),(88,691,9,'13',2,5,'UmKHYKQ2FcRx5FJhsFbKadFrrsMkDlsGixZxojUI'),(89,693,9,'13',2,5,'UmKHYKQ2FcRx5FJhsFbKadFrrsMkDlsGixZxojUI'),(90,694,9,'13',2,5,'UmKHYKQ2FcRx5FJhsFbKadFrrsMkDlsGixZxojUI'),(91,696,9,'13',2,5,'UmKHYKQ2FcRx5FJhsFbKadFrrsMkDlsGixZxojUI'),(92,697,9,'13',2,5,'UmKHYKQ2FcRx5FJhsFbKadFrrsMkDlsGixZxojUI'),(93,698,9,'13',2,5,'UmKHYKQ2FcRx5FJhsFbKadFrrsMkDlsGixZxojUI'),(94,700,9,'13',2,5,'SiWeWoCdSBcxiYEsbah7BBB0ugm3ET4cZvgKmbEk'),(95,702,9,'13',2,5,'55qkvLxGKu1KgMRRNE2rmQKNUHFs5RimTuGBu6hs'),(96,705,0,'13',2,5,'9yb3H4e8YMtb28zsqDdulipfexLIOzAae0GErQXA'),(97,706,0,'13',2,5,'PPXzQbAoTdnppQvqzHJf4VDdm5FVOAqdwWNXN2Lv'),(99,708,52,'13',2,5,'TX1G5HmIEnOG6bAjosJR0Ki7JBZIB1TXMnhnNfyA'),(102,712,0,'13',2,5,'BUwbSZY8OqBuRoTgDmMlS4fcbmTOGOlovuUMsA22'),(104,714,54,'13',2,5,'qARBV6rflc8ksx67nVoUuxbx4BnAJ15mw7r3bWp2'),(105,715,54,'13',2,5,'idq9USWJw6xoOAYNFreSOUT1IkwjAe6khFd5tKl7'),(106,717,52,'13',2,5,'OilgpAz8gmbzM5tR36WhbOOIszaUoo3Y2vlRKFFM'),(108,721,52,'13',2,5,'OilgpAz8gmbzM5tR36WhbOOIszaUoo3Y2vlRKFFM'),(109,727,52,'13',2,5,'z3nsxbT4RCtuZYMvMJFVSOKzsiYsaLWxMxTWEaLt'),(111,738,0,'13',2,5,'fzdQYT45w0OywK15fBgmEDXIqvXu7frsFdSPJYab'),(112,740,56,'13',2,5,'4N16ZJWYwAGHnyCCoZB1mTKN6aadjFA9nM6vmW24'),(113,744,0,'13',2,5,'0foNKd8xi2fZmRlqriUZjzb6YYGLqTCYozhG52Ur'),(122,778,54,'13',2,5,'8kRAB6Qn9fX0rjVOOssKvdQxih3VY7K1HjRmwLsc'),(134,812,0,'13',2,5,'QSe2g8OIdZa6FbsgZ9IxfGvzZFqZHnD3NdvSyuuo'),(137,815,52,'13',2,5,'3o6RzsBnWb2NHR8obRHPLUQ5Qk7wTGATPERCUIIQ'),(143,829,60,'13',2,5,'IK36JOJxTaORjUtoz14mWUUFOIjRxgUN0R50rhvu'),(144,830,59,'13',2,5,'ZNOhsk2LFhOHMoxS5PgQvTXaddFvXd3z48eSaXiS'),(145,832,54,'13',2,5,'xiYMctQoLetiemB7QcSbTWgLdYIfuwt1JXAYfDw5'),(148,843,61,'13',2,5,'HVwsl0cd7IepuuGStc5YRCCRW3z86b8QjsWQzRZ4'),(149,844,61,'13',2,5,'HVwsl0cd7IepuuGStc5YRCCRW3z86b8QjsWQzRZ4'),(150,845,61,'13',2,5,'HVwsl0cd7IepuuGStc5YRCCRW3z86b8QjsWQzRZ4'),(151,848,54,'13',2,5,'RE5BXIG9LQmr8c7xuvDsm5CSuTEiZDaLtvUUMygS'),(153,856,54,'13',2,5,'KQYVaTIxKcjo1oLPJYB4JXYbXAOdE9fPiCjg7fNv'),(154,858,54,'13',2,5,'KQYVaTIxKcjo1oLPJYB4JXYbXAOdE9fPiCjg7fNv'),(155,863,59,'13',2,5,'3ZG91wbyNqiYgI7zHMfaU2ZTVJHbfeF4tU0IkUTz'),(156,865,59,'13',2,5,'3ZG91wbyNqiYgI7zHMfaU2ZTVJHbfeF4tU0IkUTz'),(157,866,59,'13',2,5,'3ZG91wbyNqiYgI7zHMfaU2ZTVJHbfeF4tU0IkUTz'),(158,867,59,'13',2,5,'3ZG91wbyNqiYgI7zHMfaU2ZTVJHbfeF4tU0IkUTz'),(160,869,59,'13',2,5,'3ZG91wbyNqiYgI7zHMfaU2ZTVJHbfeF4tU0IkUTz'),(161,871,59,'13',2,5,'3ZG91wbyNqiYgI7zHMfaU2ZTVJHbfeF4tU0IkUTz'),(162,872,59,'13',2,5,'3ZG91wbyNqiYgI7zHMfaU2ZTVJHbfeF4tU0IkUTz'),(163,873,59,'13',2,5,'3ZG91wbyNqiYgI7zHMfaU2ZTVJHbfeF4tU0IkUTz'),(164,874,59,'13',2,5,'3ZG91wbyNqiYgI7zHMfaU2ZTVJHbfeF4tU0IkUTz'),(165,875,59,'13',2,5,'3ZG91wbyNqiYgI7zHMfaU2ZTVJHbfeF4tU0IkUTz'),(166,877,59,'13',2,5,'3ZG91wbyNqiYgI7zHMfaU2ZTVJHbfeF4tU0IkUTz'),(167,880,59,'13',2,5,'3ZG91wbyNqiYgI7zHMfaU2ZTVJHbfeF4tU0IkUTz'),(168,881,59,'13',2,5,'3ZG91wbyNqiYgI7zHMfaU2ZTVJHbfeF4tU0IkUTz'),(169,882,59,'13',2,5,'3ZG91wbyNqiYgI7zHMfaU2ZTVJHbfeF4tU0IkUTz'),(170,883,59,'13',2,5,'3ZG91wbyNqiYgI7zHMfaU2ZTVJHbfeF4tU0IkUTz'),(172,891,0,'13',2,5,'F44rFcl6gZWGYbj2TVWTmafNJ9PMn7xGAKAAgwCW'),(177,907,52,'13',2,5,'4LGNVEZnaDfhTf4lBJd70m0TsVuzJfP74xagL0FE'),(178,910,54,'13',2,5,'RqnwJ3vNDZ9JgbEf7df1EMHKEdboHK8A7dgjei5d'),(179,913,59,'13',2,5,'WtqW9NCxOrHwVU79KZdiEmRXpetpyGXFaE6FVBmV'),(180,914,59,'13',2,5,'WtqW9NCxOrHwVU79KZdiEmRXpetpyGXFaE6FVBmV'),(181,915,59,'13',2,5,'WtqW9NCxOrHwVU79KZdiEmRXpetpyGXFaE6FVBmV'),(183,920,65,'13',2,5,'M8zVFXZTiEWDW32RoW6XUzIxMjc8d1Bedc3Xbemt'),(185,923,0,'13',2,5,'jxa6qOuYgjqtZZSyDgNqAaFxfL8FoWD3t1bvY3l9'),(186,924,65,'13',2,5,'keZPYYC1fKoVZjp8PbvenI3LQweWPj4ePcb2eDYE'),(188,931,66,'13',2,5,'1GbY4Dks1v3vmg37fok0qy1RWWiMpeCsuJ5QD5QD'),(189,932,54,'13',2,5,'Doc2CLjzKtfUPgvI4M8Y59TJJlspuzwFFvzLpnru'),(190,934,68,'13',2,5,'ZXvOyd6bX5Lp07qI2FADrnKcTupoalV1nRGn4QdQ'),(191,937,54,'13',2,5,'EGkM7RJmLWAtGiF5sYLSbRjyJIWf27UlIxCFoj2H'),(199,960,54,'13',2,5,'o7glYoFCnJkgAVCGvNhXkgXH9mcel1CJX9zErwJc'),(200,963,54,'13',2,5,'o7glYoFCnJkgAVCGvNhXkgXH9mcel1CJX9zErwJc'),(201,967,65,'13',2,5,'qG8fFQSbsOoZf0BC2GB0B0B3w8TRMjrCkHYCcGHv'),(204,971,65,'13',2,5,'bbV3yUCw4aQEcOEKznhILRJkhvdd3oXGTD5DnOQD'),(207,980,54,'13',2,5,'le4ZT9P175euZZtAs3rXXs9YYdE0OeXGWGylIjtW'),(208,981,71,'13',2,5,'TrmYjJhofNTyxQ5Erp33CRfBLCGZ0GpTSPVtLjdi'),(210,995,68,'13',2,5,'8z0pIZ01IV8t2BKKG9ltNrD71JifL5YFmpsoXQAd'),(211,1013,71,'13',2,5,'RIwwZgAYsQSHt8Aerf9FLylgM9uHl1rkeb1PKQZz'),(212,1015,57,'13',2,5,'3jtvjSu9vtgUjbxKfjlptcjWod5niTsArrBCD7G4'),(213,1027,54,'13',2,5,'Ft41dWHM9xT7qrVrbjzIy8VgoLooTnMHGM8R36W3'),(214,1029,73,'13',2,5,'zmGluTW3M3YIdgbh2aos6JqGLgHTvNaFzGXnTa2N'),(215,1041,0,'13',2,5,'08BRdOeglxosZlxucj1yhiAmcol9119RZToU6rEq'),(216,1042,52,'13',2,5,'ttCMr69hRhP8Q0NdN90qbYBMyirOCsuxdWgFpDjv'),(217,1047,65,'13',2,5,'nG1kw9Nhr7hVJH5weZXoTwpoHCnGvkgoaK7cmBC9'),(218,1048,52,'13',2,5,'ttCMr69hRhP8Q0NdN90qbYBMyirOCsuxdWgFpDjv'),(219,1056,52,'13',2,5,'ttCMr69hRhP8Q0NdN90qbYBMyirOCsuxdWgFpDjv'),(220,1068,52,'13',2,5,'ttCMr69hRhP8Q0NdN90qbYBMyirOCsuxdWgFpDjv'),(221,1127,72,'13',2,5,'rRmaw4mSmczIB3DmxljzkSHz2wNx6YyUXCgMPZrz'),(223,1157,73,'13',2,5,'eTBuygPn4amATkd97KxyvaPzGD85xiG5blrLKM8X'),(224,1174,0,'13',2,5,'3iZPNEEhuGkHURtBmhC65jdUZKx8QXAqFfso8LxQ'),(225,1178,0,'13',2,5,'R36EP9hC1H3F3Y346Ar38hdXFta1Q3TB7q2MEPkT'),(226,1184,0,'13',2,5,'aqLnZ3KdpeEyFiw3uk8ialZWv644Wz8akS8WYwDQ'),(227,1188,69,'13',2,5,'x91rNPMVkhILKCluPvhSrnv00h81aGcxacR4u9Ut'),(228,1197,0,'13',2,5,'veIZlXhLFXfFs6AfKumzoAai1BYCZsN4NdlnG1Vo'),(229,1212,0,'13',2,5,'elMnD79T85TLCt6v6HPiVvNhPms75uD7qtSwyYt7'),(230,1292,65,'13',2,5,'CHpkZ7fgw3ZxMctQjL3WbrH48YpKW2kLj2loT2r9'),(232,1377,0,'13',2,5,'Z0CAyQNSJMOvWP3A2hAZrYwK94zSAWRXRV6sgwO1'),(234,1389,132,'13',2,5,'4egB9saBtNYio3GTuId4j6sv9i01RWNWS8iImb5o'),(235,1400,117,'13',2,5,'egqGRtui8tMLiZcG6SYmavWNiaAjvAnb4pQAGCPL'),(239,1407,134,'13',2,5,'Cg2s5bLnuU3knUM2bN9VZsQGYTOlhRTkbhp9TCzl'),(243,1418,117,'13',2,5,'yliUjq5XbvqSh4LtCMEs844GCxiPsfEwznR7DqtR'),(244,1419,0,'13',2,5,'3M4hJrTM7llzA9eQcVC4P8BSyj0soHvWFnhLta4U'),(245,1420,0,'13',2,5,'LGRfijjPjDlczGPqtq1yrMaUVgL0daOeNbXy9ysI'),(246,1423,57,'13',2,5,'xLa5l0BfUmY7twJFFtUatgN6nBsSWAQDuljZtF4y'),(247,1424,117,'13',2,5,'vWlpTR8W5YLcFW865AEgQGJGLDpADA4PAmHLrIBx'),(248,1427,117,'13',2,5,'kfHcasnr0hAKw5swuMLbYeUdER5HJ6HDZJZmwykW'),(249,1429,0,'13',2,5,'uFDsXpB2lXsX1iJ13KlQXyMqMlr4UN4aefK7AbMI'),(250,1430,137,'13',2,5,'W4ZHTOCDSMnve4sAw1UnlWppUjyLiFXORtLj3Xf1'),(251,1435,0,'13',2,5,'z6zhggCzlmpLfbndnG0jRU3c8oP3gkzFmnLDBq3O'),(252,1437,139,'13',2,5,'Irodke3IbobCI7koHKtNIirSj7Z0cbPgvCKcGBVj'),(253,1438,140,'13',2,5,'ApQpyeICr8qmGVafa6DlAUCDY9TkEUr7uwvrDvId'),(255,1500,161,'13',2,5,'u9EmdEIAs1wYL9P0RgMczYmjP0SIF5ZlBRBGK685');
/*!40000 ALTER TABLE `customers_basket_attributes` ENABLE KEYS */;
UNLOCK TABLES;

--
-- Table structure for table `customers_info`
--

DROP TABLE IF EXISTS `customers_info`;
/*!40101 SET @saved_cs_client     = @@character_set_client */;
/*!40101 SET character_set_client = utf8 */;
CREATE TABLE `customers_info` (
  `customers_info_id` int(11) NOT NULL,
  `customers_info_date_of_last_logon` datetime DEFAULT NULL,
  `customers_info_number_of_logons` int(11) DEFAULT NULL,
  `customers_info_date_account_created` datetime DEFAULT NULL,
  `customers_info_date_account_last_modified` datetime DEFAULT NULL,
  `global_product_notifications` int(11) DEFAULT '0',
  PRIMARY KEY (`customers_info_id`)
) ENGINE=InnoDB DEFAULT CHARSET=utf8 COLLATE=utf8_unicode_ci;
/*!40101 SET character_set_client = @saved_cs_client */;

--
-- Dumping data for table `customers_info`
--

LOCK TABLES `customers_info` WRITE;
/*!40000 ALTER TABLE `customers_info` DISABLE KEYS */;
INSERT INTO `customers_info` VALUES (1,'2021-08-22 14:18:00',1,'2021-08-22 14:18:00',NULL,1),(2,'2021-08-22 14:19:02',1,'2021-08-22 14:19:02',NULL,1),(3,'2021-08-22 15:24:43',1,'2021-08-22 15:24:43',NULL,1),(4,'2021-08-22 16:24:50',1,'2021-08-22 16:24:50',NULL,1),(5,'2021-08-22 16:38:51',1,'2021-08-22 16:38:51',NULL,1),(6,'2021-08-23 11:09:24',1,'2021-08-23 11:09:24',NULL,1),(7,'2021-08-23 15:52:27',1,'2021-08-23 15:52:27',NULL,1),(8,'2021-08-23 16:47:53',1,'2021-08-23 16:47:53',NULL,1),(9,'2021-08-24 10:54:41',1,'2021-08-24 10:54:41',NULL,1),(10,'2021-08-24 12:06:11',1,'2021-08-24 12:06:11',NULL,1),(11,'2021-08-24 13:04:54',1,'2021-08-24 13:04:54',NULL,1),(12,'2021-08-24 15:16:56',1,'2021-08-24 15:16:56',NULL,1),(13,'2021-08-24 16:16:28',1,'2021-08-24 16:16:28',NULL,1),(14,'2021-08-24 17:17:27',1,'2021-08-24 17:17:27',NULL,1),(15,'2021-08-24 17:24:47',1,'2021-08-24 17:24:47',NULL,1),(16,'2021-08-29 16:27:32',1,'2021-08-29 16:27:32',NULL,1),(17,'2021-09-03 16:50:18',1,'2021-09-03 16:50:18',NULL,1),(18,'2021-09-05 17:15:40',1,'2021-09-05 17:15:40',NULL,1),(19,'2021-09-06 22:13:44',1,'2021-09-06 22:13:44',NULL,1),(20,'2021-09-07 12:58:45',1,'2021-09-07 12:58:45',NULL,1),(21,'2021-09-07 16:19:38',1,'2021-09-07 16:19:38',NULL,1),(22,'2021-09-12 20:18:29',1,'2021-09-12 20:18:29',NULL,1),(23,'2021-09-13 19:22:04',1,'2021-09-13 19:22:04',NULL,1),(24,'2021-09-13 20:22:15',1,'2021-09-13 20:22:15',NULL,1),(25,'2021-09-16 13:24:34',1,'2021-09-16 13:24:34',NULL,1),(26,'2021-09-17 20:34:47',1,'2021-09-17 20:34:47',NULL,1),(27,'2021-09-18 00:38:45',1,'2021-09-18 00:38:45',NULL,1),(28,'2021-09-20 19:30:13',1,'2021-09-20 19:30:13',NULL,1),(29,'2021-09-22 09:08:03',1,'2021-09-22 09:08:03',NULL,1),(30,'2021-09-22 10:06:28',1,'2021-09-22 10:06:28',NULL,1),(31,'2021-09-22 10:16:54',1,'2021-09-22 10:16:54',NULL,1),(32,'2021-09-22 10:17:47',1,'2021-09-22 10:17:47',NULL,1),(33,'2021-09-22 10:32:52',1,'2021-09-22 10:32:52',NULL,1),(34,'2021-09-22 10:35:58',1,'2021-09-22 10:35:58',NULL,1),(35,'2021-09-23 09:15:12',1,'2021-09-23 09:15:12',NULL,1),(36,'2021-09-28 15:30:39',1,'2021-09-28 15:30:39',NULL,1),(37,'2021-09-29 13:10:10',1,'2021-09-29 13:10:10',NULL,1),(38,'2021-09-29 13:19:07',1,'2021-09-29 13:19:07',NULL,1),(39,'2021-09-29 13:19:22',1,'2021-09-29 13:19:22',NULL,1),(40,'2021-09-29 13:19:41',1,'2021-09-29 13:19:41',NULL,1),(41,'2021-09-29 13:28:58',1,'2021-09-29 13:28:58',NULL,1),(42,'2021-09-29 13:30:20',1,'2021-09-29 13:30:20',NULL,1),(43,'2021-09-29 13:38:07',1,'2021-09-29 13:38:07',NULL,1),(44,'2021-09-29 14:17:57',1,'2021-09-29 14:17:57',NULL,1),(45,'2021-09-29 15:21:41',1,'2021-09-29 15:21:41',NULL,1),(46,'2021-09-29 15:25:48',1,'2021-09-29 15:25:48',NULL,1),(47,'2021-09-29 15:29:35',1,'2021-09-29 15:29:35',NULL,1),(48,'2021-09-30 14:25:55',1,'2021-09-30 14:25:55',NULL,1),(49,'2021-09-30 14:27:22',1,'2021-09-30 14:27:22',NULL,1),(50,'2021-09-30 15:38:36',1,'2021-09-30 15:38:36',NULL,1),(51,'2021-09-30 15:50:52',1,'2021-09-30 15:50:52',NULL,1),(52,'2021-09-30 17:44:59',1,'2021-09-30 17:44:59',NULL,1),(53,'2021-10-01 18:46:28',1,'2021-10-01 18:46:28',NULL,1),(54,'2021-10-02 02:18:33',1,'2021-10-02 02:18:33',NULL,1),(55,'2021-10-04 16:27:53',1,'2021-10-04 16:27:53',NULL,1),(56,'2021-10-05 05:00:27',1,'2021-10-05 05:00:27',NULL,1),(57,'2021-10-06 13:57:15',1,'2021-10-06 13:57:15',NULL,1),(58,'2021-10-11 12:22:46',1,'2021-10-11 12:22:46',NULL,1),(59,'2021-10-18 15:52:35',1,'2021-10-18 15:52:35',NULL,1),(60,'2021-10-22 19:17:48',1,'2021-10-22 19:17:48',NULL,1),(61,'2021-10-23 10:52:48',1,'2021-10-23 10:52:48',NULL,1),(62,'2021-10-27 12:51:28',1,'2021-10-27 12:51:28',NULL,1),(63,'2021-10-30 18:46:29',1,'2021-10-30 18:46:29',NULL,1),(64,'2021-11-04 12:24:04',1,'2021-11-04 12:24:04',NULL,1),(65,'2021-11-05 21:04:28',1,'2021-11-05 21:04:28',NULL,1),(66,'2021-11-06 13:47:22',1,'2021-11-06 13:47:22',NULL,1),(67,'2021-11-06 21:14:17',1,'2021-11-06 21:14:17',NULL,1),(68,'2021-11-07 04:36:23',1,'2021-11-07 04:36:23',NULL,1),(69,'2021-11-07 14:49:24',1,'2021-11-07 14:49:24',NULL,1),(70,'2021-11-10 02:32:53',1,'2021-11-10 02:32:53',NULL,1),(71,'2021-11-10 12:24:25',1,'2021-11-10 12:24:25',NULL,1),(72,'2021-11-10 22:44:43',1,'2021-11-10 22:44:43',NULL,1),(73,'2021-11-13 10:39:32',1,'2021-11-13 10:39:32',NULL,1),(74,'2021-11-17 16:03:37',1,'2021-11-17 16:03:37',NULL,1),(75,'2021-11-17 16:06:43',1,'2021-11-17 16:06:43',NULL,1),(76,'2021-11-18 09:42:29',1,'2021-11-18 09:42:29',NULL,1),(77,'2021-11-18 09:47:36',1,'2021-11-18 09:47:36',NULL,1),(108,'2021-08-23 10:32:28',20,'2021-08-22 14:18:45',NULL,1),(109,'2021-08-24 12:01:19',6,'2021-08-23 15:05:34',NULL,1),(110,'2021-08-22 15:56:30',2,'2021-08-22 15:46:11',NULL,1),(111,'2021-08-24 10:54:16',10,'2021-08-22 16:38:23',NULL,1),(112,'2021-08-23 10:46:54',5,'2021-08-22 16:39:19',NULL,1),(113,'2021-08-24 13:43:20',3,'2021-08-23 11:24:02',NULL,1),(114,'2021-11-11 00:01:19',10,'2021-09-13 17:02:29',NULL,1),(117,'2021-09-05 12:11:00',10,'2021-08-24 13:11:01','2021-08-24 01:19:00',1),(118,'2021-08-24 12:03:17',3,'2021-08-24 10:55:46',NULL,1),(120,'2021-08-29 16:26:24',5,'2021-08-24 16:59:09',NULL,1),(125,'2021-08-31 17:02:07',1,'2021-08-31 17:02:07',NULL,1),(138,'2021-09-09 15:18:36',1,'2021-09-09 15:18:36',NULL,1),(182,'2021-09-16 13:25:46',2,'2021-09-16 13:25:45',NULL,1),(197,'2021-09-17 20:35:25',1,'2021-09-17 20:35:25',NULL,1),(204,'2021-11-10 12:26:12',1,'2021-11-10 12:26:12',NULL,1),(215,'2021-09-22 10:14:39',19,'2021-09-22 09:11:47',NULL,1),(218,'2021-09-22 10:31:10',2,'2021-09-22 10:18:12',NULL,1),(220,'2021-09-22 11:37:32',3,'2021-09-22 11:09:35',NULL,1),(221,'2021-09-23 09:17:00',2,'2021-09-23 09:16:33',NULL,1),(230,'2021-09-30 16:56:15',16,'2021-09-28 16:51:42',NULL,1),(253,'2021-09-29 14:58:47',18,'2021-09-29 13:38:09',NULL,1),(254,'2021-09-29 15:19:41',6,'2021-09-29 14:18:55',NULL,1),(257,'2021-09-29 15:31:21',1,'2021-09-29 15:31:21',NULL,1),(267,'2021-09-30 15:46:27',1,'2021-09-30 15:46:27',NULL,1),(329,'2021-11-18 09:43:53',2,'2021-11-18 09:42:43',NULL,1),(333,'2021-10-28 10:22:08',1,'2021-10-28 10:22:08','2021-10-28 10:23:36',1),(397,'2021-11-17 16:04:36',2,'2021-11-17 16:04:10','2021-11-17 04:05:04',1),(403,'2021-11-18 09:53:05',5,'2021-11-18 09:48:57',NULL,1);
/*!40000 ALTER TABLE `customers_info` ENABLE KEYS */;
UNLOCK TABLES;

--
-- Table structure for table `delivery_instructions`
--

DROP TABLE IF EXISTS `delivery_instructions`;
/*!40101 SET @saved_cs_client     = @@character_set_client */;
/*!40101 SET character_set_client = utf8 */;
CREATE TABLE `delivery_instructions` (
  `id` int(11) NOT NULL AUTO_INCREMENT,
  `address_id` int(11) NOT NULL,
  `description` text NOT NULL,
  `status` enum('0','1') NOT NULL DEFAULT '1',
  `created_at` timestamp NOT NULL DEFAULT CURRENT_TIMESTAMP,
  `updated_at` timestamp NOT NULL DEFAULT CURRENT_TIMESTAMP ON UPDATE CURRENT_TIMESTAMP,
  PRIMARY KEY (`id`)
) ENGINE=InnoDB AUTO_INCREMENT=14 DEFAULT CHARSET=utf8mb4;
/*!40101 SET character_set_client = @saved_cs_client */;

--
-- Dumping data for table `delivery_instructions`
--

LOCK TABLES `delivery_instructions` WRITE;
/*!40000 ALTER TABLE `delivery_instructions` DISABLE KEYS */;
INSERT INTO `delivery_instructions` VALUES (2,11,'Hello','1','2021-07-05 14:08:28','2021-07-05 14:08:28'),(3,12,'test','1','2021-07-05 16:19:06','2021-07-05 16:19:06'),(4,14,'asdasdad','1','2021-07-06 00:20:50','2021-07-06 00:20:50'),(6,21,'hello','1','2021-07-06 18:37:23','2021-07-06 18:37:23'),(8,30,'Hello','1','2021-07-07 13:39:01','2021-07-07 13:39:01'),(9,37,'Hello','1','2021-07-07 16:49:56','2021-07-07 16:49:56'),(11,40,'I survived!','1','2021-07-07 19:14:04','2021-07-07 19:14:04'),(12,61,'Near Omni Club Main Parking B enter to the parking underground follow the way only turn left go straight until the end you will see CARSAFE look for Pillar F2 -2 CARSAFE OFFICE. Thank you','1','2021-09-21 10:11:12','2021-09-21 10:11:12'),(13,134,'testing adress','1','2021-11-18 06:04:28','2021-11-18 06:04:28');
/*!40000 ALTER TABLE `delivery_instructions` ENABLE KEYS */;
UNLOCK TABLES;

--
-- Table structure for table `devices`
--

DROP TABLE IF EXISTS `devices`;
/*!40101 SET @saved_cs_client     = @@character_set_client */;
/*!40101 SET character_set_client = utf8 */;
CREATE TABLE `devices` (
  `id` int(11) NOT NULL AUTO_INCREMENT,
  `device_id` text COLLATE utf8_unicode_ci NOT NULL,
  `user_id` int(11) NOT NULL DEFAULT '0',
  `device_type` int(11) NOT NULL DEFAULT '1',
  `status` tinyint(1) NOT NULL DEFAULT '0',
  `ram` varchar(250) COLLATE utf8_unicode_ci DEFAULT NULL,
  `processor` varchar(250) COLLATE utf8_unicode_ci DEFAULT NULL,
  `device_os` varchar(250) COLLATE utf8_unicode_ci DEFAULT NULL,
  `location` varchar(250) COLLATE utf8_unicode_ci DEFAULT NULL,
  `latittude` varchar(100) COLLATE utf8_unicode_ci DEFAULT NULL,
  `longitude` varchar(100) COLLATE utf8_unicode_ci DEFAULT NULL,
  `device_model` varchar(191) COLLATE utf8_unicode_ci NOT NULL,
  `manufacturer` varchar(100) COLLATE utf8_unicode_ci NOT NULL,
  `operating_system` varchar(100) COLLATE utf8_unicode_ci NOT NULL,
  `browser_info` varchar(100) COLLATE utf8_unicode_ci NOT NULL,
  `is_notify` tinyint(1) NOT NULL DEFAULT '1',
  `created_at` timestamp NULL DEFAULT NULL,
  `updated_at` timestamp NULL DEFAULT NULL,
  PRIMARY KEY (`id`)
) ENGINE=InnoDB DEFAULT CHARSET=utf8 COLLATE=utf8_unicode_ci;
/*!40101 SET character_set_client = @saved_cs_client */;

--
-- Dumping data for table `devices`
--

LOCK TABLES `devices` WRITE;
/*!40000 ALTER TABLE `devices` DISABLE KEYS */;
/*!40000 ALTER TABLE `devices` ENABLE KEYS */;
UNLOCK TABLES;

--
-- Table structure for table `flash_sale`
--

DROP TABLE IF EXISTS `flash_sale`;
/*!40101 SET @saved_cs_client     = @@character_set_client */;
/*!40101 SET character_set_client = utf8 */;
CREATE TABLE `flash_sale` (
  `flash_sale_id` int(11) NOT NULL AUTO_INCREMENT,
  `products_id` int(11) NOT NULL,
  `flash_sale_products_price` decimal(15,2) NOT NULL,
  `flash_sale_date_added` int(11) NOT NULL,
  `flash_sale_last_modified` int(11) NOT NULL,
  `flash_start_date` int(11) NOT NULL,
  `flash_expires_date` int(11) NOT NULL,
  `flash_status` tinyint(1) NOT NULL DEFAULT '1',
  `created_at` timestamp NULL DEFAULT NULL,
  `updated_at` timestamp NULL DEFAULT NULL,
  PRIMARY KEY (`flash_sale_id`),
  KEY `products_id` (`products_id`)
) ENGINE=MyISAM AUTO_INCREMENT=24 DEFAULT CHARSET=utf8mb4 COLLATE=utf8mb4_unicode_ci;
/*!40101 SET character_set_client = @saved_cs_client */;

--
-- Dumping data for table `flash_sale`
--

LOCK TABLES `flash_sale` WRITE;
/*!40000 ALTER TABLE `flash_sale` DISABLE KEYS */;
INSERT INTO `flash_sale` VALUES (1,5,30.00,0,0,1568133900,1706633100,0,'2019-09-17 15:51:32','2020-10-04 12:53:17'),(3,16,35.00,0,0,1567620000,1701367200,0,'2019-09-17 05:07:07','2019-10-01 15:59:13'),(4,20,70.00,0,0,1568139300,1682878500,0,'2019-09-17 05:23:37','2019-10-01 15:56:36'),(5,28,65.00,0,0,1568201400,1669807800,0,'2019-09-18 10:45:49','2019-10-01 15:52:07'),(6,28,65.00,0,0,1568201400,1669807800,0,'2019-09-19 14:10:52','2019-10-01 15:52:07'),(7,20,70.00,0,0,1568096100,1682835300,0,'2019-09-19 14:49:36','2019-10-01 15:56:36'),(8,16,35.00,0,0,1567576800,1701324000,0,'2019-09-19 15:08:20','2019-10-01 15:59:13'),(10,5,30.00,0,0,1568090700,1706589900,0,'2019-09-19 15:42:46','2020-10-04 12:53:17'),(11,5,30.00,0,0,1568090700,1706589900,0,'2019-09-19 15:49:57','2020-10-04 12:53:17'),(12,33,20.00,0,0,1568135700,1569777300,1,'2019-09-19 16:23:50',NULL),(13,5,30.00,0,0,1568090700,1706589900,0,'2019-09-24 14:23:20','2020-10-04 12:53:17'),(14,34,30.00,0,0,1568046600,1569861000,1,'2019-09-25 15:43:49',NULL),(15,35,30.00,0,0,1568133900,1569861900,0,'2019-09-25 15:46:31','2019-09-25 15:47:48'),(16,35,30.00,0,0,1568090700,1569818700,1,'2019-09-25 15:47:48',NULL),(17,28,65.00,0,0,1568201400,1669807800,1,'2019-10-01 15:52:07',NULL),(18,20,70.00,0,0,1568096100,1682835300,1,'2019-10-01 15:56:36',NULL),(19,16,35.00,0,0,1567576800,1701324000,1,'2019-10-01 15:59:13',NULL),(21,5,30.00,0,0,1568090700,1706589900,0,'2019-10-01 16:15:21','2020-10-04 12:53:17'),(22,5,30.00,0,0,1568090700,1706589900,0,'2020-10-04 12:53:17','2020-10-04 12:53:17'),(23,5,30.00,0,0,1568090700,1706589900,1,'2020-10-04 12:53:17',NULL);
/*!40000 ALTER TABLE `flash_sale` ENABLE KEYS */;
UNLOCK TABLES;

--
-- Table structure for table `flate_rate`
--

DROP TABLE IF EXISTS `flate_rate`;
/*!40101 SET @saved_cs_client     = @@character_set_client */;
/*!40101 SET character_set_client = utf8 */;
CREATE TABLE `flate_rate` (
  `id` int(11) NOT NULL AUTO_INCREMENT,
  `flate_rate` varchar(100) COLLATE utf8mb4_unicode_ci NOT NULL,
  `currency` varchar(100) COLLATE utf8mb4_unicode_ci NOT NULL,
  PRIMARY KEY (`id`)
) ENGINE=MyISAM AUTO_INCREMENT=2 DEFAULT CHARSET=utf8mb4 COLLATE=utf8mb4_unicode_ci;
/*!40101 SET character_set_client = @saved_cs_client */;

--
-- Dumping data for table `flate_rate`
--

LOCK TABLES `flate_rate` WRITE;
/*!40000 ALTER TABLE `flate_rate` DISABLE KEYS */;
INSERT INTO `flate_rate` VALUES (1,'0','AED');
/*!40000 ALTER TABLE `flate_rate` ENABLE KEYS */;
UNLOCK TABLES;

--
-- Table structure for table `front_end_theme_content`
--

DROP TABLE IF EXISTS `front_end_theme_content`;
/*!40101 SET @saved_cs_client     = @@character_set_client */;
/*!40101 SET character_set_client = utf8 */;
CREATE TABLE `front_end_theme_content` (
  `id` int(11) NOT NULL AUTO_INCREMENT,
  `top_offers` text COLLATE utf8mb4_unicode_ci NOT NULL,
  `login` text COLLATE utf8mb4_unicode_ci NOT NULL,
  `transitions` text COLLATE utf8mb4_unicode_ci NOT NULL,
  `banners_two` text COLLATE utf8mb4_unicode_ci NOT NULL,
  `headers` text COLLATE utf8mb4_unicode_ci NOT NULL,
  `carousels` text COLLATE utf8mb4_unicode_ci NOT NULL,
  `banners` text COLLATE utf8mb4_unicode_ci NOT NULL,
  `footers` text COLLATE utf8mb4_unicode_ci NOT NULL,
  `product_section_order` text COLLATE utf8mb4_unicode_ci NOT NULL,
  `cart` text COLLATE utf8mb4_unicode_ci NOT NULL,
  `news` text COLLATE utf8mb4_unicode_ci NOT NULL,
  `detail` text COLLATE utf8mb4_unicode_ci NOT NULL,
  `shop` text COLLATE utf8mb4_unicode_ci NOT NULL,
  `contact` text COLLATE utf8mb4_unicode_ci NOT NULL,
  PRIMARY KEY (`id`)
) ENGINE=MyISAM AUTO_INCREMENT=2 DEFAULT CHARSET=utf8mb4 COLLATE=utf8mb4_unicode_ci;
/*!40101 SET character_set_client = @saved_cs_client */;

--
-- Dumping data for table `front_end_theme_content`
--

LOCK TABLES `front_end_theme_content` WRITE;
/*!40000 ALTER TABLE `front_end_theme_content` DISABLE KEYS */;
INSERT INTO `front_end_theme_content` VALUES (1,'[{ \"id\": 1, \"name\": \"Top Offer\", \"image\": \"images/prototypes/banner1.jpg\", \"alt\": \"Top Offer\" }]','[ { \"id\":1, \"name\":\"Login Page One\" }, { \"id\":2, \"name\":\"Login Page Two\" } ]','[ { \"id\":1, \"name\":\"Transition Zoomin\" }, { \"id\":2, \"name\":\"Transition Flashing\" }, { \"id\":3, \"name\":\"Transition Shine\" }, { \"id\":4, \"name\":\"Transition Circle\" }, { \"id\":5, \"name\":\"Transition Opacity\" } ]','[ { \"id\": 1, \"name\": \"Banner One\", \"image\": \"images/prototypes/banner1.jpg\", \"alt\": \"Banner One\" }, { \"id\": 2, \"name\": \"Banner Two\", \"image\": \"images/prototypes/banner2.jpg\", \"alt\": \"Banner Two\" }, { \"id\": 3, \"name\": \"Banner Three\", \"image\": \"images/prototypes/banner3.jpg\", \"alt\": \"Banner Three\" }, { \"id\": 4, \"name\": \"Banner Four\", \"image\": \"images/prototypes/banner4.jpg\", \"alt\": \"Banner Four\" }, { \"id\": 5, \"name\": \"Banner Five\", \"image\": \"images/prototypes/banner5.jpg\", \"alt\": \"Banner Five\" }, { \"id\": 6, \"name\": \"Banner Six\", \"image\": \"images/prototypes/banner6.jpg\", \"alt\": \"Banner Six\" }, { \"id\": 7, \"name\": \"Banner Seven\", \"image\": \"images/prototypes/banner7.jpg\", \"alt\": \"Banner Seven\" }, { \"id\": 8, \"name\": \"Banner Eight\", \"image\": \"images/prototypes/banner8.jpg\", \"alt\": \"Banner Eight\" }, { \"id\": 9, \"name\": \"Banner Nine\", \"image\": \"images/prototypes/banner9.jpg\", \"alt\": \"Banner Nine\" }, { \"id\": 10, \"name\": \"Banner Ten\", \"image\": \"images/prototypes/banner10.jpg\", \"alt\": \"Banner Ten\" }, { \"id\": 11, \"name\": \"Banner Eleven\", \"image\": \"images/prototypes/banner11.jpg\", \"alt\": \"Banner Eleven\" }, { \"id\": 12, \"name\": \"Banner Twelve\", \"image\": \"images/prototypes/banner12.jpg\", \"alt\": \"Banner Twelve\" }, { \"id\": 13, \"name\": \"Banner Thirteen\", \"image\": \"images/prototypes/banner13.jpg\", \"alt\": \"Banner Thirteen\" }, { \"id\": 14, \"name\": \"Banner Fourteen\", \"image\": \"images/prototypes/banner14.jpg\", \"alt\": \"Banner Fourteen\" }, { \"id\": 15, \"name\": \"Banner Fifteen\", \"image\": \"images/prototypes/banner15.jpg\", \"alt\": \"Banner Fifteen\" }, { \"id\": 16, \"name\": \"Banner Sixteen\", \"image\": \"images/prototypes/banner16.jpg\", \"alt\": \"Banner Sixteen\" }, { \"id\": 17, \"name\": \"Banner Seventeen\", \"image\": \"images/prototypes/banner17.jpg\", \"alt\": \"Banner Seventeen\" }, { \"id\": 18, \"name\": \"Banner Eighteen\", \"image\": \"images/prototypes/banner18.jpg\", \"alt\": \"Banner Eighteen\" }, { \"id\": 19, \"name\": \"Banner Nineteen\", \"image\": \"images/prototypes/banner19.jpg\", \"alt\": \"Banner Nineteen\" } ]','[\r\n{\r\n\"id\": 1,\r\n\"name\": \"Header One\",\r\n\"image\": \"images/prototypes/header1.jpg\",\r\n\"alt\" : \"header One\" \r\n},\r\n{\r\n\"id\": 2,\r\n\"name\": \"Header Two\",\r\n\"image\": \"images/prototypes/header2.jpg\",\r\n\"alt\" : \"header Two\" \r\n},\r\n{\r\n\"id\": 3,\r\n\"name\": \"Header Three\",\r\n\"image\": \"images/prototypes/header3.jpg\",\r\n\"alt\" : \"header Three\" \r\n},\r\n{\r\n\"id\": 4,\r\n\"name\": \"Header Four\",\r\n\"image\": \"images/prototypes/header4.jpg\",\r\n\"alt\" : \"header Four\" \r\n},\r\n{\r\n\"id\": 5,\r\n\"name\": \"Header Five\",\r\n\"image\": \"images/prototypes/header5.jpg\",\r\n\"alt\" : \"header Five\" \r\n},\r\n{\r\n\"id\": 6,\r\n\"name\": \"Header Six\",\r\n\"image\": \"images/prototypes/header6.jpg\",\r\n\"alt\" : \"header Six\" \r\n},\r\n{\r\n\"id\": 7,\r\n\"name\": \"Header Seven\",\r\n\"image\": \"images/prototypes/header7.jpg\",\r\n\"alt\" : \"header Seven\" \r\n},\r\n{\r\n\"id\": 8,\r\n\"name\": \"Header Eight\",\r\n\"image\": \"images/prototypes/header8.jpg\",\r\n\"alt\" : \"header Eight\" \r\n},\r\n{\r\n\"id\": 9,\r\n\"name\": \"Header Nine\",\r\n\"image\": \"images/prototypes/header9.jpg\",\r\n\"alt\" : \"header Nine\" \r\n},\r\n{\r\n\"id\": 10,\r\n\"name\": \"Header Ten\",\r\n\"image\": \"images/prototypes/header10.jpg\",\r\n\"alt\" : \"header Ten\" \r\n}\r\n]','[\r\n{\r\n\"id\": 1,\r\n\"name\": \"Bootstrap Carousel Content Full Screen\",\r\n\"image\": \"images/prototypes/carousal1.jpg\",\r\n\"alt\": \"Bootstrap Carousel Content Full Screen\"\r\n},\r\n{\r\n\"id\": 2,\r\n\"name\": \"Bootstrap Carousel Content Full Width\",\r\n\"image\": \"images/prototypes/carousal2.jpg\",\r\n\"alt\": \"Bootstrap Carousel Content Full Width\"\r\n},\r\n{\r\n\"id\": 3,\r\n\"name\": \"Bootstrap Carousel Content with Left Banner\",\r\n\"image\": \"images/prototypes/carousal3.jpg\",\r\n\"alt\": \"Bootstrap Carousel Content with Left Banner\"\r\n},\r\n{\r\n\"id\": 4,\r\n\"name\": \"Bootstrap Carousel Content with Navigation\",\r\n\"image\": \"images/prototypes/carousal4.jpg\",\r\n\"alt\": \"Bootstrap Carousel Content with Navigation\"\r\n},\r\n{\r\n\"id\": 5,\r\n\"name\": \"Bootstrap Carousel Content with Right Banner\",\r\n\"image\": \"images/prototypes/carousal5.jpg\",\r\n\"alt\": \"Bootstrap Carousel Content with Right Banner\"\r\n}\r\n]','[\r\n{\r\n\"id\": 1,\r\n\"name\": \"Banner One\",\r\n\"image\": \"images/prototypes/banner1.jpg\",\r\n\"alt\": \"Banner One\"\r\n},\r\n{\r\n\"id\": 2,\r\n\"name\": \"Banner Two\",\r\n\"image\": \"images/prototypes/banner2.jpg\",\r\n\"alt\": \"Banner Two\"\r\n},\r\n{\r\n\"id\": 3,\r\n\"name\": \"Banner Three\",\r\n\"image\": \"images/prototypes/banner3.jpg\",\r\n\"alt\": \"Banner Three\"\r\n},\r\n{\r\n\"id\": 4,\r\n\"name\": \"Banner Four\",\r\n\"image\": \"images/prototypes/banner4.jpg\",\r\n\"alt\": \"Banner Four\"\r\n},\r\n{\r\n\"id\": 5,\r\n\"name\": \"Banner Five\",\r\n\"image\": \"images/prototypes/banner5.jpg\",\r\n\"alt\": \"Banner Five\"\r\n},\r\n{\r\n\"id\": 6,\r\n\"name\": \"Banner Six\",\r\n\"image\": \"images/prototypes/banner6.jpg\",\r\n\"alt\": \"Banner Six\"\r\n},\r\n{\r\n\"id\": 7,\r\n\"name\": \"Banner Seven\",\r\n\"image\": \"images/prototypes/banner7.jpg\",\r\n\"alt\": \"Banner Seven\"\r\n},\r\n{\r\n\"id\": 8,\r\n\"name\": \"Banner Eight\",\r\n\"image\": \"images/prototypes/banner8.jpg\",\r\n\"alt\": \"Banner Eight\"\r\n},\r\n{\r\n\"id\": 9,\r\n\"name\": \"Banner Nine\",\r\n\"image\": \"images/prototypes/banner9.jpg\",\r\n\"alt\": \"Banner Nine\"\r\n},\r\n{\r\n\"id\": 10,\r\n\"name\": \"Banner Ten\",\r\n\"image\": \"images/prototypes/banner10.jpg\",\r\n\"alt\": \"Banner Ten\"\r\n},\r\n{\r\n\"id\": 11,\r\n\"name\": \"Banner Eleven\",\r\n\"image\": \"images/prototypes/banner11.jpg\",\r\n\"alt\": \"Banner Eleven\"\r\n},\r\n{\r\n\"id\": 12,\r\n\"name\": \"Banner Twelve\",\r\n\"image\": \"images/prototypes/banner12.jpg\",\r\n\"alt\": \"Banner Twelve\"\r\n},\r\n{\r\n\"id\": 13,\r\n\"name\": \"Banner Thirteen\",\r\n\"image\": \"images/prototypes/banner13.jpg\",\r\n\"alt\": \"Banner Thirteen\"\r\n},\r\n{\r\n\"id\": 14,\r\n\"name\": \"Banner Fourteen\",\r\n\"image\": \"images/prototypes/banner14.jpg\",\r\n\"alt\": \"Banner Fourteen\"\r\n},\r\n{\r\n\"id\": 15,\r\n\"name\": \"Banner Fifteen\",\r\n\"image\": \"images/prototypes/banner15.jpg\",\r\n\"alt\": \"Banner Fifteen\"\r\n},\r\n{\r\n\"id\": 16,\r\n\"name\": \"Banner Sixteen\",\r\n\"image\": \"images/prototypes/banner16.jpg\",\r\n\"alt\": \"Banner Sixteen\"\r\n},\r\n{\r\n\"id\": 17,\r\n\"name\": \"Banner Seventeen\",\r\n\"image\": \"images/prototypes/banner17.jpg\",\r\n\"alt\": \"Banner Seventeen\"\r\n},\r\n{\r\n\"id\": 18,\r\n\"name\": \"Banner Eighteen\",\r\n\"image\": \"images/prototypes/banner18.jpg\",\r\n\"alt\": \"Banner Eighteen\"\r\n},\r\n{\r\n\"id\": 19,\r\n\"name\": \"Banner Nineteen\",\r\n\"image\": \"images/prototypes/banner19.jpg\",\r\n\"alt\": \"Banner Nineteen\"\r\n}\r\n]','[\r\n{\r\n\"id\": 1,\r\n\"name\": \"Footer One\",\r\n\"image\": \"images/prototypes/footer1.png\",\r\n\"alt\" : \"Footer One\"\r\n},\r\n{\r\n\"id\": 2,\r\n\"name\": \"Footer Two\",\r\n\"image\": \"images/prototypes/footer2.png\",\r\n\"alt\" : \"Footer Two\"\r\n},\r\n{\r\n\"id\": 3,\r\n\"name\": \"Footer Three\",\r\n\"image\": \"images/prototypes/footer3.png\",\r\n\"alt\" : \"Footer Three\"\r\n},\r\n{\r\n\"id\": 4,\r\n\"name\": \"Footer Four\",\r\n\"image\": \"images/prototypes/footer4.png\",\r\n\"alt\" : \"Footer Four\"\r\n},\r\n{\r\n\"id\": 5,\r\n\"name\": \"Footer Five\",\r\n\"image\": \"images/prototypes/footer5.png\",\r\n\"alt\" : \"Footer Five\"\r\n},\r\n{\r\n\"id\": 6,\r\n\"name\": \"Footer Six\",\r\n\"image\": \"images/prototypes/footer6.png\",\r\n\"alt\" : \"Footer Six\"\r\n},\r\n{\r\n\"id\": 7,\r\n\"name\": \"Footer Seven\",\r\n\"image\": \"images/prototypes/footer7.png\",\r\n\"alt\" : \"Footer Seven\"\r\n},\r\n{\r\n\"id\": 8,\r\n\"name\": \"Footer Eight\",\r\n\"image\": \"images/prototypes/footer8.png\",\r\n\"alt\" : \"Footer Eight\"\r\n},\r\n{\r\n\"id\": 9,\r\n\"name\": \"Footer Nine\",\r\n\"image\": \"images/prototypes/footer9.png\",\r\n\"alt\" : \"Footer Nine\"\r\n},\r\n{\r\n\"id\": 10,\r\n\"name\": \"Footer Ten\",\r\n\"image\": \"images/prototypes/footer10.png\",\r\n\"alt\" : \"Footer Ten\"\r\n}\r\n]','[{\"id\":1,\"name\":\"Banner Section\",\"order\":1,\"file_name\":\"banner_section\",\"status\":1,\"image\":\"images\\/prototypes\\/banner_section.jpg\",\"alt\":\"Banner Section\"},{\"id\":11,\"name\":\"Tab Products View\",\"order\":2,\"file_name\":\"tab\",\"status\":1,\"image\":\"images\\/prototypes\\/tab.jpg\",\"disabled_image\":\"images\\/prototypes\\/tab-cross.jpg\",\"alt\":\"Tab Products View\"},{\"id\":5,\"name\":\"Categories\",\"order\":3,\"file_name\":\"categories\",\"status\":1,\"image\":\"images\\/prototypes\\/categories.jpg\",\"disabled_image\":\"images\\/prototypes\\/categories-cross.jpg\",\"alt\":\"Categories\"},{\"id\":2,\"name\":\"Flash Sale Section\",\"order\":4,\"file_name\":\"flash_sale_section\",\"status\":1,\"image\":\"images\\/prototypes\\/flash_sale_section.jpg\",\"disabled_image\":\"images\\/prototypes\\/flash_sale_section-cross.jpg\",\"alt\":\"Flash Sale Section\"},{\"id\":10,\"name\":\"Second Ad Section\",\"order\":5,\"file_name\":\"sec_ad_banner\",\"status\":1,\"image\":\"images\\/prototypes\\/sec_ad_section.jpg\",\"disabled_image\":\"images\\/prototypes\\/sec_ad_section-cross.jpg\",\"alt\":\"Second Ad Section\"},{\"id\":9,\"name\":\"Top Selling\",\"order\":6,\"file_name\":\"top\",\"status\":1,\"image\":\"images\\/prototypes\\/top.jpg\",\"disabled_image\":\"images\\/prototypes\\/top-cross.jpg\",\"alt\":\"Top Selling\"},{\"id\":4,\"name\":\"Ad Section\",\"order\":7,\"file_name\":\"ad_banner_section\",\"status\":1,\"image\":\"images\\/prototypes\\/ad_banner_section.jpg\",\"disabled_image\":\"images\\/prototypes\\/ad_banner_section-cross.jpg\",\"alt\":\"Ad Section\"},{\"id\":3,\"name\":\"Special Products Section\",\"order\":8,\"file_name\":\"special\",\"status\":1,\"image\":\"images\\/prototypes\\/special_product.jpg\",\"disabled_image\":\"images\\/prototypes\\/special_product-cross.jpg\",\"alt\":\"Special Products Section\"},{\"id\":8,\"name\":\"Newest Product Section\",\"order\":9,\"file_name\":\"newest_product\",\"status\":1,\"image\":\"images\\/prototypes\\/newest_product.jpg\",\"disabled_image\":\"images\\/prototypes\\/newest_product-cross.jpg\",\"alt\":\"Newest Product Section\"},{\"id\":12,\"name\":\"Banner 2 Section\",\"order\":10,\"file_name\":\"banner_two_section\",\"status\":1,\"image\":\"images\\/prototypes\\/sec_ad_section.jpg\",\"disabled_image\":\"images\\/prototypes\\/sec_ad_section-cross.jpg\",\"alt\":\"Banner 2 Section\"},{\"id\":6,\"name\":\"Blog Section\",\"order\":11,\"file_name\":\"blog_section\",\"status\":1,\"image\":\"images\\/prototypes\\/blog_section.jpg\",\"disabled_image\":\"images\\/prototypes\\/blog_section-cross.jpg\",\"alt\":\"Blog Section\"},{\"id\":7,\"name\":\"Info Boxes\",\"order\":12,\"file_name\":\"info_boxes\",\"status\":1,\"image\":\"images\\/prototypes\\/info_boxes.jpg\",\"disabled_image\":\"images\\/prototypes\\/info_boxes-cross.jpg\",\"alt\":\"Info Boxes\"}]','[      {         \"id\":1,       \"name\":\"Cart One\"    },    {         \"id\":2,       \"name\":\"Cart Two\"    }     ]','[ { \"id\":1, \"name\":\"News One\" }, { \"id\":2, \"name\":\"News Two\" } ]','[  \r\n{  \r\n\"id\":1,\r\n\"name\":\"Product Detail Page One\"\r\n},\r\n{  \r\n\"id\":2,\r\n\"name\":\"Product Detail Page Two\"\r\n},\r\n{  \r\n\"id\":3,\r\n\"name\":\"Product Detail Page Three\"\r\n},\r\n{  \r\n\"id\":4,\r\n\"name\":\"Product Detail Page Four\"\r\n},\r\n{  \r\n\"id\":5,\r\n\"name\":\"Product Detail Page Five\"\r\n},\r\n{  \r\n\"id\":6,\r\n\"name\":\"Product Detail Page Six\"\r\n}\r\n\r\n]','[ { \"id\":1, \"name\":\"Shop Page One\" }, { \"id\":2, \"name\":\"Shop Page Two\" }, { \"id\":3, \"name\":\"Shop Page Three\" }, { \"id\":4, \"name\":\"Shop Page Four\" }, { \"id\":5, \"name\":\"Shop Page Five\" } ]','[      {         \"id\":1,       \"name\":\"Contact Page One\"    },    {         \"id\":2,       \"name\":\"Contact Page Two\"    } ]');
/*!40000 ALTER TABLE `front_end_theme_content` ENABLE KEYS */;
UNLOCK TABLES;

--
-- Table structure for table `geo_zones`
--

DROP TABLE IF EXISTS `geo_zones`;
/*!40101 SET @saved_cs_client     = @@character_set_client */;
/*!40101 SET character_set_client = utf8 */;
CREATE TABLE `geo_zones` (
  `geo_zone_id` int(11) NOT NULL AUTO_INCREMENT,
  `geo_zone_name` varchar(32) COLLATE utf8_unicode_ci NOT NULL,
  `geo_zone_description` varchar(191) COLLATE utf8_unicode_ci NOT NULL,
  `last_modified` datetime DEFAULT NULL,
  `date_added` datetime NOT NULL,
  PRIMARY KEY (`geo_zone_id`)
) ENGINE=InnoDB DEFAULT CHARSET=utf8 COLLATE=utf8_unicode_ci;
/*!40101 SET character_set_client = @saved_cs_client */;

--
-- Dumping data for table `geo_zones`
--

LOCK TABLES `geo_zones` WRITE;
/*!40000 ALTER TABLE `geo_zones` DISABLE KEYS */;
/*!40000 ALTER TABLE `geo_zones` ENABLE KEYS */;
UNLOCK TABLES;

--
-- Table structure for table `home_banners`
--

DROP TABLE IF EXISTS `home_banners`;
/*!40101 SET @saved_cs_client     = @@character_set_client */;
/*!40101 SET character_set_client = utf8 */;
CREATE TABLE `home_banners` (
  `home_banners_id` int(100) NOT NULL,
  `banner_name` varchar(100) COLLATE utf8mb4_unicode_ci NOT NULL,
  `language_id` int(100) NOT NULL DEFAULT '1',
  `text` text COLLATE utf8mb4_unicode_ci NOT NULL,
  `image` int(100) NOT NULL,
  `created_at` timestamp NULL DEFAULT NULL,
  `updated_at` timestamp NULL DEFAULT NULL
) ENGINE=MyISAM DEFAULT CHARSET=utf8mb4 COLLATE=utf8mb4_unicode_ci;
/*!40101 SET character_set_client = @saved_cs_client */;

--
-- Dumping data for table `home_banners`
--

LOCK TABLES `home_banners` WRITE;
/*!40000 ALTER TABLE `home_banners` DISABLE KEYS */;
INSERT INTO `home_banners` VALUES (0,'banners_1',1,'<div class=\\\"row\\\">\r\n								<div class=\\\"col-md-5\\\">\r\n								</div>\r\n								<div class=\\\"col-md-6\\\">\r\n									<h1>Win</h1>\r\n									<h3>Apple Iphone 12</h3>\r\n									<p>Buy our product &amp; make Iphone 12 yours!</p>\r\n									<a href=\\\"javascript:;\\\" class=\\\"btn\\\"><span>Details</span></a>\r\n								</div>\r\n							</div>',628,'2021-05-24 01:41:41','2021-05-24 01:41:41'),(0,'banners_2',1,'<div class=\\\"parallax-banner-text\\\">\r\n        <h2> TRENDING</h2>\r\n        <h4>Fashion Wear</h4>\r\n        <div class=\\\"hover-link\\\">\r\n          <a href=\\\"/shop\\\" class=\\\"btn btn-secondary swipe-to-top\\\" data-toggle=\\\"tooltip\\\" data-placement=\\\"bottom\\\" title=\\\"\\\" data-original-title=\\\"View All Range\\\">View All Range</a>\r\n        </div>  \r\n      </div>',12,'2021-05-24 01:41:41','2021-05-24 01:41:41'),(0,'banners_3',1,'<div class=\\\"parallax-banner-text\\\">\r\n        <h2> BIG SALE</h2>\r\n        <h4>Women Clothing</h4>\r\n        <div class=\\\"hover-link\\\">\r\n          <a href=\\\"/shop\\\" class=\\\"btn btn-secondary swipe-to-top\\\" data-toggle=\\\"tooltip\\\" data-placement=\\\"bottom\\\" title=\\\"\\\" data-original-title=\\\"Shop Now\\\">Shop Now</a>\r\n        </div>  \r\n      </div>',539,'2021-05-24 01:41:41','2021-05-24 01:41:41'),(0,'banners_1',4,'<div class=\\\"parallax-banner-text\\\">\r\n        <h2> حذاء رياضة</h2>\r\n        <h4>أحذية الأزواج</h4>\r\n        <div class=\\\"hover-link\\\">\r\n          <a href=\\\"/shop\\\" class=\\\"btn btn-secondary swipe-to-top\\\" data-toggle=\\\"tooltip\\\" data-placement=\\\"bottom\\\" title=\\\"\\\" data-original-title=\\\"\\\">عرض كل المدى</a>\r\n        </div>  \r\n      </div>',13,'2020-04-02 15:51:35','2020-04-02 15:51:35'),(0,'banners_2',4,'<div class=\\\"parallax-banner-text\\\">\r\n        <h2> حذاء رياضة</h2>\r\n        <h4>أحذية الأزواج</h4>\r\n        <div class=\\\"hover-link\\\">\r\n          <a href=\\\"/shop\\\" class=\\\"btn btn-secondary swipe-to-top\\\" data-toggle=\\\"tooltip\\\" data-placement=\\\"bottom\\\" title=\\\"\\\" data-original-title=\\\"\\\">عرض كل المدى</a>\r\n        </div>  \r\n      </div>',12,'2020-04-02 15:51:35','2020-04-02 15:51:35'),(0,'banners_3',4,'<div class=\\\"parallax-banner-text\\\">\r\n        <h2> حذاء رياضة</h2>\r\n        <h4>أحذية الأزواج</h4>\r\n        <div class=\\\"hover-link\\\">\r\n          <a href=\\\"/shop\\\" class=\\\"btn btn-secondary swipe-to-top\\\" data-toggle=\\\"tooltip\\\" data-placement=\\\"bottom\\\" title=\\\"\\\" data-original-title=\\\"\\\">عرض كل المدى</a>\r\n        </div>  \r\n      </div>',539,'2020-04-02 15:51:35','2020-04-02 15:51:35');
/*!40000 ALTER TABLE `home_banners` ENABLE KEYS */;
UNLOCK TABLES;

--
-- Table structure for table `home_winners`
--

DROP TABLE IF EXISTS `home_winners`;
/*!40101 SET @saved_cs_client     = @@character_set_client */;
/*!40101 SET character_set_client = utf8 */;
CREATE TABLE `home_winners` (
  `id` int(11) NOT NULL AUTO_INCREMENT,
  `winner_title` varchar(64) COLLATE utf8mb4_unicode_ci NOT NULL,
  `winner_image` varchar(191) COLLATE utf8mb4_unicode_ci NOT NULL,
  `winner_prize` varchar(255) COLLATE utf8mb4_unicode_ci NOT NULL,
  `status` tinyint(1) NOT NULL,
  `languages_id` int(11) NOT NULL,
  `updated_at` datetime NOT NULL DEFAULT CURRENT_TIMESTAMP,
  `created_at` datetime NOT NULL DEFAULT CURRENT_TIMESTAMP,
  PRIMARY KEY (`id`)
) ENGINE=MyISAM AUTO_INCREMENT=17 DEFAULT CHARSET=utf8mb4 COLLATE=utf8mb4_unicode_ci;
/*!40101 SET character_set_client = @saved_cs_client */;

--
-- Dumping data for table `home_winners`
--

LOCK TABLES `home_winners` WRITE;
/*!40000 ALTER TABLE `home_winners` DISABLE KEYS */;
INSERT INTO `home_winners` VALUES (1,'Amal Beevi','692','AED 500 mall voucher',1,1,'2021-10-21 16:03:49','2021-10-21 16:03:49'),(2,'Namita Suri','691','AED 500 mall voucher',1,1,'2021-10-21 16:05:20','2021-10-21 16:05:20'),(3,'Nimma Kanchandani','690','AED 500 mall voucher',1,1,'2021-10-21 16:06:03','2021-10-21 16:06:03'),(4,'Suruchi','689','AED 500 mall voucher',1,1,'2021-10-21 16:06:32','2021-10-21 16:06:32'),(5,'Tarun Kumar','688','AED 500 mall voucher',1,1,'2021-10-21 16:07:08','2021-10-21 16:07:08'),(6,'Dhara Trivedi','687','AED 500 mall voucher',1,1,'2021-10-21 16:07:54','2021-10-21 16:07:54'),(7,'Noureen Bilal','686','AED 500 mall voucher',1,1,'2021-10-21 16:08:22','2021-10-21 16:08:22'),(8,'Jhomar Bagood','694','AED 500 mall voucher',1,1,'2021-10-21 16:09:41','2021-10-21 16:09:41'),(9,'Nikhil Shetty','685','Skydiving Voucher',1,1,'2021-10-21 16:10:30','2021-10-21 16:10:30'),(10,'Hira Razzak','697','AED 10,000 Worth Of Gold',1,1,'2021-11-08 16:37:59','2021-10-21 16:11:23'),(11,'Sheheryar Alam','684','Samsung S21',1,1,'2021-10-21 16:12:21','2021-10-21 16:12:21'),(12,'Vipin Mahesh','699','AirPods',1,1,'2021-11-12 09:57:32','2021-10-21 16:12:56'),(13,'Kumar Thapa','682','AED 500 Noon Voucher',1,1,'2021-10-21 16:13:20','2021-10-21 16:13:20'),(14,'Abir Ahmed','698','AED 1,000 Mall Voucher',1,1,'2021-11-11 14:04:18','2021-11-11 14:04:18'),(15,'Mena Mohamed','700','iPHONE 12',1,1,'2021-11-14 15:30:18','2021-11-12 10:33:01'),(16,'Janice Barbacena','701','AED 3,000 Worth Of Gold',1,1,'2021-11-14 15:29:32','2021-11-14 15:29:32');
/*!40000 ALTER TABLE `home_winners` ENABLE KEYS */;
UNLOCK TABLES;

--
-- Table structure for table `http_call_record`
--

DROP TABLE IF EXISTS `http_call_record`;
/*!40101 SET @saved_cs_client     = @@character_set_client */;
/*!40101 SET character_set_client = utf8 */;
CREATE TABLE `http_call_record` (
  `id` int(11) NOT NULL AUTO_INCREMENT,
  `device_id` varchar(191) COLLATE utf8_unicode_ci DEFAULT NULL,
  `ip` varchar(191) COLLATE utf8_unicode_ci DEFAULT NULL,
  `url` varchar(191) COLLATE utf8_unicode_ci DEFAULT NULL,
  `ping_time` datetime DEFAULT NULL,
  `difference_from_previous` datetime DEFAULT NULL,
  PRIMARY KEY (`id`)
) ENGINE=InnoDB DEFAULT CHARSET=utf8 COLLATE=utf8_unicode_ci;
/*!40101 SET character_set_client = @saved_cs_client */;

--
-- Dumping data for table `http_call_record`
--

LOCK TABLES `http_call_record` WRITE;
/*!40000 ALTER TABLE `http_call_record` DISABLE KEYS */;
/*!40000 ALTER TABLE `http_call_record` ENABLE KEYS */;
UNLOCK TABLES;

--
-- Table structure for table `image_categories`
--

DROP TABLE IF EXISTS `image_categories`;
/*!40101 SET @saved_cs_client     = @@character_set_client */;
/*!40101 SET character_set_client = utf8 */;
CREATE TABLE `image_categories` (
  `id` int(10) unsigned NOT NULL AUTO_INCREMENT,
  `image_id` int(10) unsigned NOT NULL,
  `image_type` enum('ACTUAL','THUMBNAIL','LARGE','MEDIUM') COLLATE utf8mb4_unicode_ci NOT NULL,
  `height` int(11) NOT NULL,
  `width` int(11) NOT NULL,
  `path` varchar(191) COLLATE utf8mb4_unicode_ci NOT NULL,
  `alt_tag` varchar(255) COLLATE utf8mb4_unicode_ci NOT NULL DEFAULT '*',
  `created_at` timestamp NULL DEFAULT NULL,
  `updated_at` timestamp NULL DEFAULT NULL,
  PRIMARY KEY (`id`)
) ENGINE=MyISAM AUTO_INCREMENT=1095 DEFAULT CHARSET=utf8mb4 COLLATE=utf8mb4_unicode_ci;
/*!40101 SET character_set_client = @saved_cs_client */;

--
-- Dumping data for table `image_categories`
--

LOCK TABLES `image_categories` WRITE;
/*!40000 ALTER TABLE `image_categories` DISABLE KEYS */;
INSERT INTO `image_categories` VALUES (1,1,'ACTUAL',20,30,'images/media/2019/06/IbHQO10809.jpg','*',NULL,NULL),(7,6,'ACTUAL',273,240,'images/media/2019/09/CaFTE08806.png','*',NULL,NULL),(8,7,'ACTUAL',64,64,'images/media/2019/09/VMd4l08506.png','*',NULL,NULL),(9,8,'ACTUAL',164,161,'images/media/2019/09/VYuRY08406.png','*',NULL,NULL),(10,9,'ACTUAL',277,370,'images/media/2019/09/6whCt08506.jpg','*',NULL,NULL),(11,10,'ACTUAL',277,370,'images/media/2019/09/WJUPV08506.jpg','*',NULL,NULL),(12,11,'ACTUAL',278,370,'images/media/2019/09/e7eWv08306.jpg','*',NULL,NULL),(13,12,'ACTUAL',430,1599,'images/media/2019/09/Yit5K08206.jpg','*',NULL,NULL),(14,13,'ACTUAL',236,1171,'images/media/2019/09/btHwa08706.jpg','*',NULL,NULL),(15,14,'ACTUAL',177,369,'images/media/2019/09/YMYem08206.jpg','*',NULL,NULL),(16,15,'ACTUAL',179,369,'images/media/2019/09/UGx6208106.jpg','*',NULL,NULL),(17,16,'ACTUAL',418,833,'images/media/2019/09/bxnJY08206.jpg','*',NULL,NULL),(18,17,'ACTUAL',418,834,'images/media/2019/09/Lzysd08606.jpg','*',NULL,NULL),(19,18,'ACTUAL',418,834,'images/media/2019/09/iOCyM08406.jpg','*',NULL,NULL),(20,19,'ACTUAL',425,1600,'images/media/2019/09/nKtCS10408.jpg','*',NULL,NULL),(21,20,'ACTUAL',425,1600,'images/media/2019/09/1rpGI10408.jpg','*',NULL,NULL),(22,21,'ACTUAL',425,1600,'images/media/2019/09/fuZZQ10908.jpg','*',NULL,NULL),(23,22,'ACTUAL',421,1170,'images/media/2019/09/nFwns10208.jpg','*',NULL,NULL),(24,23,'ACTUAL',421,1170,'images/media/2019/09/S7egL10508.jpg','*',NULL,NULL),(25,24,'ACTUAL',421,1170,'images/media/2019/09/6HK8810808.jpg','*',NULL,NULL),(26,25,'ACTUAL',418,833,'images/media/2019/09/lHhLc10508.jpg','*',NULL,NULL),(27,26,'ACTUAL',418,834,'images/media/2019/09/FAQXJ10808.jpg','*',NULL,NULL),(28,27,'ACTUAL',418,834,'images/media/2019/09/qeaXb10708.jpg','*',NULL,NULL),(29,28,'ACTUAL',298,769,'images/media/2019/09/pc7OR10108.jpg','*',NULL,NULL),(30,29,'ACTUAL',548,370,'images/media/2019/09/4iGAB10408.jpg','*',NULL,NULL),(31,30,'ACTUAL',217,366,'images/media/2019/09/MImPw10908.jpg','*',NULL,NULL),(32,31,'ACTUAL',217,366,'images/media/2019/09/X2FFc10408.jpg','*',NULL,NULL),(33,32,'ACTUAL',228,269,'images/media/2019/09/RDy6w10209.jpg','*',NULL,NULL),(34,33,'ACTUAL',228,269,'images/media/2019/09/BD0pB10609.jpg','*',NULL,NULL),(35,34,'ACTUAL',228,268,'images/media/2019/09/TiZmT10609.jpg','*',NULL,NULL),(36,35,'ACTUAL',229,269,'images/media/2019/09/gvSzZ10609.jpg','*',NULL,NULL),(37,36,'ACTUAL',489,569,'images/media/2019/09/ZskKH10209.jpg','*',NULL,NULL),(38,37,'ACTUAL',211,270,'images/media/2019/09/HHMIU10209.jpg','*',NULL,NULL),(39,38,'ACTUAL',452,571,'images/media/2019/09/i6m8Y10109.jpg','*',NULL,NULL),(40,39,'ACTUAL',211,270,'images/media/2019/09/G5JbM10109.jpg','*',NULL,NULL),(41,40,'ACTUAL',211,570,'images/media/2019/09/lDYLZ10109.jpg','*',NULL,NULL),(42,41,'ACTUAL',297,568,'images/media/2019/09/a9gid10810.jpg','*',NULL,NULL),(43,42,'ACTUAL',298,567,'images/media/2019/09/FBsl810310.jpg','*',NULL,NULL),(44,43,'ACTUAL',211,270,'images/media/2019/09/TQHh910310.jpg','*',NULL,NULL),(45,44,'ACTUAL',451,570,'images/media/2019/09/KdvHm10610.jpg','*',NULL,NULL),(46,45,'ACTUAL',210,270,'images/media/2019/09/CSPTw10810.jpg','*',NULL,NULL),(47,46,'ACTUAL',451,270,'images/media/2019/09/w1bCe10710.jpg','*',NULL,NULL),(48,47,'ACTUAL',490,370,'images/media/2019/09/Jn03g10811.jpg','*',NULL,NULL),(49,48,'ACTUAL',230,370,'images/media/2019/09/UD1eE10411.jpg','*',NULL,NULL),(50,49,'ACTUAL',230,370,'images/media/2019/09/nFx9F10711.jpg','*',NULL,NULL),(51,50,'ACTUAL',230,370,'images/media/2019/09/ZKyEe10811.jpg','*',NULL,NULL),(52,51,'ACTUAL',230,370,'images/media/2019/09/YVab810211.jpg','*',NULL,NULL),(53,52,'ACTUAL',259,770,'images/media/2019/09/UJELm10511.jpg','*',NULL,NULL),(54,53,'ACTUAL',258,770,'images/media/2019/09/JrqCh10411.jpg','*',NULL,NULL),(55,54,'ACTUAL',547,370,'images/media/2019/09/gwULS10411.jpg','*',NULL,NULL),(56,55,'ACTUAL',208,465,'images/media/2019/09/PWvbj10711.jpg','*',NULL,NULL),(57,56,'ACTUAL',208,465,'images/media/2019/09/mU1fw10111.jpg','*',NULL,NULL),(58,57,'ACTUAL',210,270,'images/media/2019/09/sUXLY10711.jpg','*',NULL,NULL),(59,58,'ACTUAL',210,270,'images/media/2019/09/t2tHr10911.jpg','*',NULL,NULL),(60,59,'ACTUAL',210,370,'images/media/2019/09/grG9M10611.jpg','*',NULL,NULL),(61,60,'ACTUAL',210,370,'images/media/2019/09/nCUtL10811.jpg','*',NULL,NULL),(62,61,'ACTUAL',418,885,'images/media/2019/09/Im3MP10612.jpg','*',NULL,NULL),(63,62,'ACTUAL',418,885,'images/media/2019/09/L2KRw10412.jpg','*',NULL,NULL),(64,63,'ACTUAL',418,885,'images/media/2019/09/bfwnd10612.jpg','*',NULL,NULL),(65,64,'ACTUAL',64,64,'images/media/2019/09/ZGVQ310912.png','*',NULL,NULL),(66,65,'ACTUAL',64,64,'images/media/2019/09/IVJos10612.png','*',NULL,NULL),(67,66,'ACTUAL',64,64,'images/media/2019/09/K0RzI10912.png','*',NULL,NULL),(68,67,'ACTUAL',64,64,'images/media/2019/09/GMndX10212.png','*',NULL,NULL),(69,68,'ACTUAL',64,64,'images/media/2019/09/92UoU10912.png','*',NULL,NULL),(70,69,'ACTUAL',64,64,'images/media/2019/09/R913310312.png','*',NULL,NULL),(71,70,'ACTUAL',64,64,'images/media/2019/09/Sq0yK10912.png','*',NULL,NULL),(72,71,'ACTUAL',64,64,'images/media/2019/09/Ytqae10412.png','*',NULL,NULL),(73,72,'ACTUAL',64,64,'images/media/2019/09/A0KBI10412.png','*',NULL,NULL),(74,73,'ACTUAL',64,64,'images/media/2019/09/f5l5x10612.png','*',NULL,NULL),(75,74,'ACTUAL',273,240,'images/media/2019/09/T5v1s10612.png','*',NULL,NULL),(76,75,'ACTUAL',273,240,'images/media/2019/09/nyisU10112.png','*',NULL,NULL),(77,76,'ACTUAL',273,240,'images/media/2019/09/UioPp10612.png','*',NULL,NULL),(78,77,'ACTUAL',273,240,'images/media/2019/09/Xx8nL10712.png','*',NULL,NULL),(79,78,'ACTUAL',273,240,'images/media/2019/09/iKgxC10712.png','*',NULL,NULL),(80,79,'ACTUAL',273,240,'images/media/2019/09/IocF910112.png','*',NULL,NULL),(81,80,'ACTUAL',273,240,'images/media/2019/09/X3byA10112.png','*',NULL,NULL),(82,81,'ACTUAL',273,240,'images/media/2019/09/1o0wF10812.png','*',NULL,NULL),(83,82,'ACTUAL',273,240,'images/media/2019/09/VODK910712.png','*',NULL,NULL),(258,257,'ACTUAL',64,64,'images/media/2019/09/A1S9C19708.png','*',NULL,NULL),(259,258,'ACTUAL',284,250,'images/media/2019/09/IhmdY19708.jpg','*',NULL,NULL),(260,259,'ACTUAL',64,64,'images/media/2019/09/20nV819208.png','*',NULL,NULL),(261,260,'ACTUAL',284,250,'images/media/2019/09/3DDqm19808.jpg','*',NULL,NULL),(262,261,'ACTUAL',64,64,'images/media/2019/09/Ma53619508.png','*',NULL,NULL),(263,262,'ACTUAL',284,250,'images/media/2019/09/1N5lx19108.jpg','*',NULL,NULL),(264,263,'ACTUAL',284,250,'images/media/2019/09/m67vJ19608.jpg','*',NULL,NULL),(265,264,'ACTUAL',64,64,'images/media/2019/09/onxBS19208.png','*',NULL,NULL),(266,265,'ACTUAL',64,64,'images/media/2019/09/Epkb419908.png','*',NULL,NULL),(267,266,'ACTUAL',284,250,'images/media/2019/09/yq7Uj19908.jpg','*',NULL,NULL),(268,267,'ACTUAL',64,64,'images/media/2019/09/4Cg3c19608.png','*',NULL,NULL),(269,268,'ACTUAL',284,250,'images/media/2019/09/cXJMf19808.jpg','*',NULL,NULL),(270,269,'ACTUAL',64,64,'images/media/2019/09/0hsWz19508.png','*',NULL,NULL),(271,270,'ACTUAL',284,250,'images/media/2019/09/0PIiD19808.jpg','*',NULL,NULL),(272,271,'ACTUAL',64,64,'images/media/2019/09/ldLJf19208.png','*',NULL,NULL),(273,272,'ACTUAL',284,250,'images/media/2019/09/jRHM719108.jpg','*',NULL,NULL),(274,273,'ACTUAL',64,64,'images/media/2019/09/I1gzM19408.png','*',NULL,NULL),(275,274,'ACTUAL',284,250,'images/media/2019/09/JCyV619708.jpg','*',NULL,NULL),(276,275,'ACTUAL',64,64,'images/media/2019/09/HVCxT19108.png','*',NULL,NULL),(277,276,'ACTUAL',284,250,'images/media/2019/09/PLELY19408.jpg','*',NULL,NULL),(278,277,'ACTUAL',64,64,'images/media/2019/09/BoeDL19408.png','*',NULL,NULL),(279,278,'ACTUAL',284,250,'images/media/2019/09/CLmuf19708.jpg','*',NULL,NULL),(280,279,'ACTUAL',284,250,'images/media/2019/09/ZVy6T19808.jpg','*',NULL,NULL),(281,280,'ACTUAL',64,64,'images/media/2019/09/wYb7s19908.png','*',NULL,NULL),(282,281,'ACTUAL',64,64,'images/media/2019/09/XdnOS19308.png','*',NULL,NULL),(283,282,'ACTUAL',284,250,'images/media/2019/09/jdXhv19208.jpg','*',NULL,NULL),(284,283,'ACTUAL',64,64,'images/media/2019/09/4LFTq19608.png','*',NULL,NULL),(285,284,'ACTUAL',284,250,'images/media/2019/09/KbJoX19608.jpg','*',NULL,NULL),(286,285,'ACTUAL',64,64,'images/media/2019/09/3YJgr19308.png','*',NULL,NULL),(287,286,'ACTUAL',284,250,'images/media/2019/09/sDlxw19408.jpg','*',NULL,NULL),(288,287,'ACTUAL',1024,1024,'images/media/2019/09/LXeLb19908.jpg','*',NULL,NULL),(289,288,'ACTUAL',1024,1024,'images/media/2019/09/uhwNl19708.jpg','*',NULL,NULL),(290,289,'ACTUAL',1024,1024,'images/media/2019/09/A8tpH19408.jpg','*',NULL,NULL),(291,290,'ACTUAL',1024,1024,'images/media/2019/09/i0ux819508.jpg','*',NULL,NULL),(292,291,'ACTUAL',1024,1024,'images/media/2019/09/WqoFo19208.jpg','*',NULL,NULL),(293,292,'ACTUAL',1024,1024,'images/media/2019/09/AHbI419308.jpg','*',NULL,NULL),(294,293,'ACTUAL',1024,1024,'images/media/2019/09/a455C19308.jpg','*',NULL,NULL),(295,294,'ACTUAL',1024,1024,'images/media/2019/09/wPXR419508.jpg','*',NULL,NULL),(296,295,'ACTUAL',1024,1024,'images/media/2019/09/yiOVx19908.jpg','*',NULL,NULL),(297,296,'ACTUAL',1024,1024,'images/media/2019/09/xoOJv19608.jpg','*',NULL,NULL),(298,297,'ACTUAL',1024,1024,'images/media/2019/09/MfQ4H19108.jpg','*',NULL,NULL),(299,298,'ACTUAL',1024,1024,'images/media/2019/09/Ldxgn19609.jpg','*',NULL,NULL),(300,299,'ACTUAL',1024,1024,'images/media/2019/09/EH8cD19409.jpg','*',NULL,NULL),(301,300,'ACTUAL',1024,1024,'images/media/2019/09/9j0ay19709.jpg','*',NULL,NULL),(302,301,'ACTUAL',1024,1024,'images/media/2019/09/pCDlz19109.jpg','*',NULL,NULL),(303,302,'ACTUAL',1024,1024,'images/media/2019/09/9xygZ19809.jpg','*',NULL,NULL),(304,303,'ACTUAL',1024,1024,'images/media/2019/09/DSMOD19709.jpg','*',NULL,NULL),(305,304,'ACTUAL',1024,1024,'images/media/2019/09/ORnu519309.jpg','*',NULL,NULL),(306,305,'ACTUAL',1024,1024,'images/media/2019/09/aOtwc19909.jpg','*',NULL,NULL),(307,306,'ACTUAL',1024,1024,'images/media/2019/09/6YsTj19909.jpg','*',NULL,NULL),(308,307,'ACTUAL',1024,1024,'images/media/2019/09/mXDLS19409.jpg','*',NULL,NULL),(309,308,'ACTUAL',1024,1024,'images/media/2019/09/OT0oU19309.jpg','*',NULL,NULL),(310,309,'ACTUAL',1024,1024,'images/media/2019/09/dgrQM19109.jpg','*',NULL,NULL),(311,310,'ACTUAL',1024,1024,'images/media/2019/09/pwD0319609.jpg','*',NULL,NULL),(312,311,'ACTUAL',1024,1024,'images/media/2019/09/toR1u19909.jpg','*',NULL,NULL),(313,312,'ACTUAL',1024,1024,'images/media/2019/09/DkrSs19810.jpg','*',NULL,NULL),(314,313,'ACTUAL',1024,1024,'images/media/2019/09/g6Owy19810.jpg','*',NULL,NULL),(315,314,'ACTUAL',1024,1024,'images/media/2019/09/KnBr519710.jpg','*',NULL,NULL),(316,315,'ACTUAL',1024,1024,'images/media/2019/09/TWvJK19410.jpg','*',NULL,NULL),(317,316,'ACTUAL',1024,1024,'images/media/2019/09/7LsVG19310.jpg','*',NULL,NULL),(318,317,'ACTUAL',1024,1024,'images/media/2019/09/YLMOh19210.jpg','*',NULL,NULL),(319,318,'ACTUAL',1024,1024,'images/media/2019/09/0kXac19210.jpg','*',NULL,NULL),(320,319,'ACTUAL',1024,1024,'images/media/2019/09/tJqpf19810.jpg','*',NULL,NULL),(321,320,'ACTUAL',1024,1024,'images/media/2019/09/WCd6y19910.jpg','*',NULL,NULL),(322,321,'ACTUAL',1024,1024,'images/media/2019/09/O4Zbk19710.jpg','*',NULL,NULL),(323,322,'ACTUAL',1024,1024,'images/media/2019/09/JUSJa19210.jpg','*',NULL,NULL),(324,323,'ACTUAL',1024,1024,'images/media/2019/09/n4Gmy19810.jpg','*',NULL,NULL),(325,324,'ACTUAL',1024,1024,'images/media/2019/09/8mjRf19210.jpg','*',NULL,NULL),(326,325,'ACTUAL',1024,1024,'images/media/2019/09/I4Pux19210.jpg','*',NULL,NULL),(327,326,'ACTUAL',1024,1024,'images/media/2019/09/0sKGd19310.jpg','*',NULL,NULL),(328,327,'ACTUAL',1024,1024,'images/media/2019/09/l1xuY19110.jpg','*',NULL,NULL),(329,328,'ACTUAL',1024,1024,'images/media/2019/09/9LpEr19110.jpg','*',NULL,NULL),(330,329,'ACTUAL',1024,1024,'images/media/2019/09/nsvRx19410.jpg','*',NULL,NULL),(331,330,'ACTUAL',1024,1024,'images/media/2019/09/7n3HJ19410.jpg','*',NULL,NULL),(332,331,'ACTUAL',1024,1024,'images/media/2019/09/vx6QW19610.jpg','*',NULL,NULL),(333,332,'ACTUAL',1024,1024,'images/media/2019/09/e8tKu19210.jpg','*',NULL,NULL),(334,333,'ACTUAL',1024,1024,'images/media/2019/09/iDMNz19310.jpg','*',NULL,NULL),(335,334,'ACTUAL',1024,1024,'images/media/2019/09/doDBr19210.jpg','*',NULL,NULL),(336,335,'ACTUAL',1024,1024,'images/media/2019/09/b4lEc19910.jpg','*',NULL,NULL),(337,336,'ACTUAL',1024,1024,'images/media/2019/09/Xwlth19610.jpg','*',NULL,NULL),(338,337,'ACTUAL',1024,1024,'images/media/2019/09/luQnk19210.jpg','*',NULL,NULL),(339,338,'ACTUAL',1024,1024,'images/media/2019/09/6h8UU19710.jpg','*',NULL,NULL),(340,339,'ACTUAL',1024,1024,'images/media/2019/09/viEGg19911.jpg','*',NULL,NULL),(341,340,'ACTUAL',1024,1024,'images/media/2019/09/2Ggn319911.jpg','*',NULL,NULL),(342,341,'ACTUAL',1024,1024,'images/media/2019/09/m0yNj19911.jpg','*',NULL,NULL),(343,342,'ACTUAL',1024,1024,'images/media/2019/09/Dzd2519111.jpg','*',NULL,NULL),(344,343,'ACTUAL',1024,1024,'images/media/2019/09/1ig7319811.jpg','*',NULL,NULL),(345,344,'ACTUAL',1024,1024,'images/media/2019/09/iTQ7j19211.jpg','*',NULL,NULL),(346,345,'ACTUAL',1024,1024,'images/media/2019/09/TSTeu19611.jpg','*',NULL,NULL),(347,346,'ACTUAL',1024,1024,'images/media/2019/09/72L9l19911.jpg','*',NULL,NULL),(348,347,'ACTUAL',1024,1024,'images/media/2019/09/mWix319411.jpg','*',NULL,NULL),(349,348,'ACTUAL',1024,1024,'images/media/2019/09/hi3PN19511.jpg','*',NULL,NULL),(350,349,'ACTUAL',1024,1024,'images/media/2019/09/i8sDd19911.jpg','*',NULL,NULL),(351,350,'ACTUAL',1024,1024,'images/media/2019/09/phUDg19511.jpg','*',NULL,NULL),(352,351,'ACTUAL',1024,1024,'images/media/2019/09/3jHHY19511.jpg','*',NULL,NULL),(353,352,'ACTUAL',1024,1024,'images/media/2019/09/9fyvN19411.jpg','*',NULL,NULL),(354,353,'ACTUAL',1024,1024,'images/media/2019/09/HxGza19611.jpg','*',NULL,NULL),(355,354,'ACTUAL',1024,1024,'images/media/2019/09/nJ44l19411.jpg','*',NULL,NULL),(356,355,'ACTUAL',1024,1024,'images/media/2019/09/nQlqE19511.jpg','*',NULL,NULL),(357,356,'ACTUAL',1024,1024,'images/media/2019/09/swNSy19911.jpg','*',NULL,NULL),(358,357,'ACTUAL',1024,1024,'images/media/2019/09/sMdMm19611.jpg','*',NULL,NULL),(359,358,'ACTUAL',1024,1024,'images/media/2019/09/mr5Yt19211.jpg','*',NULL,NULL),(360,359,'ACTUAL',1024,1024,'images/media/2019/09/cbPj519211.jpg','*',NULL,NULL),(361,360,'ACTUAL',1024,1024,'images/media/2019/09/csgAQ19111.jpg','*',NULL,NULL),(362,361,'ACTUAL',1024,1024,'images/media/2019/09/rfEnb19911.jpg','*',NULL,NULL),(363,362,'ACTUAL',1024,1024,'images/media/2019/09/52rY219211.jpg','*',NULL,NULL),(364,363,'ACTUAL',1024,1024,'images/media/2019/09/YvzxH19111.jpg','*',NULL,NULL),(365,364,'ACTUAL',1024,1024,'images/media/2019/09/36jAr19511.jpg','*',NULL,NULL),(366,365,'ACTUAL',1024,1024,'images/media/2019/09/0Ygma19611.jpg','*',NULL,NULL),(367,366,'ACTUAL',1024,1024,'images/media/2019/09/z3bmL19111.jpg','*',NULL,NULL),(368,367,'ACTUAL',1024,1024,'images/media/2019/09/yPQ6h19111.jpg','*',NULL,NULL),(369,368,'ACTUAL',1024,1024,'images/media/2019/09/I8Kak19711.jpg','*',NULL,NULL),(370,369,'ACTUAL',1024,1024,'images/media/2019/09/3P1Yv19211.jpg','*',NULL,NULL),(371,370,'ACTUAL',1024,1024,'images/media/2019/09/FMst219511.jpg','*',NULL,NULL),(372,371,'ACTUAL',1024,1024,'images/media/2019/09/MwDiB19411.jpg','*',NULL,NULL),(373,372,'ACTUAL',1024,1024,'images/media/2019/09/T5YSn19111.jpg','*',NULL,NULL),(374,373,'ACTUAL',1024,1024,'images/media/2019/09/XxPsZ19411.jpg','*',NULL,NULL),(375,374,'ACTUAL',1024,1024,'images/media/2019/09/FCnb919311.jpg','*',NULL,NULL),(376,375,'ACTUAL',1024,1024,'images/media/2019/09/j7Tq119211.jpg','*',NULL,NULL),(377,376,'ACTUAL',1024,1024,'images/media/2019/09/2WDAU19811.jpg','*',NULL,NULL),(378,377,'ACTUAL',1024,1024,'images/media/2019/09/JoP4W19611.jpg','*',NULL,NULL),(379,378,'ACTUAL',1024,1024,'images/media/2019/09/3MBuE19511.jpg','*',NULL,NULL),(380,379,'ACTUAL',1024,1024,'images/media/2019/09/3Z4tF19611.jpg','*',NULL,NULL),(381,380,'ACTUAL',1024,1024,'images/media/2019/09/boehz19211.jpg','*',NULL,NULL),(382,381,'ACTUAL',1024,1024,'images/media/2019/09/nb2iB19311.jpg','*',NULL,NULL),(383,382,'ACTUAL',1024,1024,'images/media/2019/09/N9rcj19811.jpg','*',NULL,NULL),(384,383,'ACTUAL',1024,1024,'images/media/2019/09/qbKF719611.jpg','*',NULL,NULL),(385,384,'ACTUAL',1024,1024,'images/media/2019/09/J2XYc19411.jpg','*',NULL,NULL),(386,385,'ACTUAL',1024,1024,'images/media/2019/09/OAQ7919311.jpg','*',NULL,NULL),(387,386,'ACTUAL',1024,1024,'images/media/2019/09/AHkbG19811.jpg','*',NULL,NULL),(388,387,'ACTUAL',1024,1024,'images/media/2019/09/LRiDA19411.jpg','*',NULL,NULL),(389,388,'ACTUAL',1024,1024,'images/media/2019/09/QWlDN19611.jpg','*',NULL,NULL),(390,389,'ACTUAL',1024,1024,'images/media/2019/09/VEodV19811.jpg','*',NULL,NULL),(391,390,'ACTUAL',1024,1024,'images/media/2019/09/mjyBU19111.jpg','*',NULL,NULL),(392,391,'ACTUAL',1024,1024,'images/media/2019/09/QL8Lj19911.jpg','*',NULL,NULL),(393,392,'ACTUAL',1024,1024,'images/media/2019/09/Ticne19811.jpg','*',NULL,NULL),(394,393,'ACTUAL',1024,1024,'images/media/2019/09/1sjR619111.jpg','*',NULL,NULL),(395,394,'ACTUAL',1024,1024,'images/media/2019/09/cv1rs19611.jpg','*',NULL,NULL),(396,395,'ACTUAL',1024,1024,'images/media/2019/09/MVmBl19211.jpg','*',NULL,NULL),(397,396,'ACTUAL',1024,1024,'images/media/2019/09/TLetF19511.jpg','*',NULL,NULL),(398,397,'ACTUAL',1024,1024,'images/media/2019/09/XMnpu19311.jpg','*',NULL,NULL),(399,398,'ACTUAL',1024,1024,'images/media/2019/09/WbV9019511.jpg','*',NULL,NULL),(400,399,'ACTUAL',1024,1024,'images/media/2019/09/U01j519111.jpg','*',NULL,NULL),(401,400,'ACTUAL',1024,1024,'images/media/2019/09/AEP0C19311.jpg','*',NULL,NULL),(402,401,'ACTUAL',1024,1024,'images/media/2019/09/n9FE219911.jpg','*',NULL,NULL),(403,402,'ACTUAL',1024,1024,'images/media/2019/09/CEOYM19611.jpg','*',NULL,NULL),(404,403,'ACTUAL',1024,1024,'images/media/2019/09/VHCwl19811.jpg','*',NULL,NULL),(405,404,'ACTUAL',1024,1024,'images/media/2019/09/dMNk819711.jpg','*',NULL,NULL),(406,405,'ACTUAL',1024,1024,'images/media/2019/09/64a7R19711.jpg','*',NULL,NULL),(407,406,'ACTUAL',1024,1024,'images/media/2019/09/v3tvW19111.jpg','*',NULL,NULL),(408,407,'ACTUAL',1024,1024,'images/media/2019/09/5PC3y19811.jpg','*',NULL,NULL),(409,408,'ACTUAL',1024,1024,'images/media/2019/09/U3hD619711.jpg','*',NULL,NULL),(410,409,'ACTUAL',1024,1024,'images/media/2019/09/EbCku19411.jpg','*',NULL,NULL),(411,410,'ACTUAL',1024,1024,'images/media/2019/09/kWSbk19511.jpg','*',NULL,NULL),(412,411,'ACTUAL',1024,1024,'images/media/2019/09/LIhLe19311.jpg','*',NULL,NULL),(413,412,'ACTUAL',1024,1024,'images/media/2019/09/K7HHF19111.jpg','*',NULL,NULL),(414,413,'ACTUAL',1024,1024,'images/media/2019/09/4sd9A19111.jpg','*',NULL,NULL),(415,414,'ACTUAL',1024,1024,'images/media/2019/09/HmhjH19711.jpg','*',NULL,NULL),(416,415,'ACTUAL',1024,1024,'images/media/2019/09/lCzZV19811.jpg','*',NULL,NULL),(417,416,'ACTUAL',1024,1024,'images/media/2019/09/MgCKq19711.jpg','*',NULL,NULL),(418,417,'ACTUAL',1024,1024,'images/media/2019/09/ol2sB24311.jpg','*',NULL,NULL),(419,418,'ACTUAL',1024,1024,'images/media/2019/09/NySmM24311.jpg','*',NULL,NULL),(420,419,'ACTUAL',1024,1024,'images/media/2019/09/5xN6v24411.jpg','*',NULL,NULL),(421,420,'ACTUAL',1024,1024,'images/media/2019/09/CWYQi24511.jpg','*',NULL,NULL),(422,421,'ACTUAL',1024,1024,'images/media/2019/09/laefk24511.jpg','*',NULL,NULL),(423,422,'ACTUAL',1024,1024,'images/media/2019/09/6ykQ424511.jpg','*',NULL,NULL),(424,423,'ACTUAL',1024,1024,'images/media/2019/09/BAG2K24312.jpg','*',NULL,NULL),(425,424,'ACTUAL',1024,1024,'images/media/2019/09/wG9GE24612.jpg','*',NULL,NULL),(426,425,'ACTUAL',64,64,'images/media/2019/09/iRgnE25611.png','*',NULL,NULL),(427,426,'ACTUAL',284,250,'images/media/2019/09/ifpU725811.jpg','*',NULL,NULL),(428,427,'ACTUAL',768,1366,'images/media/2019/09/rzdmu25612.png','*',NULL,NULL),(429,428,'ACTUAL',768,1366,'images/media/2019/09/uNZd125612.png','*',NULL,NULL),(431,430,'ACTUAL',421,1170,'images/media/2019/09/blSUS27710.jpg','*',NULL,NULL),(432,431,'ACTUAL',421,1170,'images/media/2019/09/vURED27710.jpg','*',NULL,NULL),(433,432,'ACTUAL',421,1170,'images/media/2019/09/Ft15D27610.jpg','*',NULL,NULL),(434,433,'ACTUAL',421,1600,'images/media/2019/09/ILNqR27110.jpg','*',NULL,NULL),(435,434,'ACTUAL',421,1600,'images/media/2019/09/oSENw27310.jpg','*',NULL,NULL),(436,435,'ACTUAL',421,1600,'images/media/2019/09/g96za27410.jpg','*',NULL,NULL),(437,436,'ACTUAL',387,770,'images/media/2019/09/yVA2Q27110.jpg','*',NULL,NULL),(438,437,'ACTUAL',387,770,'images/media/2019/09/vDsMN27610.jpg','*',NULL,NULL),(439,438,'ACTUAL',387,770,'images/media/2019/09/rL6XQ27310.jpg','*',NULL,NULL),(440,439,'ACTUAL',418,885,'images/media/2019/09/A1s7V27110.jpg','*',NULL,NULL),(441,440,'ACTUAL',418,885,'images/media/2019/09/mo6Yk27410.jpg','*',NULL,NULL),(442,441,'ACTUAL',418,885,'images/media/2019/09/cUhfM27110.jpg','*',NULL,NULL),(443,442,'ACTUAL',179,370,'images/media/2019/09/8EBLr27610.jpg','*',NULL,NULL),(444,443,'ACTUAL',179,370,'images/media/2019/09/c449I27810.jpg','*',NULL,NULL),(445,444,'ACTUAL',277,370,'images/media/2019/09/reUJM27310.jpg','*',NULL,NULL),(446,445,'ACTUAL',277,370,'images/media/2019/09/ciRFe27710.jpg','*',NULL,NULL),(447,446,'ACTUAL',277,370,'images/media/2019/09/2nx0h27410.jpg','*',NULL,NULL),(448,447,'ACTUAL',240,370,'images/media/2019/09/CLA2s27610.jpg','*',NULL,NULL),(449,448,'ACTUAL',240,370,'images/media/2019/09/qotAc27710.jpg','*',NULL,NULL),(450,449,'ACTUAL',240,370,'images/media/2019/09/souUX27810.jpg','*',NULL,NULL),(451,450,'ACTUAL',270,693,'images/media/2019/09/z3Qtc27512.png','*',NULL,NULL),(452,451,'ACTUAL',446,728,'images/media/2019/10/y74yW01108.jpg','*',NULL,NULL),(453,452,'ACTUAL',20,30,'images/media/2019/10/gTr9301908.jpg','*',NULL,NULL),(454,453,'ACTUAL',421,1600,'images/media/2019/10/4A9AD01801.jpg','*',NULL,NULL),(455,454,'ACTUAL',421,1600,'images/media/2019/10/ZPmjN01301.jpg','*',NULL,NULL),(456,455,'ACTUAL',421,1600,'images/media/2019/10/ypwlO01601.jpg','*',NULL,NULL),(457,456,'ACTUAL',220,370,'images/media/2019/10/YAaqM01901.jpg','*',NULL,NULL),(458,457,'ACTUAL',220,370,'images/media/2019/10/LTvGM01301.jpg','*',NULL,NULL),(459,458,'ACTUAL',512,512,'images/media/2019/10/8zBL302407.png','*',NULL,NULL),(460,459,'ACTUAL',425,1600,'images/media/2020/02/kzLG219201.jpg','*',NULL,NULL),(461,460,'ACTUAL',425,1600,'images/media/2020/02/4wDb519601.jpg','*',NULL,NULL),(462,459,'THUMBNAIL',40,150,'images/media/2020/02/thumbnail1582120480kzLG219201.jpg','*',NULL,NULL),(463,460,'THUMBNAIL',40,150,'images/media/2020/02/thumbnail15821204804wDb519601.jpg','*',NULL,NULL),(464,459,'MEDIUM',106,400,'images/media/2020/02/medium1582120480kzLG219201.jpg','*',NULL,NULL),(465,460,'MEDIUM',106,400,'images/media/2020/02/medium15821204804wDb519601.jpg','*',NULL,NULL),(466,459,'LARGE',239,900,'images/media/2020/02/large1582120480kzLG219201.jpg','*',NULL,NULL),(467,460,'LARGE',239,900,'images/media/2020/02/large15821204804wDb519601.jpg','*',NULL,NULL),(468,461,'ACTUAL',425,1600,'images/media/2020/02/roLuh19801.jpg','*',NULL,NULL),(469,461,'THUMBNAIL',40,150,'images/media/2020/02/thumbnail1582120482roLuh19801.jpg','*',NULL,NULL),(470,461,'MEDIUM',106,400,'images/media/2020/02/medium1582120482roLuh19801.jpg','*',NULL,NULL),(471,461,'LARGE',239,900,'images/media/2020/02/large1582120482roLuh19801.jpg','*',NULL,NULL),(472,462,'ACTUAL',421,1170,'images/media/2020/02/7OI5e19501.jpg','*',NULL,NULL),(473,462,'THUMBNAIL',54,150,'images/media/2020/02/thumbnail15821204927OI5e19501.jpg','*',NULL,NULL),(474,462,'MEDIUM',144,400,'images/media/2020/02/medium15821204937OI5e19501.jpg','*',NULL,NULL),(475,462,'LARGE',324,900,'images/media/2020/02/large15821204937OI5e19501.jpg','*',NULL,NULL),(476,463,'ACTUAL',421,1170,'images/media/2020/02/SHVFB19501.jpg','*',NULL,NULL),(477,463,'THUMBNAIL',54,150,'images/media/2020/02/thumbnail1582120493SHVFB19501.jpg','*',NULL,NULL),(478,463,'MEDIUM',144,400,'images/media/2020/02/medium1582120494SHVFB19501.jpg','*',NULL,NULL),(479,463,'LARGE',324,900,'images/media/2020/02/large1582120494SHVFB19501.jpg','*',NULL,NULL),(480,464,'ACTUAL',421,1170,'images/media/2020/02/dn1K219901.jpg','*',NULL,NULL),(481,464,'THUMBNAIL',54,150,'images/media/2020/02/thumbnail1582120496dn1K219901.jpg','*',NULL,NULL),(482,464,'MEDIUM',144,400,'images/media/2020/02/medium1582120496dn1K219901.jpg','*',NULL,NULL),(483,464,'LARGE',324,900,'images/media/2020/02/large1582120496dn1K219901.jpg','*',NULL,NULL),(559,494,'ACTUAL',418,833,'images/media/2020/02/JiDWS19303.jpg','*',NULL,NULL),(558,493,'ACTUAL',418,834,'images/media/2020/02/VXmx319303.jpg','*',NULL,NULL),(557,492,'THUMBNAIL',72,150,'images/media/2020/02/thumbnail15821245307zlLI19903.jpg','*',NULL,NULL),(556,491,'THUMBNAIL',73,150,'images/media/2020/02/thumbnail1582124530U361f19603.jpg','*',NULL,NULL),(555,492,'ACTUAL',177,369,'images/media/2020/02/7zlLI19903.jpg','*',NULL,NULL),(554,491,'ACTUAL',179,369,'images/media/2020/02/U361f19603.jpg','*',NULL,NULL),(553,490,'MEDIUM',189,400,'images/media/2020/02/medium1582123325IjJ4x19202.jpg','*',NULL,NULL),(552,490,'THUMBNAIL',71,150,'images/media/2020/02/thumbnail1582123325IjJ4x19202.jpg','*',NULL,NULL),(551,490,'ACTUAL',418,885,'images/media/2020/02/IjJ4x19202.jpg','*',NULL,NULL),(550,489,'MEDIUM',189,400,'images/media/2020/02/medium1582123325aqK6Q19402.jpg','*',NULL,NULL),(549,489,'THUMBNAIL',71,150,'images/media/2020/02/thumbnail1582123325aqK6Q19402.jpg','*',NULL,NULL),(548,488,'MEDIUM',189,400,'images/media/2020/02/medium1582123325Apd1i19902.jpg','*',NULL,NULL),(547,489,'ACTUAL',418,885,'images/media/2020/02/aqK6Q19402.jpg','*',NULL,NULL),(544,487,'MEDIUM',200,400,'images/media/2020/02/medium1582123057e8Uh519302.jpg','*',NULL,NULL),(545,488,'ACTUAL',418,885,'images/media/2020/02/Apd1i19902.jpg','*',NULL,NULL),(546,488,'THUMBNAIL',71,150,'images/media/2020/02/thumbnail1582123325Apd1i19902.jpg','*',NULL,NULL),(543,487,'THUMBNAIL',75,150,'images/media/2020/02/thumbnail1582123057e8Uh519302.jpg','*',NULL,NULL),(542,487,'ACTUAL',418,834,'images/media/2020/02/e8Uh519302.jpg','*',NULL,NULL),(541,486,'MEDIUM',200,400,'images/media/2020/02/medium1582123056sQWL719202.jpg','*',NULL,NULL),(540,486,'THUMBNAIL',75,150,'images/media/2020/02/thumbnail1582123056sQWL719202.jpg','*',NULL,NULL),(537,485,'THUMBNAIL',75,150,'images/media/2020/02/thumbnail1582123056i0UZO19402.jpg','*',NULL,NULL),(539,486,'ACTUAL',418,834,'images/media/2020/02/sQWL719202.jpg','*',NULL,NULL),(538,485,'MEDIUM',201,400,'images/media/2020/02/medium1582123056i0UZO19402.jpg','*',NULL,NULL),(536,485,'ACTUAL',418,833,'images/media/2020/02/i0UZO19402.jpg','*',NULL,NULL),(533,483,'THUMBNAIL',73,150,'images/media/2020/02/thumbnail1582123055RE0II19402.jpg','*',NULL,NULL),(534,484,'ACTUAL',177,369,'images/media/2020/02/gt4aI19102.jpg','*',NULL,NULL),(535,484,'THUMBNAIL',72,150,'images/media/2020/02/thumbnail1582123055gt4aI19102.jpg','*',NULL,NULL),(532,483,'ACTUAL',179,369,'images/media/2020/02/RE0II19402.jpg','*',NULL,NULL),(560,493,'THUMBNAIL',75,150,'images/media/2020/02/thumbnail1582124531VXmx319303.jpg','*',NULL,NULL),(561,494,'THUMBNAIL',75,150,'images/media/2020/02/thumbnail1582124531JiDWS19303.jpg','*',NULL,NULL),(562,493,'MEDIUM',200,400,'images/media/2020/02/medium1582124531VXmx319303.jpg','*',NULL,NULL),(563,494,'MEDIUM',201,400,'images/media/2020/02/medium1582124531JiDWS19303.jpg','*',NULL,NULL),(564,495,'ACTUAL',418,834,'images/media/2020/02/jzm9Z19603.jpg','*',NULL,NULL),(565,495,'THUMBNAIL',75,150,'images/media/2020/02/thumbnail1582124532jzm9Z19603.jpg','*',NULL,NULL),(566,495,'MEDIUM',200,400,'images/media/2020/02/medium1582124532jzm9Z19603.jpg','*',NULL,NULL),(567,496,'ACTUAL',259,770,'images/media/2020/02/ZGQzk20811.jpg','*',NULL,NULL),(568,497,'ACTUAL',258,770,'images/media/2020/02/NpNrm20611.jpg','*',NULL,NULL),(569,497,'THUMBNAIL',50,150,'images/media/2020/02/thumbnail1582198137NpNrm20611.jpg','*',NULL,NULL),(570,496,'THUMBNAIL',50,150,'images/media/2020/02/thumbnail1582198137ZGQzk20811.jpg','*',NULL,NULL),(571,496,'MEDIUM',135,400,'images/media/2020/02/medium1582198137ZGQzk20811.jpg','*',NULL,NULL),(572,497,'MEDIUM',134,400,'images/media/2020/02/medium1582198137NpNrm20611.jpg','*',NULL,NULL),(573,498,'ACTUAL',548,370,'images/media/2020/02/XPgIC20911.jpg','*',NULL,NULL),(574,498,'THUMBNAIL',150,101,'images/media/2020/02/thumbnail1582198138XPgIC20911.jpg','*',NULL,NULL),(575,498,'MEDIUM',400,270,'images/media/2020/02/medium1582198138XPgIC20911.jpg','*',NULL,NULL),(576,499,'ACTUAL',297,770,'images/media/2020/02/VmtxP20911.jpg','*',NULL,NULL),(577,500,'ACTUAL',547,370,'images/media/2020/02/QAdqa20111.jpg','*',NULL,NULL),(578,499,'THUMBNAIL',58,150,'images/media/2020/02/thumbnail1582198509VmtxP20911.jpg','*',NULL,NULL),(579,500,'THUMBNAIL',150,101,'images/media/2020/02/thumbnail1582198509QAdqa20111.jpg','*',NULL,NULL),(580,499,'MEDIUM',154,400,'images/media/2020/02/medium1582198509VmtxP20911.jpg','*',NULL,NULL),(581,500,'MEDIUM',400,271,'images/media/2020/02/medium1582198509QAdqa20111.jpg','*',NULL,NULL),(582,501,'ACTUAL',220,370,'images/media/2020/02/wQGHA20911.jpg','*',NULL,NULL),(583,502,'ACTUAL',220,370,'images/media/2020/02/R0yLD20611.jpg','*',NULL,NULL),(584,501,'THUMBNAIL',89,150,'images/media/2020/02/thumbnail1582198510wQGHA20911.jpg','*',NULL,NULL),(585,502,'THUMBNAIL',89,150,'images/media/2020/02/thumbnail1582198510R0yLD20611.jpg','*',NULL,NULL),(586,503,'ACTUAL',230,270,'images/media/2020/02/GKLNM20111.jpg','*',NULL,NULL),(587,503,'THUMBNAIL',128,150,'images/media/2020/02/thumbnail1582198670GKLNM20111.jpg','*',NULL,NULL),(588,504,'ACTUAL',230,270,'images/media/2020/02/zm4sn20811.jpg','*',NULL,NULL),(589,504,'THUMBNAIL',128,150,'images/media/2020/02/thumbnail1582198670zm4sn20811.jpg','*',NULL,NULL),(590,505,'ACTUAL',230,270,'images/media/2020/02/ug42t20411.jpg','*',NULL,NULL),(591,505,'THUMBNAIL',128,150,'images/media/2020/02/thumbnail1582198671ug42t20411.jpg','*',NULL,NULL),(592,506,'ACTUAL',230,270,'images/media/2020/02/21hNs20511.jpg','*',NULL,NULL),(593,506,'THUMBNAIL',128,150,'images/media/2020/02/thumbnail158219867121hNs20511.jpg','*',NULL,NULL),(594,507,'ACTUAL',490,569,'images/media/2020/02/cgm7r20911.jpg','*',NULL,NULL),(595,507,'THUMBNAIL',129,150,'images/media/2020/02/thumbnail1582198672cgm7r20911.jpg','*',NULL,NULL),(596,507,'MEDIUM',344,400,'images/media/2020/02/medium1582198672cgm7r20911.jpg','*',NULL,NULL),(597,508,'ACTUAL',211,270,'images/media/2020/02/BdrR320111.jpg','*',NULL,NULL),(598,508,'THUMBNAIL',117,150,'images/media/2020/02/thumbnail1582198790BdrR320111.jpg','*',NULL,NULL),(599,509,'ACTUAL',452,570,'images/media/2020/02/228jM20511.jpg','*',NULL,NULL),(600,510,'ACTUAL',211,270,'images/media/2020/02/L1lXk20111.jpg','*',NULL,NULL),(601,510,'THUMBNAIL',117,150,'images/media/2020/02/thumbnail1582198791L1lXk20111.jpg','*',NULL,NULL),(602,509,'THUMBNAIL',119,150,'images/media/2020/02/thumbnail1582198791228jM20511.jpg','*',NULL,NULL),(603,509,'MEDIUM',317,400,'images/media/2020/02/medium1582198791228jM20511.jpg','*',NULL,NULL),(604,511,'ACTUAL',211,570,'images/media/2020/02/GrSV020311.jpg','*',NULL,NULL),(605,511,'THUMBNAIL',56,150,'images/media/2020/02/thumbnail1582198792GrSV020311.jpg','*',NULL,NULL),(606,511,'MEDIUM',148,400,'images/media/2020/02/medium1582198792GrSV020311.jpg','*',NULL,NULL),(607,512,'ACTUAL',298,567,'images/media/2020/02/gOyKf20211.jpg','*',NULL,NULL),(608,512,'THUMBNAIL',79,150,'images/media/2020/02/thumbnail1582198889gOyKf20211.jpg','*',NULL,NULL),(609,513,'ACTUAL',298,566,'images/media/2020/02/fj2pW20711.jpg','*',NULL,NULL),(610,512,'MEDIUM',210,400,'images/media/2020/02/medium1582198889gOyKf20211.jpg','*',NULL,NULL),(611,513,'THUMBNAIL',79,150,'images/media/2020/02/thumbnail1582198889fj2pW20711.jpg','*',NULL,NULL),(612,513,'MEDIUM',211,400,'images/media/2020/02/medium1582198889fj2pW20711.jpg','*',NULL,NULL),(613,514,'ACTUAL',211,270,'images/media/2020/02/8pXSd20211.jpg','*',NULL,NULL),(614,514,'THUMBNAIL',117,150,'images/media/2020/02/thumbnail15821990078pXSd20211.jpg','*',NULL,NULL),(615,515,'ACTUAL',451,569,'images/media/2020/02/dMGvd20411.jpg','*',NULL,NULL),(616,515,'THUMBNAIL',119,150,'images/media/2020/02/thumbnail1582199007dMGvd20411.jpg','*',NULL,NULL),(617,515,'MEDIUM',317,400,'images/media/2020/02/medium1582199007dMGvd20411.jpg','*',NULL,NULL),(618,516,'ACTUAL',451,270,'images/media/2020/02/6DbzH20711.jpg','*',NULL,NULL),(619,516,'THUMBNAIL',150,90,'images/media/2020/02/thumbnail15821990086DbzH20711.jpg','*',NULL,NULL),(620,516,'MEDIUM',400,239,'images/media/2020/02/medium15821990086DbzH20711.jpg','*',NULL,NULL),(621,517,'ACTUAL',211,270,'images/media/2020/02/2lM7y20211.jpg','*',NULL,NULL),(622,517,'THUMBNAIL',117,150,'images/media/2020/02/thumbnail15821990082lM7y20211.jpg','*',NULL,NULL),(623,518,'ACTUAL',230,370,'images/media/2020/02/kgVrx20811.jpg','*',NULL,NULL),(624,518,'THUMBNAIL',93,150,'images/media/2020/02/thumbnail1582199127kgVrx20811.jpg','*',NULL,NULL),(625,519,'ACTUAL',488,368,'images/media/2020/02/XCslh20311.jpg','*',NULL,NULL),(626,519,'THUMBNAIL',150,113,'images/media/2020/02/thumbnail1582199127XCslh20311.jpg','*',NULL,NULL),(627,519,'MEDIUM',400,302,'images/media/2020/02/medium1582199127XCslh20311.jpg','*',NULL,NULL),(628,520,'ACTUAL',230,370,'images/media/2020/02/9dgQ020511.jpg','*',NULL,NULL),(629,520,'THUMBNAIL',93,150,'images/media/2020/02/thumbnail15821991289dgQ020511.jpg','*',NULL,NULL),(630,521,'ACTUAL',230,370,'images/media/2020/02/pZ1bH20411.jpg','*',NULL,NULL),(631,521,'THUMBNAIL',93,150,'images/media/2020/02/thumbnail1582199128pZ1bH20411.jpg','*',NULL,NULL),(632,522,'ACTUAL',230,370,'images/media/2020/02/xl9k720411.jpg','*',NULL,NULL),(633,522,'THUMBNAIL',93,150,'images/media/2020/02/thumbnail1582199129xl9k720411.jpg','*',NULL,NULL),(634,523,'ACTUAL',211,470,'images/media/2020/02/7cNGq20711.jpg','*',NULL,NULL),(635,523,'THUMBNAIL',67,150,'images/media/2020/02/thumbnail15821993277cNGq20711.jpg','*',NULL,NULL),(636,523,'MEDIUM',180,400,'images/media/2020/02/medium15821993277cNGq20711.jpg','*',NULL,NULL),(637,524,'ACTUAL',210,468,'images/media/2020/02/qcLGW20311.jpg','*',NULL,NULL),(638,524,'THUMBNAIL',67,150,'images/media/2020/02/thumbnail1582199327qcLGW20311.jpg','*',NULL,NULL),(639,524,'MEDIUM',179,400,'images/media/2020/02/medium1582199327qcLGW20311.jpg','*',NULL,NULL),(640,525,'ACTUAL',210,272,'images/media/2020/02/uatVd20111.jpg','*',NULL,NULL),(641,525,'THUMBNAIL',116,150,'images/media/2020/02/thumbnail1582199328uatVd20111.jpg','*',NULL,NULL),(642,526,'ACTUAL',211,270,'images/media/2020/02/2segQ20911.jpg','*',NULL,NULL),(643,526,'THUMBNAIL',117,150,'images/media/2020/02/thumbnail15821993282segQ20911.jpg','*',NULL,NULL),(644,527,'ACTUAL',211,369,'images/media/2020/02/dbzAF20511.jpg','*',NULL,NULL),(645,527,'THUMBNAIL',86,150,'images/media/2020/02/thumbnail1582199329dbzAF20511.jpg','*',NULL,NULL),(646,528,'ACTUAL',210,369,'images/media/2020/02/ruFRW20511.jpg','*',NULL,NULL),(647,528,'THUMBNAIL',85,150,'images/media/2020/02/thumbnail1582199330ruFRW20511.jpg','*',NULL,NULL),(648,529,'ACTUAL',430,1599,'images/media/2020/02/8qJMb20712.jpg','*',NULL,NULL),(649,529,'THUMBNAIL',40,150,'images/media/2020/02/thumbnail15822003748qJMb20712.jpg','*',NULL,NULL),(650,530,'ACTUAL',236,1171,'images/media/2020/02/4kD3S20412.jpg','*',NULL,NULL),(651,530,'THUMBNAIL',30,150,'images/media/2020/02/thumbnail15822003754kD3S20412.jpg','*',NULL,NULL),(652,530,'MEDIUM',81,400,'images/media/2020/02/medium15822003754kD3S20412.jpg','*',NULL,NULL),(653,530,'LARGE',181,900,'images/media/2020/02/large15822003754kD3S20412.jpg','*',NULL,NULL),(654,531,'ACTUAL',179,369,'images/media/2020/02/FbFX320512.jpg','*',NULL,NULL),(655,531,'THUMBNAIL',73,150,'images/media/2020/02/thumbnail1582201134FbFX320512.jpg','*',NULL,NULL),(656,532,'ACTUAL',418,834,'images/media/2020/02/xv5F720212.jpg','*',NULL,NULL),(657,533,'ACTUAL',418,833,'images/media/2020/02/WDeDC20512.jpg','*',NULL,NULL),(658,532,'THUMBNAIL',75,150,'images/media/2020/02/thumbnail1582201251xv5F720212.jpg','*',NULL,NULL),(659,533,'THUMBNAIL',75,150,'images/media/2020/02/thumbnail1582201251WDeDC20512.jpg','*',NULL,NULL),(660,532,'MEDIUM',200,400,'images/media/2020/02/medium1582201251xv5F720212.jpg','*',NULL,NULL),(661,533,'MEDIUM',201,400,'images/media/2020/02/medium1582201251WDeDC20512.jpg','*',NULL,NULL),(662,534,'ACTUAL',418,834,'images/media/2020/02/287xt20312.jpg','*',NULL,NULL),(663,534,'THUMBNAIL',75,150,'images/media/2020/02/thumbnail1582201252287xt20312.jpg','*',NULL,NULL),(664,534,'MEDIUM',200,400,'images/media/2020/02/medium1582201252287xt20312.jpg','*',NULL,NULL),(940,630,'MEDIUM',189,400,'images/media/2021/05/medium1622382997h4A9x30205.jpg','*',NULL,NULL),(939,630,'THUMBNAIL',71,150,'images/media/2021/05/thumbnail1622382997h4A9x30205.jpg','*',NULL,NULL),(936,630,'ACTUAL',552,1170,'images/media/2021/05/h4A9x30205.jpg','*',NULL,NULL),(937,629,'ACTUAL',156,156,'images/media/2021/05/PprAB30305.png','*',NULL,NULL),(938,629,'THUMBNAIL',150,150,'images/media/2021/05/thumbnail1622382997PprAB30305.png','*',NULL,NULL),(1031,673,'ACTUAL',160,160,'images/media/2021/08/gr7x324411.jpg','*',NULL,NULL),(1029,671,'ACTUAL',318,1170,'images/media/2021/07/lVOpd08802.jpg','*',NULL,NULL),(673,538,'ACTUAL',16,16,'images/media/2020/03/FuDHg25712.png','*',NULL,NULL),(674,539,'ACTUAL',885,1673,'images/media/2020/04/5t74g02911.jpg','*',NULL,NULL),(675,539,'THUMBNAIL',79,150,'images/media/2020/04/thumbnail15858260845t74g02911.jpg','*',NULL,NULL),(676,539,'MEDIUM',212,400,'images/media/2020/04/medium15858260855t74g02911.jpg','*',NULL,NULL),(677,539,'LARGE',476,900,'images/media/2020/04/large15858260855t74g02911.jpg','*',NULL,NULL),(678,540,'ACTUAL',768,1920,'images/media/2020/09/oMhJn01412.jpg','*',NULL,NULL),(679,540,'THUMBNAIL',60,150,'images/media/2020/09/thumbnail1598961863oMhJn01412.jpg','*',NULL,NULL),(680,540,'MEDIUM',160,400,'images/media/2020/09/medium1598961863oMhJn01412.jpg','*',NULL,NULL),(681,540,'LARGE',360,900,'images/media/2020/09/large1598961863oMhJn01412.jpg','*',NULL,'2020-09-01 16:04:23'),(682,541,'ACTUAL',768,1920,'images/media/2020/09/ejEki01112.jpg','*',NULL,NULL),(683,541,'THUMBNAIL',60,150,'images/media/2020/09/thumbnail1598961889ejEki01112.jpg','*',NULL,NULL),(684,541,'MEDIUM',160,400,'images/media/2020/09/medium1598961889ejEki01112.jpg','*',NULL,NULL),(685,542,'ACTUAL',768,1920,'images/media/2020/09/4vQ4P01812.jpg','*',NULL,NULL),(686,541,'LARGE',360,900,'images/media/2020/09/large1598961889ejEki01112.jpg','*',NULL,'2020-09-01 16:04:49'),(687,542,'THUMBNAIL',60,150,'images/media/2020/09/thumbnail15989618894vQ4P01812.jpg','*',NULL,NULL),(688,542,'MEDIUM',160,400,'images/media/2020/09/medium15989618894vQ4P01812.jpg','*',NULL,NULL),(689,542,'LARGE',360,900,'images/media/2020/09/large15989618894vQ4P01812.jpg','*',NULL,'2020-09-01 16:04:49'),(690,543,'ACTUAL',768,1920,'images/media/2020/09/fhaJj01512.jpg','*',NULL,NULL),(691,543,'THUMBNAIL',60,150,'images/media/2020/09/thumbnail1598961890fhaJj01512.jpg','*',NULL,NULL),(692,543,'MEDIUM',160,400,'images/media/2020/09/medium1598961890fhaJj01512.jpg','*',NULL,NULL),(693,543,'LARGE',360,900,'images/media/2020/09/large1598961890fhaJj01512.jpg','*',NULL,'2020-09-01 16:04:50'),(1034,676,'ACTUAL',318,1170,'images/media/2021/09/tuQGp02204.jpg','*',NULL,NULL),(1033,675,'ACTUAL',172,172,'images/media/2021/08/yW6nx24111.jpg','Buy winztime pencil dubai',NULL,NULL),(1035,677,'ACTUAL',318,1170,'images/media/2021/09/4mWZu02404.jpg','Win prizes in dubai',NULL,NULL),(1036,678,'ACTUAL',160,160,'images/media/2021/09/o49O902304.png','*',NULL,NULL),(1037,679,'ACTUAL',172,172,'images/media/2021/09/vpsma02804.png','Winztime gym bottle dubai',NULL,NULL),(1038,680,'ACTUAL',318,1170,'images/media/2021/09/c4Nav05402.jpg','Buy stress ball win mall voucher dubai',NULL,NULL),(1039,681,'ACTUAL',318,1170,'images/media/2021/09/UVM7s05403.jpg','Winztime Partnership with DED and Network International',NULL,NULL),(704,548,'ACTUAL',70,70,'images/media/2020/09/SPrKV15810.png','*',NULL,NULL),(705,549,'ACTUAL',70,70,'images/media/2020/09/d9LiP15910.png','*',NULL,NULL),(706,550,'ACTUAL',70,70,'images/media/2020/09/Bkudy15110.png','*',NULL,NULL),(972,644,'THUMBNAIL',19,150,'images/media/2021/05/thumbnail1622383000eASsh30905.png','*',NULL,NULL),(971,643,'THUMBNAIL',150,113,'images/media/2021/05/thumbnail1622383000GAbT930705.png','*',NULL,NULL),(970,644,'ACTUAL',26,208,'images/media/2021/05/eASsh30905.png','*',NULL,NULL),(941,630,'LARGE',425,900,'images/media/2021/05/large1622382997h4A9x30205.jpg','*',NULL,'2021-05-30 00:56:37'),(942,631,'ACTUAL',318,1172,'images/media/2021/05/LDAEh30405.jpg','*',NULL,NULL),(943,631,'THUMBNAIL',41,150,'images/media/2021/05/thumbnail1622382998LDAEh30405.jpg','*',NULL,NULL),(944,632,'ACTUAL',32,32,'images/media/2021/05/9ahXv30905.png','*',NULL,NULL),(945,631,'MEDIUM',109,400,'images/media/2021/05/medium1622382998LDAEh30405.jpg','*',NULL,NULL),(946,631,'LARGE',244,900,'images/media/2021/05/large1622382998LDAEh30405.jpg','*',NULL,'2021-05-30 00:56:38'),(947,633,'ACTUAL',510,470,'images/media/2021/05/aShfw30205.png','*',NULL,NULL),(948,633,'THUMBNAIL',150,138,'images/media/2021/05/thumbnail1622382998aShfw30205.png','*',NULL,NULL),(949,633,'MEDIUM',400,369,'images/media/2021/05/medium1622382998aShfw30205.png','*',NULL,NULL),(950,634,'ACTUAL',551,1169,'images/media/2021/05/PUpyg30605.jpg','*',NULL,NULL),(951,635,'ACTUAL',60,60,'images/media/2021/05/nxu4D30405.png','*',NULL,NULL),(952,634,'THUMBNAIL',71,150,'images/media/2021/05/thumbnail1622382999PUpyg30605.jpg','*',NULL,NULL),(953,634,'MEDIUM',189,400,'images/media/2021/05/medium1622382999PUpyg30605.jpg','*',NULL,NULL),(954,634,'LARGE',424,900,'images/media/2021/05/large1622382999PUpyg30605.jpg','*',NULL,'2021-05-30 00:56:39'),(983,650,'ACTUAL',164,240,'images/media/2021/06/yjwn328807.png','*',NULL,NULL),(982,649,'ACTUAL',164,240,'images/media/2021/06/Dxtr228907.png','*',NULL,NULL),(957,637,'ACTUAL',172,172,'images/media/2021/05/HvB3h30905.png','Winztime gym bag dubai',NULL,NULL),(958,638,'ACTUAL',172,172,'images/media/2021/05/hbue030405.png','Shop winztime skipping rope dubai',NULL,NULL),(959,637,'THUMBNAIL',150,150,'images/media/2021/05/thumbnail1622382999HvB3h30905.png','Winztime gym bag dubai',NULL,NULL),(960,638,'THUMBNAIL',150,150,'images/media/2021/05/thumbnail1622382999hbue030405.png','Shop winztime skipping rope dubai',NULL,NULL),(961,639,'ACTUAL',172,172,'images/media/2021/05/HXJpD30805.png','*',NULL,NULL),(985,650,'THUMBNAIL',103,150,'images/media/2021/06/thumbnail1624893533yjwn328807.png','*',NULL,NULL),(963,639,'THUMBNAIL',150,150,'images/media/2021/05/thumbnail1622383000HXJpD30805.png','*',NULL,NULL),(984,649,'THUMBNAIL',103,150,'images/media/2021/06/thumbnail1624893533Dxtr228907.png','*',NULL,NULL),(965,641,'ACTUAL',172,172,'images/media/2021/05/KeVGZ30305.png','Buy winztime wrist band ',NULL,NULL),(966,642,'ACTUAL',204,110,'images/media/2021/05/p53KU30905.png','*',NULL,NULL),(967,641,'THUMBNAIL',150,150,'images/media/2021/05/thumbnail1622383000KeVGZ30305.png','Buy winztime wrist band ',NULL,NULL),(968,642,'THUMBNAIL',150,81,'images/media/2021/05/thumbnail1622383000p53KU30905.png','*',NULL,NULL),(969,643,'ACTUAL',189,142,'images/media/2021/05/GAbT930705.png','*',NULL,NULL),(744,566,'ACTUAL',768,1920,'images/media/2021/02/M0stn02709.jpg','*',NULL,NULL),(745,566,'THUMBNAIL',60,150,'images/media/2021/02/thumbnail1612259951M0stn02709.jpg','*',NULL,NULL),(746,566,'MEDIUM',160,400,'images/media/2021/02/medium1612259952M0stn02709.jpg','*',NULL,NULL),(747,566,'LARGE',360,900,'images/media/2021/02/large1612259952M0stn02709.jpg','*',NULL,'2021-02-02 14:59:12'),(757,570,'ACTUAL',600,600,'images/media/2021/02/IzIjT18612.jpg','*',NULL,NULL),(758,570,'THUMBNAIL',150,150,'images/media/2021/02/thumbnail1613651395IzIjT18612.jpg','*',NULL,NULL),(759,570,'MEDIUM',400,400,'images/media/2021/02/medium1613651395IzIjT18612.jpg','*',NULL,NULL),(928,627,'ACTUAL',330,1090,'images/media/2021/05/ewfXD24212.png','*',NULL,NULL),(929,627,'THUMBNAIL',45,150,'images/media/2021/05/thumbnail1621845441ewfXD24212.png','*',NULL,NULL),(930,627,'MEDIUM',121,400,'images/media/2021/05/medium1621845441ewfXD24212.png','*',NULL,NULL),(931,627,'LARGE',272,900,'images/media/2021/05/large1621845441ewfXD24212.png','*',NULL,'2021-05-24 07:37:21'),(932,628,'ACTUAL',318,1172,'images/media/2021/05/OSUZI24106.jpg','*',NULL,NULL),(933,628,'THUMBNAIL',41,150,'images/media/2021/05/thumbnail1621866479OSUZI24106.jpg','*',NULL,NULL),(934,628,'MEDIUM',109,400,'images/media/2021/05/medium1621866479OSUZI24106.jpg','*',NULL,NULL),(935,628,'LARGE',244,900,'images/media/2021/05/large1621866479OSUZI24106.jpg','*',NULL,'2021-05-24 01:27:59'),(973,645,'ACTUAL',602,545,'images/media/2021/05/Ne7Vg30605.png','*',NULL,NULL),(974,646,'ACTUAL',300,300,'images/media/2021/05/ZGTCm30705.png','*',NULL,NULL),(975,646,'THUMBNAIL',150,150,'images/media/2021/05/thumbnail1622383001ZGTCm30705.png','*',NULL,NULL),(976,645,'THUMBNAIL',150,136,'images/media/2021/05/thumbnail1622383001Ne7Vg30605.png','*',NULL,NULL),(977,645,'MEDIUM',400,362,'images/media/2021/05/medium1622383001Ne7Vg30605.png','*',NULL,NULL),(978,648,'ACTUAL',172,172,'images/media/2021/05/j2u0g31509.png','Buy winztime purple gym towel ',NULL,NULL),(979,647,'ACTUAL',172,172,'images/media/2021/05/coYnP31909.png','Shop winztime anti stress ball',NULL,NULL),(980,648,'THUMBNAIL',150,150,'images/media/2021/05/thumbnail1622440346j2u0g31509.png','Buy winztime purple gym towel ',NULL,NULL),(981,647,'THUMBNAIL',150,150,'images/media/2021/05/thumbnail1622440346coYnP31909.png','Shop winztime anti stress ball',NULL,NULL),(986,651,'ACTUAL',164,240,'images/media/2021/06/L26Aq28307.png','*',NULL,NULL),(987,651,'THUMBNAIL',103,150,'images/media/2021/06/thumbnail1624893534L26Aq28307.png','*',NULL,NULL),(988,652,'ACTUAL',164,240,'images/media/2021/06/nQ7xm28207.png','*',NULL,NULL),(989,652,'THUMBNAIL',103,150,'images/media/2021/06/thumbnail1624893534nQ7xm28207.png','*',NULL,NULL),(990,653,'ACTUAL',164,240,'images/media/2021/06/qMaId28407.png','*',NULL,NULL),(991,654,'ACTUAL',164,240,'images/media/2021/06/Ti0e828907.png','*',NULL,NULL),(992,653,'THUMBNAIL',103,150,'images/media/2021/06/thumbnail1624893534qMaId28407.png','*',NULL,NULL),(993,654,'THUMBNAIL',103,150,'images/media/2021/06/thumbnail1624893534Ti0e828907.png','*',NULL,NULL),(994,655,'ACTUAL',172,172,'images/media/2021/07/hWkh401912.png','Shop winztime gym towel dubai',NULL,NULL),(995,655,'THUMBNAIL',150,150,'images/media/2021/07/thumbnail1625128732hWkh401912.png','Shop winztime gym towel dubai',NULL,NULL),(1022,664,'ACTUAL',318,1170,'images/media/2021/07/CaTF606503.jpg','*',NULL,NULL),(1023,665,'ACTUAL',318,1170,'images/media/2021/07/ZagNy06503.jpg','*',NULL,NULL),(1024,666,'ACTUAL',318,1170,'images/media/2021/07/Zr1nw06103.png','Win Iphone13 pro in Dubai',NULL,NULL),(1030,672,'ACTUAL',160,160,'images/media/2021/08/JUuFx24310.jpg','*',NULL,NULL),(1026,668,'ACTUAL',318,1170,'images/media/2021/07/YP20406903.jpg','*',NULL,NULL),(1027,669,'ACTUAL',318,1170,'images/media/2021/07/I5ZTI06703.jpg','*',NULL,NULL),(1028,670,'ACTUAL',318,1170,'images/media/2021/07/UY3aH06303.jpg','*',NULL,NULL),(1021,663,'ACTUAL',510,470,'images/media/2021/07/tVllU05905.png','*',NULL,NULL),(1040,682,'ACTUAL',1080,1080,'images/media/2021/10/wtwWr21303.jpg','Winztime Airpods Winner Kumar Thapa',NULL,NULL),(1041,682,'THUMBNAIL',150,150,'images/media/2021/10/thumbnail1634817409wtwWr21303.jpg','Winztime Airpods Winner Kumar Thapa',NULL,NULL),(1042,682,'MEDIUM',400,400,'images/media/2021/10/medium1634817409wtwWr21303.jpg','Winztime Airpods Winner Kumar Thapa',NULL,NULL),(1043,682,'LARGE',900,900,'images/media/2021/10/large1634817409wtwWr21303.jpg','Winztime Airpods Winner Kumar Thapa',NULL,'2021-10-21 03:56:49'),(1044,683,'ACTUAL',273,247,'images/media/2021/10/xKQNy21503.jpg','*',NULL,NULL),(1045,683,'THUMBNAIL',150,136,'images/media/2021/10/thumbnail1634817459xKQNy21503.jpg','*',NULL,NULL),(1046,684,'ACTUAL',164,240,'images/media/2021/10/unudi21404.png','Winztime Samsung S21 Winner Sheheryar Alam',NULL,NULL),(1047,685,'ACTUAL',273,247,'images/media/2021/10/HADVl21204.jpg','Winztime Skydiving Voucher winner Nikhil Shetty',NULL,NULL),(1048,684,'THUMBNAIL',103,150,'images/media/2021/10/thumbnail1634817696unudi21404.png','Winztime Samsung S21 Winner Sheheryar Alam',NULL,NULL),(1049,685,'THUMBNAIL',150,136,'images/media/2021/10/thumbnail1634817696HADVl21204.jpg','Winztime Skydiving Voucher winner Nikhil Shetty',NULL,NULL),(1050,686,'ACTUAL',273,247,'images/media/2021/10/tFlwg21304.jpg','Winztime Mall Voucher winner Noureen Bilal',NULL,NULL),(1051,687,'ACTUAL',273,247,'images/media/2021/10/EChBR21104.jpg','Winztime Mall Voucher winner Dhara Trivedi',NULL,NULL),(1052,686,'THUMBNAIL',150,136,'images/media/2021/10/thumbnail1634817696tFlwg21304.jpg','Winztime Mall Voucher winner Noureen Bilal',NULL,NULL),(1053,687,'THUMBNAIL',150,136,'images/media/2021/10/thumbnail1634817696EChBR21104.jpg','Winztime Mall Voucher winner Dhara Trivedi',NULL,NULL),(1054,688,'ACTUAL',273,247,'images/media/2021/10/p6sTF21604.jpg','Winztime Mall Voucher winner Tarun Kumar',NULL,NULL),(1055,689,'ACTUAL',273,247,'images/media/2021/10/rq9CN21904.jpg','Winztime Mall Voucher winner Suruchi',NULL,NULL),(1056,688,'THUMBNAIL',150,136,'images/media/2021/10/thumbnail1634817697p6sTF21604.jpg','Winztime Mall Voucher winner Tarun Kumar',NULL,NULL),(1057,689,'THUMBNAIL',150,136,'images/media/2021/10/thumbnail1634817697rq9CN21904.jpg','Winztime Mall Voucher winner Suruchi',NULL,NULL),(1058,690,'ACTUAL',273,247,'images/media/2021/10/Taer221204.jpg','Winztime Mall Voucher winner Nimma Kanchandani',NULL,NULL),(1059,691,'ACTUAL',273,247,'images/media/2021/10/6mlTf21104.jpg','Winztime Mall Voucher winner Namita Suri',NULL,NULL),(1060,690,'THUMBNAIL',150,136,'images/media/2021/10/thumbnail1634817697Taer221204.jpg','Winztime Mall Voucher winner Nimma Kanchandani',NULL,NULL),(1061,691,'THUMBNAIL',150,136,'images/media/2021/10/thumbnail16348176976mlTf21104.jpg','Winztime Mall Voucher winner Namita Suri',NULL,NULL),(1062,692,'ACTUAL',273,247,'images/media/2021/10/m1Rkx21604.jpg','Winztime Mall Voucher winner Amal Beevi',NULL,NULL),(1063,692,'THUMBNAIL',150,136,'images/media/2021/10/thumbnail1634817697m1Rkx21604.jpg','Winztime Mall Voucher winner Amal Beevi',NULL,NULL),(1064,693,'ACTUAL',2000,2000,'images/media/2021/10/0vDQu21304.png','Winztime Airpods Winner Vipin Mahesh',NULL,NULL),(1065,693,'THUMBNAIL',150,150,'images/media/2021/10/thumbnail16348176980vDQu21304.png','Winztime Airpods Winner Vipin Mahesh',NULL,NULL),(1066,693,'MEDIUM',400,400,'images/media/2021/10/medium16348176980vDQu21304.png','Winztime Airpods Winner Vipin Mahesh',NULL,NULL),(1067,693,'LARGE',900,900,'images/media/2021/10/large16348176990vDQu21304.png','Winztime Airpods Winner Vipin Mahesh',NULL,'2021-10-21 04:01:39'),(1068,694,'ACTUAL',273,247,'images/media/2021/10/VjcID21404.jpg','Winztime Mall Voucher winner Jhomar Bagood',NULL,NULL),(1069,694,'THUMBNAIL',150,136,'images/media/2021/10/thumbnail1634818173VjcID21404.jpg','Winztime Mall Voucher winner Jhomar Bagood',NULL,NULL),(1070,695,'ACTUAL',273,247,'images/media/2021/10/TZeDr21604.jpg','Winztime AED 10,000 Gold Winner Hira Razzak',NULL,NULL),(1071,695,'THUMBNAIL',150,136,'images/media/2021/10/thumbnail1634818273TZeDr21604.jpg','Winztime AED 10,000 Gold Winner Hira Razzak',NULL,NULL),(1072,696,'ACTUAL',1280,1280,'images/media/2021/10/QsgtX21804.jpeg','*',NULL,NULL),(1073,696,'THUMBNAIL',150,150,'images/media/2021/10/thumbnail1634820081QsgtX21804.jpeg','*',NULL,NULL),(1074,696,'MEDIUM',400,400,'images/media/2021/10/medium1634820081QsgtX21804.jpeg','*',NULL,NULL),(1075,696,'LARGE',900,900,'images/media/2021/10/large1634820081QsgtX21804.jpeg','*',NULL,'2021-10-21 04:41:21'),(1076,697,'ACTUAL',670,1024,'images/media/2021/11/oXmQv08804.jpeg','*',NULL,NULL),(1077,697,'THUMBNAIL',98,150,'images/media/2021/11/thumbnail1636374788oXmQv08804.jpeg','*',NULL,NULL),(1078,697,'MEDIUM',262,400,'images/media/2021/11/medium1636374788oXmQv08804.jpeg','*',NULL,NULL),(1079,697,'LARGE',589,900,'images/media/2021/11/large1636374788oXmQv08804.jpeg','*',NULL,'2021-11-08 04:33:08'),(1080,698,'ACTUAL',1080,1080,'images/media/2021/11/ngmGg11902.jpg','*',NULL,NULL),(1081,698,'THUMBNAIL',150,150,'images/media/2021/11/thumbnail1636624998ngmGg11902.jpg','*',NULL,NULL),(1082,698,'MEDIUM',400,400,'images/media/2021/11/medium1636624998ngmGg11902.jpg','*',NULL,NULL),(1083,698,'LARGE',900,900,'images/media/2021/11/large1636624998ngmGg11902.jpg','*',NULL,'2021-11-11 02:03:18'),(1084,699,'ACTUAL',1080,1080,'images/media/2021/11/Ss4uo12709.png','*',NULL,NULL),(1085,699,'THUMBNAIL',150,150,'images/media/2021/11/thumbnail1636696643Ss4uo12709.png','*',NULL,NULL),(1086,699,'MEDIUM',400,400,'images/media/2021/11/medium1636696643Ss4uo12709.png','*',NULL,NULL),(1087,700,'ACTUAL',1080,1080,'images/media/2021/11/rwqhQ12710.jpg','*',NULL,NULL),(1088,700,'THUMBNAIL',150,150,'images/media/2021/11/thumbnail1636698632rwqhQ12710.jpg','*',NULL,NULL),(1089,700,'MEDIUM',400,400,'images/media/2021/11/medium1636698632rwqhQ12710.jpg','*',NULL,NULL),(1090,700,'LARGE',900,900,'images/media/2021/11/large1636698632rwqhQ12710.jpg','*',NULL,'2021-11-12 10:30:32'),(1091,701,'ACTUAL',1080,1080,'images/media/2021/11/KyLdJ14703.jpg','*',NULL,NULL),(1092,701,'THUMBNAIL',150,150,'images/media/2021/11/thumbnail1636889258KyLdJ14703.jpg','*',NULL,NULL),(1093,701,'MEDIUM',400,400,'images/media/2021/11/medium1636889258KyLdJ14703.jpg','*',NULL,NULL),(1094,701,'LARGE',900,900,'images/media/2021/11/large1636889259KyLdJ14703.jpg','*',NULL,'2021-11-14 03:27:39');
/*!40000 ALTER TABLE `image_categories` ENABLE KEYS */;
UNLOCK TABLES;

--
-- Table structure for table `images`
--

DROP TABLE IF EXISTS `images`;
/*!40101 SET @saved_cs_client     = @@character_set_client */;
/*!40101 SET character_set_client = utf8 */;
CREATE TABLE `images` (
  `id` int(10) unsigned NOT NULL AUTO_INCREMENT,
  `name` varchar(191) COLLATE utf8mb4_unicode_ci NOT NULL,
  `user_id` int(11) NOT NULL,
  `deleted_at` timestamp NULL DEFAULT NULL,
  `created_at` timestamp NULL DEFAULT NULL,
  `updated_at` timestamp NULL DEFAULT NULL,
  PRIMARY KEY (`id`)
) ENGINE=MyISAM AUTO_INCREMENT=702 DEFAULT CHARSET=utf8mb4 COLLATE=utf8mb4_unicode_ci;
/*!40101 SET character_set_client = @saved_cs_client */;

--
-- Dumping data for table `images`
--

LOCK TABLES `images` WRITE;
/*!40000 ALTER TABLE `images` DISABLE KEYS */;
INSERT INTO `images` VALUES (1,'IbHQO10809.jpg',1,NULL,NULL,NULL),(3,'XUF1110211.png',1,NULL,NULL,NULL),(4,'0S9Uj10711.png',1,NULL,NULL,NULL),(5,'49YbL10411.png',1,NULL,NULL,NULL),(6,'CaFTE08806.png',1,NULL,NULL,NULL),(7,'VMd4l08506.png',1,NULL,NULL,NULL),(8,'VYuRY08406.png',1,NULL,NULL,NULL),(9,'6whCt08506.jpg',1,NULL,NULL,NULL),(10,'WJUPV08506.jpg',1,NULL,NULL,NULL),(11,'e7eWv08306.jpg',1,NULL,NULL,NULL),(12,'Yit5K08206.jpg',1,NULL,NULL,NULL),(13,'btHwa08706.jpg',1,NULL,NULL,NULL),(14,'YMYem08206.jpg',1,NULL,NULL,NULL),(15,'UGx6208106.jpg',1,NULL,NULL,NULL),(16,'bxnJY08206.jpg',1,NULL,NULL,NULL),(17,'Lzysd08606.jpg',1,NULL,NULL,NULL),(18,'iOCyM08406.jpg',1,NULL,NULL,NULL),(19,'nKtCS10408.jpg',1,NULL,NULL,NULL),(20,'1rpGI10408.jpg',1,NULL,NULL,NULL),(21,'fuZZQ10908.jpg',1,NULL,NULL,NULL),(22,'nFwns10208.jpg',1,NULL,NULL,NULL),(23,'S7egL10508.jpg',1,NULL,NULL,NULL),(24,'6HK8810808.jpg',1,NULL,NULL,NULL),(25,'lHhLc10508.jpg',1,NULL,NULL,NULL),(26,'FAQXJ10808.jpg',1,NULL,NULL,NULL),(27,'qeaXb10708.jpg',1,NULL,NULL,NULL),(28,'pc7OR10108.jpg',1,NULL,NULL,NULL),(29,'4iGAB10408.jpg',1,NULL,NULL,NULL),(30,'MImPw10908.jpg',1,NULL,NULL,NULL),(31,'X2FFc10408.jpg',1,NULL,NULL,NULL),(32,'RDy6w10209.jpg',1,NULL,NULL,NULL),(33,'BD0pB10609.jpg',1,NULL,NULL,NULL),(34,'TiZmT10609.jpg',1,NULL,NULL,NULL),(35,'gvSzZ10609.jpg',1,NULL,NULL,NULL),(36,'ZskKH10209.jpg',1,NULL,NULL,NULL),(37,'HHMIU10209.jpg',1,NULL,NULL,NULL),(38,'i6m8Y10109.jpg',1,NULL,NULL,NULL),(39,'G5JbM10109.jpg',1,NULL,NULL,NULL),(40,'lDYLZ10109.jpg',1,NULL,NULL,NULL),(41,'a9gid10810.jpg',1,NULL,NULL,NULL),(42,'FBsl810310.jpg',1,NULL,NULL,NULL),(43,'TQHh910310.jpg',1,NULL,NULL,NULL),(44,'KdvHm10610.jpg',1,NULL,NULL,NULL),(45,'CSPTw10810.jpg',1,NULL,NULL,NULL),(46,'w1bCe10710.jpg',1,NULL,NULL,NULL),(47,'Jn03g10811.jpg',1,NULL,NULL,NULL),(48,'UD1eE10411.jpg',1,NULL,NULL,NULL),(49,'nFx9F10711.jpg',1,NULL,NULL,NULL),(50,'ZKyEe10811.jpg',1,NULL,NULL,NULL),(51,'YVab810211.jpg',1,NULL,NULL,NULL),(52,'UJELm10511.jpg',1,NULL,NULL,NULL),(53,'JrqCh10411.jpg',1,NULL,NULL,NULL),(54,'gwULS10411.jpg',1,NULL,NULL,NULL),(55,'PWvbj10711.jpg',1,NULL,NULL,NULL),(56,'mU1fw10111.jpg',1,NULL,NULL,NULL),(57,'sUXLY10711.jpg',1,NULL,NULL,NULL),(58,'t2tHr10911.jpg',1,NULL,NULL,NULL),(59,'grG9M10611.jpg',1,NULL,NULL,NULL),(60,'nCUtL10811.jpg',1,NULL,NULL,NULL),(61,'Im3MP10612.jpg',1,NULL,NULL,NULL),(62,'L2KRw10412.jpg',1,NULL,NULL,NULL),(63,'bfwnd10612.jpg',1,NULL,NULL,NULL),(64,'ZGVQ310912.png',1,NULL,NULL,NULL),(65,'IVJos10612.png',1,NULL,NULL,NULL),(66,'K0RzI10912.png',1,NULL,NULL,NULL),(67,'GMndX10212.png',1,NULL,NULL,NULL),(68,'92UoU10912.png',1,NULL,NULL,NULL),(69,'R913310312.png',1,NULL,NULL,NULL),(70,'Sq0yK10912.png',1,NULL,NULL,NULL),(71,'Ytqae10412.png',1,NULL,NULL,NULL),(72,'A0KBI10412.png',1,NULL,NULL,NULL),(73,'f5l5x10612.png',1,NULL,NULL,NULL),(74,'T5v1s10612.png',1,NULL,NULL,NULL),(75,'nyisU10112.png',1,NULL,NULL,NULL),(76,'UioPp10612.png',1,NULL,NULL,NULL),(77,'Xx8nL10712.png',1,NULL,NULL,NULL),(78,'iKgxC10712.png',1,NULL,NULL,NULL),(79,'IocF910112.png',1,NULL,NULL,NULL),(80,'X3byA10112.png',1,NULL,NULL,NULL),(81,'1o0wF10812.png',1,NULL,NULL,NULL),(82,'VODK910712.png',1,NULL,NULL,NULL),(257,'A1S9C19708.png',1,NULL,NULL,NULL),(258,'IhmdY19708.jpg',1,NULL,NULL,NULL),(259,'20nV819208.png',1,NULL,NULL,NULL),(260,'3DDqm19808.jpg',1,NULL,NULL,NULL),(261,'Ma53619508.png',1,NULL,NULL,NULL),(262,'1N5lx19108.jpg',1,NULL,NULL,NULL),(263,'m67vJ19608.jpg',1,NULL,NULL,NULL),(264,'onxBS19208.png',1,NULL,NULL,NULL),(265,'Epkb419908.png',1,NULL,NULL,NULL),(266,'yq7Uj19908.jpg',1,NULL,NULL,NULL),(267,'4Cg3c19608.png',1,NULL,NULL,NULL),(268,'cXJMf19808.jpg',1,NULL,NULL,NULL),(269,'0hsWz19508.png',1,NULL,NULL,NULL),(270,'0PIiD19808.jpg',1,NULL,NULL,NULL),(271,'ldLJf19208.png',1,NULL,NULL,NULL),(272,'jRHM719108.jpg',1,NULL,NULL,NULL),(273,'I1gzM19408.png',1,NULL,NULL,NULL),(274,'JCyV619708.jpg',1,NULL,NULL,NULL),(275,'HVCxT19108.png',1,NULL,NULL,NULL),(276,'PLELY19408.jpg',1,NULL,NULL,NULL),(277,'BoeDL19408.png',1,NULL,NULL,NULL),(278,'CLmuf19708.jpg',1,NULL,NULL,NULL),(279,'ZVy6T19808.jpg',1,NULL,NULL,NULL),(280,'wYb7s19908.png',1,NULL,NULL,NULL),(281,'XdnOS19308.png',1,NULL,NULL,NULL),(282,'jdXhv19208.jpg',1,NULL,NULL,NULL),(283,'4LFTq19608.png',1,NULL,NULL,NULL),(284,'KbJoX19608.jpg',1,NULL,NULL,NULL),(285,'3YJgr19308.png',1,NULL,NULL,NULL),(286,'sDlxw19408.jpg',1,NULL,NULL,NULL),(287,'LXeLb19908.jpg',1,NULL,NULL,NULL),(288,'uhwNl19708.jpg',1,NULL,NULL,NULL),(289,'A8tpH19408.jpg',1,NULL,NULL,NULL),(290,'i0ux819508.jpg',1,NULL,NULL,NULL),(291,'WqoFo19208.jpg',1,NULL,NULL,NULL),(292,'AHbI419308.jpg',1,NULL,NULL,NULL),(293,'a455C19308.jpg',1,NULL,NULL,NULL),(294,'wPXR419508.jpg',1,NULL,NULL,NULL),(295,'yiOVx19908.jpg',1,NULL,NULL,NULL),(296,'xoOJv19608.jpg',1,NULL,NULL,NULL),(297,'MfQ4H19108.jpg',1,NULL,NULL,NULL),(298,'Ldxgn19609.jpg',1,NULL,NULL,NULL),(299,'EH8cD19409.jpg',1,NULL,NULL,NULL),(300,'9j0ay19709.jpg',1,NULL,NULL,NULL),(301,'pCDlz19109.jpg',1,NULL,NULL,NULL),(302,'9xygZ19809.jpg',1,NULL,NULL,NULL),(303,'DSMOD19709.jpg',1,NULL,NULL,NULL),(304,'ORnu519309.jpg',1,NULL,NULL,NULL),(305,'aOtwc19909.jpg',1,NULL,NULL,NULL),(306,'6YsTj19909.jpg',1,NULL,NULL,NULL),(307,'mXDLS19409.jpg',1,NULL,NULL,NULL),(308,'OT0oU19309.jpg',1,NULL,NULL,NULL),(309,'dgrQM19109.jpg',1,NULL,NULL,NULL),(310,'pwD0319609.jpg',1,NULL,NULL,NULL),(311,'toR1u19909.jpg',1,NULL,NULL,NULL),(312,'DkrSs19810.jpg',1,NULL,NULL,NULL),(313,'g6Owy19810.jpg',1,NULL,NULL,NULL),(314,'KnBr519710.jpg',1,NULL,NULL,NULL),(315,'TWvJK19410.jpg',1,NULL,NULL,NULL),(316,'7LsVG19310.jpg',1,NULL,NULL,NULL),(317,'YLMOh19210.jpg',1,NULL,NULL,NULL),(318,'0kXac19210.jpg',1,NULL,NULL,NULL),(319,'tJqpf19810.jpg',1,NULL,NULL,NULL),(320,'WCd6y19910.jpg',1,NULL,NULL,NULL),(321,'O4Zbk19710.jpg',1,NULL,NULL,NULL),(322,'JUSJa19210.jpg',1,NULL,NULL,NULL),(323,'n4Gmy19810.jpg',1,NULL,NULL,NULL),(324,'8mjRf19210.jpg',1,NULL,NULL,NULL),(325,'I4Pux19210.jpg',1,NULL,NULL,NULL),(326,'0sKGd19310.jpg',1,NULL,NULL,NULL),(327,'l1xuY19110.jpg',1,NULL,NULL,NULL),(328,'9LpEr19110.jpg',1,NULL,NULL,NULL),(329,'nsvRx19410.jpg',1,NULL,NULL,NULL),(330,'7n3HJ19410.jpg',1,NULL,NULL,NULL),(331,'vx6QW19610.jpg',1,NULL,NULL,NULL),(332,'e8tKu19210.jpg',1,NULL,NULL,NULL),(333,'iDMNz19310.jpg',1,NULL,NULL,NULL),(334,'doDBr19210.jpg',1,NULL,NULL,NULL),(335,'b4lEc19910.jpg',1,NULL,NULL,NULL),(336,'Xwlth19610.jpg',1,NULL,NULL,NULL),(337,'luQnk19210.jpg',1,NULL,NULL,NULL),(338,'6h8UU19710.jpg',1,NULL,NULL,NULL),(339,'viEGg19911.jpg',1,NULL,NULL,NULL),(340,'2Ggn319911.jpg',1,NULL,NULL,NULL),(341,'m0yNj19911.jpg',1,NULL,NULL,NULL),(342,'Dzd2519111.jpg',1,NULL,NULL,NULL),(343,'1ig7319811.jpg',1,NULL,NULL,NULL),(344,'iTQ7j19211.jpg',1,NULL,NULL,NULL),(345,'TSTeu19611.jpg',1,NULL,NULL,NULL),(346,'72L9l19911.jpg',1,NULL,NULL,NULL),(347,'mWix319411.jpg',1,NULL,NULL,NULL),(348,'hi3PN19511.jpg',1,NULL,NULL,NULL),(349,'i8sDd19911.jpg',1,NULL,NULL,NULL),(350,'phUDg19511.jpg',1,NULL,NULL,NULL),(351,'3jHHY19511.jpg',1,NULL,NULL,NULL),(352,'9fyvN19411.jpg',1,NULL,NULL,NULL),(353,'HxGza19611.jpg',1,NULL,NULL,NULL),(354,'nJ44l19411.jpg',1,NULL,NULL,NULL),(355,'nQlqE19511.jpg',1,NULL,NULL,NULL),(356,'swNSy19911.jpg',1,NULL,NULL,NULL),(357,'sMdMm19611.jpg',1,NULL,NULL,NULL),(358,'mr5Yt19211.jpg',1,NULL,NULL,NULL),(359,'cbPj519211.jpg',1,NULL,NULL,NULL),(360,'csgAQ19111.jpg',1,NULL,NULL,NULL),(361,'rfEnb19911.jpg',1,NULL,NULL,NULL),(362,'52rY219211.jpg',1,NULL,NULL,NULL),(363,'YvzxH19111.jpg',1,NULL,NULL,NULL),(364,'36jAr19511.jpg',1,NULL,NULL,NULL),(365,'0Ygma19611.jpg',1,NULL,NULL,NULL),(366,'z3bmL19111.jpg',1,NULL,NULL,NULL),(367,'yPQ6h19111.jpg',1,NULL,NULL,NULL),(368,'I8Kak19711.jpg',1,NULL,NULL,NULL),(369,'3P1Yv19211.jpg',1,NULL,NULL,NULL),(370,'FMst219511.jpg',1,NULL,NULL,NULL),(371,'MwDiB19411.jpg',1,NULL,NULL,NULL),(372,'T5YSn19111.jpg',1,NULL,NULL,NULL),(373,'XxPsZ19411.jpg',1,NULL,NULL,NULL),(374,'FCnb919311.jpg',1,NULL,NULL,NULL),(375,'j7Tq119211.jpg',1,NULL,NULL,NULL),(376,'2WDAU19811.jpg',1,NULL,NULL,NULL),(377,'JoP4W19611.jpg',1,NULL,NULL,NULL),(378,'3MBuE19511.jpg',1,NULL,NULL,NULL),(379,'3Z4tF19611.jpg',1,NULL,NULL,NULL),(380,'boehz19211.jpg',1,NULL,NULL,NULL),(381,'nb2iB19311.jpg',1,NULL,NULL,NULL),(382,'N9rcj19811.jpg',1,NULL,NULL,NULL),(383,'qbKF719611.jpg',1,NULL,NULL,NULL),(384,'J2XYc19411.jpg',1,NULL,NULL,NULL),(385,'OAQ7919311.jpg',1,NULL,NULL,NULL),(386,'AHkbG19811.jpg',1,NULL,NULL,NULL),(387,'LRiDA19411.jpg',1,NULL,NULL,NULL),(388,'QWlDN19611.jpg',1,NULL,NULL,NULL),(389,'VEodV19811.jpg',1,NULL,NULL,NULL),(390,'mjyBU19111.jpg',1,NULL,NULL,NULL),(391,'QL8Lj19911.jpg',1,NULL,NULL,NULL),(392,'Ticne19811.jpg',1,NULL,NULL,NULL),(393,'1sjR619111.jpg',1,NULL,NULL,NULL),(394,'cv1rs19611.jpg',1,NULL,NULL,NULL),(395,'MVmBl19211.jpg',1,NULL,NULL,NULL),(396,'TLetF19511.jpg',1,NULL,NULL,NULL),(397,'XMnpu19311.jpg',1,NULL,NULL,NULL),(398,'WbV9019511.jpg',1,NULL,NULL,NULL),(399,'U01j519111.jpg',1,NULL,NULL,NULL),(400,'AEP0C19311.jpg',1,NULL,NULL,NULL),(401,'n9FE219911.jpg',1,NULL,NULL,NULL),(402,'CEOYM19611.jpg',1,NULL,NULL,NULL),(403,'VHCwl19811.jpg',1,NULL,NULL,NULL),(404,'dMNk819711.jpg',1,NULL,NULL,NULL),(405,'64a7R19711.jpg',1,NULL,NULL,NULL),(406,'v3tvW19111.jpg',1,NULL,NULL,NULL),(407,'5PC3y19811.jpg',1,NULL,NULL,NULL),(408,'U3hD619711.jpg',1,NULL,NULL,NULL),(409,'EbCku19411.jpg',1,NULL,NULL,NULL),(410,'kWSbk19511.jpg',1,NULL,NULL,NULL),(411,'LIhLe19311.jpg',1,NULL,NULL,NULL),(412,'K7HHF19111.jpg',1,NULL,NULL,NULL),(413,'4sd9A19111.jpg',1,NULL,NULL,NULL),(414,'HmhjH19711.jpg',1,NULL,NULL,NULL),(415,'lCzZV19811.jpg',1,NULL,NULL,NULL),(416,'MgCKq19711.jpg',1,NULL,NULL,NULL),(417,'ol2sB24311.jpg',1,NULL,NULL,NULL),(418,'NySmM24311.jpg',1,NULL,NULL,NULL),(419,'5xN6v24411.jpg',1,NULL,NULL,NULL),(420,'CWYQi24511.jpg',1,NULL,NULL,NULL),(421,'laefk24511.jpg',1,NULL,NULL,NULL),(422,'6ykQ424511.jpg',1,NULL,NULL,NULL),(423,'BAG2K24312.jpg',1,NULL,NULL,NULL),(424,'wG9GE24612.jpg',1,NULL,NULL,NULL),(425,'iRgnE25611.png',1,NULL,NULL,NULL),(426,'ifpU725811.jpg',1,NULL,NULL,NULL),(427,'rzdmu25612.png',1,NULL,NULL,NULL),(428,'uNZd125612.png',1,NULL,NULL,NULL),(430,'blSUS27710.jpg',1,NULL,NULL,NULL),(431,'vURED27710.jpg',1,NULL,NULL,NULL),(432,'Ft15D27610.jpg',1,NULL,NULL,NULL),(433,'ILNqR27110.jpg',1,NULL,NULL,NULL),(434,'oSENw27310.jpg',1,NULL,NULL,NULL),(435,'g96za27410.jpg',1,NULL,NULL,NULL),(436,'yVA2Q27110.jpg',1,NULL,NULL,NULL),(437,'vDsMN27610.jpg',1,NULL,NULL,NULL),(438,'rL6XQ27310.jpg',1,NULL,NULL,NULL),(439,'A1s7V27110.jpg',1,NULL,NULL,NULL),(440,'mo6Yk27410.jpg',1,NULL,NULL,NULL),(441,'cUhfM27110.jpg',1,NULL,NULL,NULL),(442,'8EBLr27610.jpg',1,NULL,NULL,NULL),(443,'c449I27810.jpg',1,NULL,NULL,NULL),(444,'reUJM27310.jpg',1,NULL,NULL,NULL),(445,'ciRFe27710.jpg',1,NULL,NULL,NULL),(446,'2nx0h27410.jpg',1,NULL,NULL,NULL),(447,'CLA2s27610.jpg',1,NULL,NULL,NULL),(448,'qotAc27710.jpg',1,NULL,NULL,NULL),(449,'souUX27810.jpg',1,NULL,NULL,NULL),(450,'z3Qtc27512.png',1,NULL,NULL,NULL),(451,'y74yW01108.jpg',1,NULL,NULL,NULL),(452,'gTr9301908.jpg',1,NULL,NULL,NULL),(453,'4A9AD01801.jpg',1,NULL,NULL,NULL),(454,'ZPmjN01301.jpg',1,NULL,NULL,NULL),(455,'ypwlO01601.jpg',1,NULL,NULL,NULL),(456,'YAaqM01901.jpg',1,NULL,NULL,NULL),(457,'LTvGM01301.jpg',1,NULL,NULL,NULL),(458,'8zBL302407.png',1,NULL,NULL,NULL),(459,'kzLG219201.jpg',1,NULL,NULL,NULL),(460,'4wDb519601.jpg',1,NULL,NULL,NULL),(461,'roLuh19801.jpg',1,NULL,NULL,NULL),(462,'7OI5e19501.jpg',1,NULL,NULL,NULL),(463,'SHVFB19501.jpg',1,NULL,NULL,NULL),(464,'dn1K219901.jpg',1,NULL,NULL,NULL),(495,'jzm9Z19603.jpg',1,NULL,NULL,NULL),(494,'JiDWS19303.jpg',1,NULL,NULL,NULL),(493,'VXmx319303.jpg',1,NULL,NULL,NULL),(492,'7zlLI19903.jpg',1,NULL,NULL,NULL),(491,'U361f19603.jpg',1,NULL,NULL,NULL),(490,'IjJ4x19202.jpg',1,NULL,NULL,NULL),(489,'aqK6Q19402.jpg',1,NULL,NULL,NULL),(488,'Apd1i19902.jpg',1,NULL,NULL,NULL),(487,'e8Uh519302.jpg',1,NULL,NULL,NULL),(486,'sQWL719202.jpg',1,NULL,NULL,NULL),(485,'i0UZO19402.jpg',1,NULL,NULL,NULL),(484,'gt4aI19102.jpg',1,NULL,NULL,NULL),(483,'RE0II19402.jpg',1,NULL,NULL,NULL),(496,'ZGQzk20811.jpg',1,NULL,NULL,NULL),(497,'NpNrm20611.jpg',1,NULL,NULL,NULL),(498,'XPgIC20911.jpg',1,NULL,NULL,NULL),(499,'VmtxP20911.jpg',1,NULL,NULL,NULL),(500,'QAdqa20111.jpg',1,NULL,NULL,NULL),(501,'wQGHA20911.jpg',1,NULL,NULL,NULL),(502,'R0yLD20611.jpg',1,NULL,NULL,NULL),(503,'GKLNM20111.jpg',1,NULL,NULL,NULL),(504,'zm4sn20811.jpg',1,NULL,NULL,NULL),(505,'ug42t20411.jpg',1,NULL,NULL,NULL),(506,'21hNs20511.jpg',1,NULL,NULL,NULL),(507,'cgm7r20911.jpg',1,NULL,NULL,NULL),(508,'BdrR320111.jpg',1,NULL,NULL,NULL),(509,'228jM20511.jpg',1,NULL,NULL,NULL),(510,'L1lXk20111.jpg',1,NULL,NULL,NULL),(511,'GrSV020311.jpg',1,NULL,NULL,NULL),(512,'gOyKf20211.jpg',1,NULL,NULL,NULL),(513,'fj2pW20711.jpg',1,NULL,NULL,NULL),(514,'8pXSd20211.jpg',1,NULL,NULL,NULL),(515,'dMGvd20411.jpg',1,NULL,NULL,NULL),(516,'6DbzH20711.jpg',1,NULL,NULL,NULL),(517,'2lM7y20211.jpg',1,NULL,NULL,NULL),(518,'kgVrx20811.jpg',1,NULL,NULL,NULL),(519,'XCslh20311.jpg',1,NULL,NULL,NULL),(520,'9dgQ020511.jpg',1,NULL,NULL,NULL),(521,'pZ1bH20411.jpg',1,NULL,NULL,NULL),(522,'xl9k720411.jpg',1,NULL,NULL,NULL),(523,'7cNGq20711.jpg',1,NULL,NULL,NULL),(524,'qcLGW20311.jpg',1,NULL,NULL,NULL),(525,'uatVd20111.jpg',1,NULL,NULL,NULL),(526,'2segQ20911.jpg',1,NULL,NULL,NULL),(527,'dbzAF20511.jpg',1,NULL,NULL,NULL),(528,'ruFRW20511.jpg',1,NULL,NULL,NULL),(529,'8qJMb20712.jpg',1,NULL,NULL,NULL),(530,'4kD3S20412.jpg',1,NULL,NULL,NULL),(531,'FbFX320512.jpg',1,NULL,NULL,NULL),(532,'xv5F720212.jpg',1,NULL,NULL,NULL),(533,'WDeDC20512.jpg',1,NULL,NULL,NULL),(534,'287xt20312.jpg',1,NULL,NULL,NULL),(629,'PprAB30305.png',3,NULL,NULL,NULL),(671,'lVOpd08802.jpg',3,NULL,NULL,NULL),(538,'FuDHg25712.png',1,NULL,NULL,NULL),(539,'5t74g02911.jpg',1,NULL,NULL,NULL),(540,'oMhJn01412.jpg',1,NULL,NULL,NULL),(541,'ejEki01112.jpg',1,NULL,NULL,NULL),(542,'4vQ4P01812.jpg',1,NULL,NULL,NULL),(543,'fhaJj01512.jpg',1,NULL,NULL,NULL),(673,'gr7x324411.jpg',3,NULL,NULL,NULL),(676,'tuQGp02204.jpg',3,NULL,NULL,NULL),(675,'yW6nx24111.jpg',3,NULL,NULL,NULL),(548,'SPrKV15810.png',1,NULL,NULL,NULL),(549,'d9LiP15910.png',1,NULL,NULL,NULL),(550,'Bkudy15110.png',1,NULL,NULL,NULL),(630,'h4A9x30205.jpg',3,NULL,NULL,NULL),(631,'LDAEh30405.jpg',3,NULL,NULL,NULL),(632,'9ahXv30905.png',3,NULL,NULL,NULL),(633,'aShfw30205.png',3,NULL,NULL,NULL),(634,'PUpyg30605.jpg',3,NULL,NULL,NULL),(635,'nxu4D30405.png',3,NULL,NULL,NULL),(649,'Dxtr228907.png',3,NULL,NULL,NULL),(637,'HvB3h30905.png',3,NULL,NULL,NULL),(638,'hbue030405.png',3,NULL,NULL,NULL),(639,'HXJpD30805.png',3,NULL,NULL,NULL),(650,'yjwn328807.png',3,NULL,NULL,NULL),(566,'M0stn02709.jpg',3,NULL,NULL,NULL),(677,'4mWZu02404.jpg',3,NULL,NULL,NULL),(678,'o49O902304.png',3,NULL,NULL,NULL),(570,'IzIjT18612.jpg',3,NULL,NULL,NULL),(679,'vpsma02804.png',3,NULL,NULL,NULL),(680,'c4Nav05402.jpg',3,NULL,NULL,NULL),(681,'UVM7s05403.jpg',3,NULL,NULL,NULL),(627,'ewfXD24212.png',3,NULL,NULL,NULL),(628,'OSUZI24106.jpg',3,NULL,NULL,NULL),(641,'KeVGZ30305.png',3,NULL,NULL,NULL),(642,'p53KU30905.png',3,NULL,NULL,NULL),(643,'GAbT930705.png',3,NULL,NULL,NULL),(644,'eASsh30905.png',3,NULL,NULL,NULL),(645,'Ne7Vg30605.png',3,NULL,NULL,NULL),(646,'ZGTCm30705.png',3,NULL,NULL,NULL),(647,'coYnP31909.png',3,NULL,NULL,NULL),(648,'j2u0g31509.png',3,NULL,NULL,NULL),(651,'L26Aq28307.png',3,NULL,NULL,NULL),(652,'nQ7xm28207.png',3,NULL,NULL,NULL),(653,'qMaId28407.png',3,NULL,NULL,NULL),(654,'Ti0e828907.png',3,NULL,NULL,NULL),(655,'hWkh401912.png',3,NULL,NULL,NULL),(664,'CaTF606503.jpg',3,NULL,NULL,NULL),(665,'ZagNy06503.jpg',3,NULL,NULL,NULL),(666,'Zr1nw06103.png',3,NULL,NULL,NULL),(672,'JUuFx24310.jpg',3,NULL,NULL,NULL),(668,'YP20406903.jpg',3,NULL,NULL,NULL),(663,'tVllU05905.png',3,NULL,NULL,NULL),(669,'I5ZTI06703.jpg',3,NULL,NULL,NULL),(670,'UY3aH06303.jpg',3,NULL,NULL,NULL),(682,'wtwWr21303.jpg',4,NULL,NULL,NULL),(683,'xKQNy21503.jpg',4,NULL,NULL,NULL),(684,'unudi21404.png',4,NULL,NULL,NULL),(685,'HADVl21204.jpg',4,NULL,NULL,NULL),(686,'tFlwg21304.jpg',4,NULL,NULL,NULL),(687,'EChBR21104.jpg',4,NULL,NULL,NULL),(688,'p6sTF21604.jpg',4,NULL,NULL,NULL),(689,'rq9CN21904.jpg',4,NULL,NULL,NULL),(690,'Taer221204.jpg',4,NULL,NULL,NULL),(691,'6mlTf21104.jpg',4,NULL,NULL,NULL),(692,'m1Rkx21604.jpg',4,NULL,NULL,NULL),(693,'0vDQu21304.png',4,NULL,NULL,NULL),(694,'VjcID21404.jpg',4,NULL,NULL,NULL),(695,'TZeDr21604.jpg',4,NULL,NULL,NULL),(696,'QsgtX21804.jpeg',4,NULL,NULL,NULL),(697,'oXmQv08804.jpeg',4,NULL,NULL,NULL),(698,'ngmGg11902.jpg',4,NULL,NULL,NULL),(699,'Ss4uo12709.png',4,NULL,NULL,NULL),(700,'rwqhQ12710.jpg',4,NULL,NULL,NULL),(701,'KyLdJ14703.jpg',4,NULL,NULL,NULL);
/*!40000 ALTER TABLE `images` ENABLE KEYS */;
UNLOCK TABLES;

--
-- Table structure for table `inventory`
--

DROP TABLE IF EXISTS `inventory`;
/*!40101 SET @saved_cs_client     = @@character_set_client */;
/*!40101 SET character_set_client = utf8 */;
CREATE TABLE `inventory` (
  `inventory_ref_id` int(11) NOT NULL AUTO_INCREMENT,
  `admin_id` int(11) NOT NULL,
  `added_date` int(11) NOT NULL,
  `reference_code` varchar(191) COLLATE utf8mb4_unicode_ci DEFAULT NULL,
  `stock` int(11) NOT NULL,
  `products_id` int(11) NOT NULL,
  `purchase_price` decimal(10,2) NOT NULL,
  `stock_type` varchar(10) COLLATE utf8mb4_unicode_ci NOT NULL,
  `created_at` timestamp NULL DEFAULT CURRENT_TIMESTAMP,
  `updated_at` timestamp NULL DEFAULT NULL,
  PRIMARY KEY (`inventory_ref_id`)
) ENGINE=MyISAM AUTO_INCREMENT=1175 DEFAULT CHARSET=utf8mb4 COLLATE=utf8mb4_unicode_ci;
/*!40101 SET character_set_client = @saved_cs_client */;

--
-- Dumping data for table `inventory`
--

LOCK TABLES `inventory` WRITE;
/*!40000 ALTER TABLE `inventory` DISABLE KEYS */;
INSERT INTO `inventory` VALUES (1,1,0,'s101',1000,1,60.00,'in','2019-09-17 15:44:55',NULL),(2,1,0,'s102',1000,6,20.00,'in','2019-09-18 11:19:17',NULL),(3,1,0,'s103',1000,13,25.00,'in','2019-09-18 11:21:15',NULL),(4,1,0,'s104',1000,13,25.00,'in','2019-09-18 11:21:47',NULL),(5,1,0,'s105',1000,13,25.00,'in','2019-09-18 11:23:33',NULL),(6,1,0,'s106',1000,19,20.00,'in','2019-09-18 11:25:25',NULL),(7,1,0,'s107',1000,29,55.00,'in','2019-09-18 11:27:45',NULL),(8,1,0,'S108',1000,2,45.00,'in','2019-09-18 11:28:54',NULL),(9,1,0,'S108',1000,3,30.00,'in','2019-09-18 11:29:33',NULL),(10,1,0,'S109',500,4,70.00,'in','2019-09-18 11:30:16',NULL),(11,1,0,'S109',500,4,70.00,'in','2019-09-18 11:30:51',NULL),(12,1,0,'S110',500,4,70.00,'in','2019-09-18 11:31:11',NULL),(13,1,0,'S111',1000,5,30.00,'in','2019-09-18 11:31:55',NULL),(14,1,0,'s112',1000,7,18.00,'in','2019-09-18 11:32:40',NULL),(15,1,0,'s113',500,8,20.00,'in','2019-09-18 11:33:24',NULL),(16,1,0,'s114',500,8,20.00,'in','2019-09-18 11:34:05',NULL),(17,1,0,'s115',500,8,20.00,'in','2019-09-18 11:34:55',NULL),(18,1,0,'s116',1000,9,10.00,'in','2019-09-18 11:35:45',NULL),(19,1,0,'s116',1000,10,20.00,'in','2019-09-18 11:37:40',NULL),(20,1,0,'s117',500,11,15.00,'in','2019-09-18 11:38:23',NULL),(21,1,0,'s117',500,11,15.00,'in','2019-09-18 11:39:52',NULL),(22,1,0,'s117',500,11,15.00,'in','2019-09-18 11:40:41',NULL),(23,1,0,'s118',1000,12,15.00,'in','2019-09-18 11:41:33',NULL),(24,1,0,'s119',200,14,30.00,'in','2019-09-18 11:42:17',NULL),(25,1,0,'s120',500,15,35.00,'in','2019-09-18 11:42:54',NULL),(26,1,0,'s121',600,16,40.00,'in','2019-09-18 11:43:31',NULL),(27,1,0,'s121',800,17,15.00,'in','2019-09-18 11:44:29',NULL),(28,1,0,'s122',600,18,30.00,'in','2019-09-18 11:45:18',NULL),(29,1,0,'s123',900,20,60.00,'in','2019-09-18 11:46:28',NULL),(30,1,0,'s124',400,21,55.00,'in','2019-09-18 11:47:22',NULL),(31,1,0,'s124',300,21,55.00,'in','2019-09-18 11:47:38',NULL),(32,1,0,'s125',800,22,70.00,'in','2019-09-18 11:48:18',NULL),(33,1,0,'s125',400,24,50.00,'in','2019-09-18 11:49:44',NULL),(34,1,0,'s128',300,24,50.00,'in','2019-09-18 11:50:05',NULL),(35,1,0,'s129',800,25,60.00,'in','2019-09-18 11:50:52',NULL),(36,1,0,'s130',800,26,80.00,'in','2019-09-18 11:51:28',NULL),(37,1,0,'s131',900,27,55.00,'in','2019-09-18 11:52:33',NULL),(38,1,0,'s131',500,28,70.00,'in','2019-09-18 11:53:08',NULL),(39,1,0,'s132',500,28,70.00,'in','2019-09-18 11:53:26',NULL),(40,1,0,'s133',1100,30,105.00,'in','2019-09-18 11:53:52',NULL),(41,1,0,'s134',900,31,52.00,'in','2019-09-18 11:54:19',NULL),(42,1,0,'s135',1200,32,71.00,'in','2019-09-18 11:54:44',NULL),(43,0,1568989337,'',1,32,0.00,'out',NULL,NULL),(44,0,1568989349,'',1,32,0.00,'out',NULL,NULL),(45,0,1568989974,'',1,32,0.00,'out',NULL,NULL),(46,0,1569219521,'',1,29,0.00,'out',NULL,NULL),(47,0,1569219840,'',1,29,0.00,'out',NULL,NULL),(48,0,1569220035,'',1,29,0.00,'out',NULL,NULL),(49,0,1569220106,'',1,29,0.00,'out',NULL,NULL),(50,0,1569220168,'',1,29,0.00,'out',NULL,NULL),(51,0,1569220495,'',1,29,0.00,'out',NULL,NULL),(52,0,1569330243,'',1,26,0.00,'out',NULL,NULL),(53,0,1569330243,'',1,27,0.00,'out',NULL,NULL),(54,0,1569330243,'',3,30,0.00,'out',NULL,NULL),(55,0,1569330243,'',2,31,0.00,'out',NULL,NULL),(56,0,1569486590,'',1,32,0.00,'out',NULL,NULL),(57,0,1569495585,'',1,19,0.00,'out',NULL,NULL),(58,0,1569495585,'',1,29,0.00,'out',NULL,NULL),(59,0,1569495911,'',1,1,0.00,'out',NULL,NULL),(60,0,1569496301,'',1,29,0.00,'out',NULL,NULL),(61,0,1569496712,'',1,29,0.00,'out',NULL,NULL),(62,0,1569497195,'',3,32,0.00,'out',NULL,NULL),(63,0,1569497197,'',3,32,0.00,'out',NULL,NULL),(64,0,1569503812,'',1,8,0.00,'out',NULL,NULL),(65,0,1569583044,'',1,26,0.00,'out',NULL,NULL),(66,0,1569583044,'',1,27,0.00,'out',NULL,NULL),(67,0,1569583044,'',1,30,0.00,'out',NULL,NULL),(68,0,1569583044,'',1,31,0.00,'out',NULL,NULL),(69,0,1569607915,'',1,14,0.00,'out',NULL,NULL),(70,0,1569655219,'',1,27,0.00,'out',NULL,NULL),(71,0,1569655219,'',1,29,0.00,'out',NULL,NULL),(72,0,1569655219,'',1,32,0.00,'out',NULL,NULL),(73,0,1569655219,'',1,6,0.00,'out',NULL,NULL),(74,0,1569692983,'',1,31,0.00,'out',NULL,NULL),(75,0,1569834237,'',1,18,0.00,'out',NULL,NULL),(76,0,1569843699,'',1,3,0.00,'out',NULL,NULL),(77,0,1569901100,'',1,18,0.00,'out',NULL,NULL),(78,0,1569901100,'',1,25,0.00,'out',NULL,NULL),(79,0,1569901100,'',1,26,0.00,'out',NULL,NULL),(80,0,1569901100,'',1,3,0.00,'out',NULL,NULL),(81,0,1569901100,'',1,6,0.00,'out',NULL,NULL),(82,0,1569913767,'',1,3,0.00,'out',NULL,NULL),(83,0,1569913767,'',6,30,0.00,'out',NULL,NULL),(84,0,1569913767,'',1,6,0.00,'out',NULL,NULL),(85,0,1569935181,'',1,13,0.00,'out',NULL,NULL),(86,0,1570024696,'',1,18,0.00,'out',NULL,NULL),(87,0,1570083856,'',2,4,0.00,'out',NULL,NULL),(88,0,1570085481,'',1,18,0.00,'out',NULL,NULL),(89,0,1570095995,'',1,18,0.00,'out',NULL,NULL),(90,0,1570095995,'',1,25,0.00,'out',NULL,NULL),(91,0,1570282489,'',1,29,0.00,'out',NULL,NULL),(92,0,1570360230,'',1,2,0.00,'out',NULL,NULL),(93,0,1570372049,'',1,1,0.00,'out',NULL,NULL),(94,0,1570434540,'',1,26,0.00,'out',NULL,NULL),(95,0,1570434540,'',1,27,0.00,'out',NULL,NULL),(96,0,1570434541,'',1,29,0.00,'out',NULL,NULL),(97,0,1570434541,'',1,30,0.00,'out',NULL,NULL),(98,0,1570434541,'',1,31,0.00,'out',NULL,NULL),(99,0,1570434541,'',1,32,0.00,'out',NULL,NULL),(100,0,1570456145,'',3,6,0.00,'out',NULL,NULL),(101,0,1570776834,'',1,2,0.00,'out',NULL,NULL),(102,0,1570777371,'',1,29,0.00,'out',NULL,NULL),(103,0,1570794856,'',1,4,0.00,'out',NULL,NULL),(104,0,1570843860,'',2,31,0.00,'out',NULL,NULL),(105,0,1570978655,'',1,30,0.00,'out',NULL,NULL),(106,0,1570978655,'',1,31,0.00,'out',NULL,NULL),(107,0,1570978655,'',1,32,0.00,'out',NULL,NULL),(108,0,1571013156,'',1,30,0.00,'out',NULL,NULL),(109,0,1571388785,'',1,30,0.00,'out',NULL,NULL),(110,0,1571388785,'',1,31,0.00,'out',NULL,NULL),(111,0,1571403810,'',1,1,0.00,'out',NULL,NULL),(112,0,1571483054,'',1,25,0.00,'out',NULL,NULL),(113,0,1571483054,'',1,27,0.00,'out',NULL,NULL),(114,0,1571492712,'',1,31,0.00,'out',NULL,NULL),(115,0,1571492712,'',1,32,0.00,'out',NULL,NULL),(116,0,1571609798,'',141,29,0.00,'out',NULL,NULL),(117,0,1571609798,'',1,30,0.00,'out',NULL,NULL),(118,0,1571609798,'',1,6,0.00,'out',NULL,NULL),(119,0,1571749086,'',1,30,0.00,'out',NULL,NULL),(120,0,1571749086,'',1,31,0.00,'out',NULL,NULL),(121,0,1571758880,'',2,1,0.00,'out',NULL,NULL),(122,0,1571829621,'',1,32,0.00,'out',NULL,NULL),(123,0,1571898183,'',1,32,0.00,'out',NULL,NULL),(124,0,1571914913,'',1,1,0.00,'out',NULL,NULL),(125,0,1571925502,'',3,1,0.00,'out',NULL,NULL),(126,0,1572090563,'',1,31,0.00,'out',NULL,NULL),(127,0,1572155904,'',2,1,0.00,'out',NULL,NULL),(128,0,1572258276,'',1,26,0.00,'out',NULL,NULL),(129,0,1572439226,'',1,32,0.00,'out',NULL,NULL),(130,0,1572439526,'',1,31,0.00,'out',NULL,NULL),(131,0,1572443429,'',1,29,0.00,'out',NULL,NULL),(132,0,1572443429,'',3,31,0.00,'out',NULL,NULL),(133,0,1572449034,'',1,30,0.00,'out',NULL,NULL),(134,0,1572449034,'',1,31,0.00,'out',NULL,NULL),(135,0,1572552652,'',1,1,0.00,'out',NULL,NULL),(136,0,1572552652,'',2,30,0.00,'out',NULL,NULL),(137,0,1572611252,'',1,21,0.00,'out',NULL,NULL),(138,0,1572611252,'',2,25,0.00,'out',NULL,NULL),(139,0,1572611252,'',1,27,0.00,'out',NULL,NULL),(140,0,1572677571,'',18,15,0.00,'out',NULL,NULL),(141,0,1572694686,'',3,1,0.00,'out',NULL,NULL),(142,0,1572704623,'',1,14,0.00,'out',NULL,NULL),(143,0,1572704623,'',1,15,0.00,'out',NULL,NULL),(144,0,1572704623,'',1,17,0.00,'out',NULL,NULL),(145,0,1572704623,'',1,32,0.00,'out',NULL,NULL),(146,0,1572729539,'',1,4,0.00,'out',NULL,NULL),(147,0,1572868871,'',1,30,0.00,'out',NULL,NULL),(148,0,1573019664,'',1,29,0.00,'out',NULL,NULL),(149,0,1573019664,'',2,30,0.00,'out',NULL,NULL),(150,0,1573019664,'',3,32,0.00,'out',NULL,NULL),(151,0,1573049636,'',1,31,0.00,'out',NULL,NULL),(152,0,1573104846,'',20,2,0.00,'out',NULL,NULL),(153,0,1573109729,'',1,31,0.00,'out',NULL,NULL),(154,0,1573303350,'',1,26,0.00,'out',NULL,NULL),(155,0,1573303350,'',1,30,0.00,'out',NULL,NULL),(156,0,1573322647,'',1,31,0.00,'out',NULL,NULL),(157,0,1573389364,'',1,19,0.00,'out',NULL,NULL),(158,0,1573540158,'',1,25,0.00,'out',NULL,NULL),(159,0,1573546969,'',1,7,0.00,'out',NULL,NULL),(160,0,1573567460,'',1,30,0.00,'out',NULL,NULL),(161,0,1573567460,'',1,16,0.00,'out',NULL,NULL),(162,0,1573567460,'',1,1,0.00,'out',NULL,NULL),(163,0,1573604913,'',1,31,0.00,'out',NULL,NULL),(164,0,1573604913,'',1,30,0.00,'out',NULL,NULL),(165,0,1573604913,'',1,18,0.00,'out',NULL,NULL),(166,0,1573626564,'',1,29,0.00,'out',NULL,NULL),(167,0,1573717478,'',1,31,0.00,'out',NULL,NULL),(168,0,1573717478,'',1,7,0.00,'out',NULL,NULL),(169,0,1573786155,'',2,32,0.00,'out',NULL,NULL),(170,0,1573786155,'',1,31,0.00,'out',NULL,NULL),(171,0,1573836405,'',1,31,0.00,'out',NULL,NULL),(172,0,1573836412,'',1,31,0.00,'out',NULL,NULL),(173,0,1573847140,'',1,7,0.00,'out',NULL,NULL),(174,0,1573862019,'',2,4,0.00,'out',NULL,NULL),(175,0,1573900015,'',1,31,0.00,'out',NULL,NULL),(176,0,1573904738,'',1,31,0.00,'out',NULL,NULL),(177,0,1573987089,'',1,16,0.00,'out',NULL,NULL),(178,0,1573990606,'',1,19,0.00,'out',NULL,NULL),(179,0,1573998674,'',1,7,0.00,'out',NULL,NULL),(180,0,1574000044,'',1,7,0.00,'out',NULL,NULL),(181,0,1574016045,'',1,2,0.00,'out',NULL,NULL),(182,0,1574073052,'',1,3,0.00,'out',NULL,NULL),(183,0,1574094449,'',1,32,0.00,'out',NULL,NULL),(184,0,1574169388,'',16,25,0.00,'out',NULL,NULL),(185,0,1574179456,'',1,16,0.00,'out',NULL,NULL),(186,0,1574179456,'',1,5,0.00,'out',NULL,NULL),(187,0,1574203349,'',2,2,0.00,'out',NULL,NULL),(188,0,1574235415,'',2,13,0.00,'out',NULL,NULL),(189,0,1574235415,'',2,13,0.00,'out',NULL,NULL),(190,0,1574235415,'',2,13,0.00,'out',NULL,NULL),(191,0,1574235415,'',1,10,0.00,'out',NULL,NULL),(192,0,1574241518,'',1,32,0.00,'out',NULL,NULL),(193,0,1574241518,'',1,16,0.00,'out',NULL,NULL),(194,0,1574247963,'',1,29,0.00,'out',NULL,NULL),(195,0,1574268584,'',1,16,0.00,'out',NULL,NULL),(196,0,1574289244,'',1,31,0.00,'out',NULL,NULL),(197,0,1574407295,'',1,6,0.00,'out',NULL,NULL),(198,0,1574407295,'',1,2,0.00,'out',NULL,NULL),(199,0,1574407295,'',1,1,0.00,'out',NULL,NULL),(200,0,1574407486,'',1,32,0.00,'out',NULL,NULL),(201,0,1574407608,'',1,31,0.00,'out',NULL,NULL),(202,0,1574426845,'',1,5,0.00,'out',NULL,NULL),(203,0,1574439821,'',1,16,0.00,'out',NULL,NULL),(204,0,1574491861,'',1,7,0.00,'out',NULL,NULL),(205,0,1574498456,'',1,16,0.00,'out',NULL,NULL),(206,0,1574501037,'',1,25,0.00,'out',NULL,NULL),(207,0,1574501037,'',1,31,0.00,'out',NULL,NULL),(208,0,1574502841,'',1,20,0.00,'out',NULL,NULL),(209,0,1574525009,'',1,14,0.00,'out',NULL,NULL),(210,0,1574549701,'',2,32,0.00,'out',NULL,NULL),(211,0,1574600758,'',1,26,0.00,'out',NULL,NULL),(212,0,1574600758,'',1,6,0.00,'out',NULL,NULL),(213,0,1574600758,'',1,6,0.00,'out',NULL,NULL),(214,0,1574600758,'',1,6,0.00,'out',NULL,NULL),(215,0,1574617644,'',1,20,0.00,'out',NULL,NULL),(216,0,1574617644,'',6,5,0.00,'out',NULL,NULL),(217,0,1574660060,'',1,4,0.00,'out',NULL,NULL),(218,0,1574671640,'',1,32,0.00,'out',NULL,NULL),(219,0,1574672118,'',1,32,0.00,'out',NULL,NULL),(220,0,1574672118,'',1,30,0.00,'out',NULL,NULL),(221,0,1574708863,'',10,7,0.00,'out',NULL,NULL),(222,0,1574708863,'',1,5,0.00,'out',NULL,NULL),(223,0,1574817007,'',1,26,0.00,'out',NULL,NULL),(224,0,1574817007,'',2,7,0.00,'out',NULL,NULL),(225,0,1574837720,'',2,13,0.00,'out',NULL,NULL),(226,0,1574837720,'',1,6,0.00,'out',NULL,NULL),(227,0,1574837720,'',2,8,0.00,'out',NULL,NULL),(228,0,1575042026,'',1,18,0.00,'out',NULL,NULL),(229,0,1575042026,'',1,16,0.00,'out',NULL,NULL),(230,0,1575279457,'',1,5,0.00,'out',NULL,NULL),(231,0,1575282889,'',3,32,0.00,'out',NULL,NULL),(232,0,1575282889,'',1,31,0.00,'out',NULL,NULL),(233,0,1575282889,'',1,25,0.00,'out',NULL,NULL),(234,0,1575282889,'',1,25,0.00,'out',NULL,NULL),(235,0,1575284561,'',1,27,0.00,'out',NULL,NULL),(236,0,1575310274,'',2,3,0.00,'out',NULL,NULL),(237,0,1575320895,'',5,32,0.00,'out',NULL,NULL),(238,0,1575389841,'',1,5,0.00,'out',NULL,NULL),(239,0,1575391920,'',1,26,0.00,'out',NULL,NULL),(240,0,1575511999,'',1,16,0.00,'out',NULL,NULL),(241,0,1575516964,'',1,7,0.00,'out',NULL,NULL),(242,0,1575516964,'',1,32,0.00,'out',NULL,NULL),(243,0,1575639208,'',1,7,0.00,'out',NULL,NULL),(244,0,1575651764,'',5,30,0.00,'out',NULL,NULL),(245,0,1575707053,'',2,16,0.00,'out',NULL,NULL),(246,0,1575735520,'',1,1,0.00,'out',NULL,NULL),(247,0,1575785138,'',1,26,0.00,'out',NULL,NULL),(248,0,1575785234,'',1,5,0.00,'out',NULL,NULL),(249,0,1575912081,'',1,32,0.00,'out',NULL,NULL),(250,0,1575912081,'',1,26,0.00,'out',NULL,NULL),(251,0,1575977074,'',1,16,0.00,'out',NULL,NULL),(252,0,1576021697,'',1,30,0.00,'out',NULL,NULL),(253,0,1576021697,'',1,29,0.00,'out',NULL,NULL),(254,0,1576021697,'',1,29,0.00,'out',NULL,NULL),(255,0,1576021697,'',1,29,0.00,'out',NULL,NULL),(256,0,1576021697,'',1,29,0.00,'out',NULL,NULL),(257,0,1576021697,'',1,29,0.00,'out',NULL,NULL),(258,0,1576021697,'',1,29,0.00,'out',NULL,NULL),(259,0,1576021697,'',10,15,0.00,'out',NULL,NULL),(260,0,1576021697,'',1,14,0.00,'out',NULL,NULL),(261,0,1576021697,'',1,7,0.00,'out',NULL,NULL),(262,0,1576039820,'',1,32,0.00,'out',NULL,NULL),(263,0,1576039820,'',1,31,0.00,'out',NULL,NULL),(264,0,1576040383,'',1,2,0.00,'out',NULL,NULL),(265,0,1576059584,'',1,16,0.00,'out',NULL,NULL),(266,0,1576087705,'',1,16,0.00,'out',NULL,NULL),(267,0,1576087705,'',1,6,0.00,'out',NULL,NULL),(268,0,1576087705,'',1,6,0.00,'out',NULL,NULL),(269,0,1576087705,'',1,6,0.00,'out',NULL,NULL),(270,0,1576087705,'',1,5,0.00,'out',NULL,NULL),(271,0,1576088572,'',1,7,0.00,'out',NULL,NULL),(272,0,1576113611,'',3,30,0.00,'out',NULL,NULL),(273,0,1576165616,'',1,15,0.00,'out',NULL,NULL),(274,0,1576166371,'',1,16,0.00,'out',NULL,NULL),(275,0,1576194737,'',1,1,0.00,'out',NULL,NULL),(276,0,1576254744,'',1,25,0.00,'out',NULL,NULL),(277,0,1576255034,'',1,32,0.00,'out',NULL,NULL),(278,0,1576275675,'',1,31,0.00,'out',NULL,NULL),(279,0,1576275675,'',1,30,0.00,'out',NULL,NULL),(280,0,1576387099,'',1,31,0.00,'out',NULL,NULL),(281,0,1576400925,'',1,9,0.00,'out',NULL,NULL),(282,0,1576488861,'',1,7,0.00,'out',NULL,NULL),(283,0,1576561367,'',1,7,0.00,'out',NULL,NULL),(284,0,1576647950,'',1,17,0.00,'out',NULL,NULL),(285,0,1576647950,'',1,6,0.00,'out',NULL,NULL),(286,0,1576647950,'',1,26,0.00,'out',NULL,NULL),(287,0,1576648495,'',1,20,0.00,'out',NULL,NULL),(288,0,1576777516,'',1,7,0.00,'out',NULL,NULL),(289,0,1576784131,'',1,19,0.00,'out',NULL,NULL),(290,0,1576855212,'',1,31,0.00,'out',NULL,NULL),(291,0,1576855212,'',1,1,0.00,'out',NULL,NULL),(292,0,1576887758,'',2,7,0.00,'out',NULL,NULL),(293,0,1576919571,'',1,32,0.00,'out',NULL,NULL),(294,0,1576919571,'',1,31,0.00,'out',NULL,NULL),(295,0,1576919571,'',1,1,0.00,'out',NULL,NULL),(296,0,1576952280,'',1,32,0.00,'out',NULL,NULL),(297,0,1576995820,'',2,5,0.00,'out',NULL,NULL),(298,0,1577084553,'',4,25,0.00,'out',NULL,NULL),(299,0,1577084553,'',1,20,0.00,'out',NULL,NULL),(300,0,1577084553,'',1,5,0.00,'out',NULL,NULL),(301,0,1577084553,'',1,3,0.00,'out',NULL,NULL),(302,0,1577092122,'',1,32,0.00,'out',NULL,NULL),(303,0,1577165955,'',1,30,0.00,'out',NULL,NULL),(304,0,1577165955,'',1,16,0.00,'out',NULL,NULL),(305,0,1577165955,'',1,5,0.00,'out',NULL,NULL),(306,0,1577183541,'',1,25,0.00,'out',NULL,NULL),(307,0,1577183541,'',1,7,0.00,'out',NULL,NULL),(308,0,1577183541,'',1,1,0.00,'out',NULL,NULL),(309,0,1577220849,'',1,6,0.00,'out',NULL,NULL),(310,0,1577220849,'',1,6,0.00,'out',NULL,NULL),(311,0,1577220849,'',1,6,0.00,'out',NULL,NULL),(312,0,1577220849,'',1,3,0.00,'out',NULL,NULL),(313,0,1577232355,'',1,26,0.00,'out',NULL,NULL),(314,0,1577309528,'',1,3,0.00,'out',NULL,NULL),(315,0,1577309528,'',1,2,0.00,'out',NULL,NULL),(316,0,1577399804,'',1,25,0.00,'out',NULL,NULL),(317,0,1577427000,'',7,16,0.00,'out',NULL,NULL),(318,0,1577694839,'',1,29,0.00,'out',NULL,NULL),(319,0,1577879428,'',1,25,0.00,'out',NULL,NULL),(320,0,1577899480,'',1,20,0.00,'out',NULL,NULL),(321,0,1577962270,'',1,16,0.00,'out',NULL,NULL),(322,0,1577999779,'',1,31,0.00,'out',NULL,NULL),(323,0,1578004183,'',1,16,0.00,'out',NULL,NULL),(324,0,1578004183,'',1,7,0.00,'out',NULL,NULL),(325,0,1578009172,'',1,15,0.00,'out',NULL,NULL),(326,0,1578009172,'',1,14,0.00,'out',NULL,NULL),(327,0,1578047158,'',2,30,0.00,'out',NULL,NULL),(328,0,1578091142,'',1,16,0.00,'out',NULL,NULL),(329,0,1578121379,'',1,7,0.00,'out',NULL,NULL),(330,0,1578176747,'',3,7,0.00,'out',NULL,NULL),(331,0,1578178745,'',1,32,0.00,'out',NULL,NULL),(332,0,1578178745,'',1,7,0.00,'out',NULL,NULL),(333,0,1578243843,'',1,16,0.00,'out',NULL,NULL),(334,0,1578243843,'',1,7,0.00,'out',NULL,NULL),(335,0,1578255122,'',1,16,0.00,'out',NULL,NULL),(336,0,1578255122,'',7,5,0.00,'out',NULL,NULL),(337,0,1578257579,'',1,7,0.00,'out',NULL,NULL),(338,0,1578257579,'',1,7,0.00,'out',NULL,NULL),(339,0,1578309700,'',1,7,0.00,'out',NULL,NULL),(340,0,1578318438,'',1,22,0.00,'out',NULL,NULL),(341,0,1578319486,'',4,16,0.00,'out',NULL,NULL),(342,0,1578319486,'',1,7,0.00,'out',NULL,NULL),(343,0,1578319486,'',1,5,0.00,'out',NULL,NULL),(344,0,1578329414,'',1,32,0.00,'out',NULL,NULL),(345,0,1578329414,'',1,31,0.00,'out',NULL,NULL),(346,0,1578397348,'',1,7,0.00,'out',NULL,NULL),(347,0,1578405053,'',1,32,0.00,'out',NULL,NULL),(348,0,1578405053,'',1,31,0.00,'out',NULL,NULL),(349,0,1578416195,'',1,27,0.00,'out',NULL,NULL),(350,0,1578416195,'',1,25,0.00,'out',NULL,NULL),(351,0,1578417377,'',1,7,0.00,'out',NULL,NULL),(352,0,1578428158,'',1,14,0.00,'out',NULL,NULL),(353,0,1578428158,'',1,9,0.00,'out',NULL,NULL),(354,0,1578428158,'',1,6,0.00,'out',NULL,NULL),(355,0,1578430683,'',1,25,0.00,'out',NULL,NULL),(356,0,1578466182,'',1,6,0.00,'out',NULL,NULL),(357,0,1578501008,'',1,29,0.00,'out',NULL,NULL),(358,0,1578501008,'',1,29,0.00,'out',NULL,NULL),(359,0,1578501008,'',1,29,0.00,'out',NULL,NULL),(360,0,1578501008,'',1,29,0.00,'out',NULL,NULL),(361,0,1578501008,'',1,29,0.00,'out',NULL,NULL),(362,0,1578501008,'',1,29,0.00,'out',NULL,NULL),(363,0,1578573765,'',1,31,0.00,'out',NULL,NULL),(364,0,1578581176,'',1,31,0.00,'out',NULL,NULL),(365,0,1578586952,'',1,30,0.00,'out',NULL,NULL),(366,0,1578732711,'',1,16,0.00,'out',NULL,NULL),(367,0,1578732711,'',1,20,0.00,'out',NULL,NULL),(368,0,1578740501,'',2,32,0.00,'out',NULL,NULL),(369,0,1578740501,'',2,31,0.00,'out',NULL,NULL),(370,0,1578811248,'',1,16,0.00,'out',NULL,NULL),(371,0,1578903185,'',1,31,0.00,'out',NULL,NULL),(372,0,1578976565,'',1,7,0.00,'out',NULL,NULL),(373,0,1578977199,'',1,32,0.00,'out',NULL,NULL),(374,0,1578998278,'',1,16,0.00,'out',NULL,NULL),(375,0,1579000138,'',1,32,0.00,'out',NULL,NULL),(376,0,1579021626,'',1,32,0.00,'out',NULL,NULL),(377,0,1579021626,'',1,30,0.00,'out',NULL,NULL),(378,0,1579021626,'',1,22,0.00,'out',NULL,NULL),(379,0,1579021882,'',1,32,0.00,'out',NULL,NULL),(380,0,1579021882,'',1,31,0.00,'out',NULL,NULL),(381,0,1579041002,'',10,19,0.00,'out',NULL,NULL),(382,0,1579041002,'',10,19,0.00,'out',NULL,NULL),(383,0,1579041002,'',10,19,0.00,'out',NULL,NULL),(384,0,1579083939,'',1,18,0.00,'out',NULL,NULL),(385,0,1579088472,'',1,7,0.00,'out',NULL,NULL),(386,0,1579088547,'',3,7,0.00,'out',NULL,NULL),(387,0,1579157329,'',2,7,0.00,'out',NULL,NULL),(388,0,1579157329,'',1,25,0.00,'out',NULL,NULL),(389,0,1579175240,'',1,32,0.00,'out',NULL,NULL),(390,0,1579183384,'',1,5,0.00,'out',NULL,NULL),(391,0,1579244206,'',1,6,0.00,'out',NULL,NULL),(392,0,1579244206,'',1,6,0.00,'out',NULL,NULL),(393,0,1579244206,'',1,6,0.00,'out',NULL,NULL),(394,0,1579271589,'',1,16,0.00,'out',NULL,NULL),(395,0,1579517538,'',1,16,0.00,'out',NULL,NULL),(396,0,1579543233,'',1,32,0.00,'out',NULL,NULL),(397,0,1579545268,'',1,31,0.00,'out',NULL,NULL),(398,0,1579545268,'',3,18,0.00,'out',NULL,NULL),(399,0,1579591719,'',1,7,0.00,'out',NULL,NULL),(400,0,1579629961,'',1,16,0.00,'out',NULL,NULL),(401,0,1579659638,'',1,7,0.00,'out',NULL,NULL),(402,0,1579729046,'',1,16,0.00,'out',NULL,NULL),(403,0,1579729046,'',2,6,0.00,'out',NULL,NULL),(404,0,1579729046,'',2,6,0.00,'out',NULL,NULL),(405,0,1579729046,'',2,6,0.00,'out',NULL,NULL),(406,0,1579792468,'',1,16,0.00,'out',NULL,NULL),(407,0,1579830819,'',1,7,0.00,'out',NULL,NULL),(408,0,1579861823,'',1,10,0.00,'out',NULL,NULL),(409,0,1579861823,'',4,7,0.00,'out',NULL,NULL),(410,0,1579883377,'',1,16,0.00,'out',NULL,NULL),(411,0,1579883377,'',1,7,0.00,'out',NULL,NULL),(412,0,1579938943,'',1,7,0.00,'out',NULL,NULL),(413,0,1579946198,'',1,32,0.00,'out',NULL,NULL),(414,0,1579995477,'',4,7,0.00,'out',NULL,NULL),(415,0,1579995477,'',2,5,0.00,'out',NULL,NULL),(416,0,1580100632,'',2,32,0.00,'out',NULL,NULL),(417,0,1580177380,'',1,32,0.00,'out',NULL,NULL),(418,0,1580229665,'',1,3,0.00,'out',NULL,NULL),(419,0,1580240743,'',1,16,0.00,'out',NULL,NULL),(420,0,1580374918,'',1,32,0.00,'out',NULL,NULL),(421,0,1580374918,'',2,30,0.00,'out',NULL,NULL),(422,0,1580374918,'',1,31,0.00,'out',NULL,NULL),(423,0,1580390835,'',1,32,0.00,'out',NULL,NULL),(424,0,1580606572,'',1,32,0.00,'out',NULL,NULL),(425,0,1580638360,'',1,30,0.00,'out',NULL,NULL),(426,0,1580652018,'',1,2,0.00,'out',NULL,NULL),(427,0,1580652072,'',1,2,0.00,'out',NULL,NULL),(428,0,1580813277,'',1,31,0.00,'out',NULL,NULL),(429,0,1580814352,'',1,2,0.00,'out',NULL,NULL),(430,0,1580816031,'',1,15,0.00,'out',NULL,NULL),(431,0,1580816234,'',1,15,0.00,'out',NULL,NULL),(432,0,1580816467,'',1,15,0.00,'out',NULL,NULL),(433,0,1580816924,'',1,14,0.00,'out',NULL,NULL),(434,0,1580817037,'',1,15,0.00,'out',NULL,NULL),(435,0,1580904917,'',1,7,0.00,'out',NULL,NULL),(436,0,1580905464,'',1,7,0.00,'out',NULL,NULL),(437,0,1580932218,'',1,32,0.00,'out',NULL,NULL),(438,0,1580940240,'',1,1,0.00,'out',NULL,NULL),(439,0,1581033287,'',1,3,0.00,'out',NULL,NULL),(440,0,1581090153,'',1,7,0.00,'out',NULL,NULL),(441,0,1581233766,'',1,32,0.00,'out',NULL,NULL),(442,0,1581247432,'',2,5,0.00,'out',NULL,NULL),(443,0,1581303940,'',1,20,0.00,'out',NULL,NULL),(444,0,1581303940,'',1,16,0.00,'out',NULL,NULL),(445,0,1581343292,'',2,16,0.00,'out',NULL,NULL),(446,0,1581366047,'',1,31,0.00,'out',NULL,NULL),(447,0,1581384500,'',1,32,0.00,'out',NULL,NULL),(448,0,1581405905,'',1,16,0.00,'out',NULL,NULL),(449,0,1581405905,'',1,5,0.00,'out',NULL,NULL),(450,0,1581411113,'',1,32,0.00,'out',NULL,NULL),(451,0,1581411113,'',1,31,0.00,'out',NULL,NULL),(452,0,1581456654,'',1,31,0.00,'out',NULL,NULL),(453,0,1581456654,'',1,31,0.00,'out',NULL,NULL),(454,0,1581517599,'',1,32,0.00,'out',NULL,NULL),(455,0,1581517599,'',1,31,0.00,'out',NULL,NULL),(456,0,1581518120,'',1,7,0.00,'out',NULL,NULL),(457,0,1581535688,'',1,29,0.00,'out',NULL,NULL),(458,0,1581535688,'',1,29,0.00,'out',NULL,NULL),(459,0,1581535688,'',1,29,0.00,'out',NULL,NULL),(460,0,1581535688,'',1,29,0.00,'out',NULL,NULL),(461,0,1581535688,'',1,29,0.00,'out',NULL,NULL),(462,0,1581535688,'',1,29,0.00,'out',NULL,NULL),(463,0,1581584598,'',1,4,0.00,'out',NULL,NULL),(464,0,1581599589,'',5,32,0.00,'out',NULL,NULL),(465,0,1581622915,'',1,32,0.00,'out',NULL,NULL),(466,0,1581623494,'',1,20,0.00,'out',NULL,NULL),(467,0,1581623494,'',3,3,0.00,'out',NULL,NULL),(468,0,1581675976,'',1,31,0.00,'out',NULL,NULL),(469,0,1581675976,'',1,29,0.00,'out',NULL,NULL),(470,0,1581675976,'',1,30,0.00,'out',NULL,NULL),(471,0,1581705662,'',1,14,0.00,'out',NULL,NULL),(472,0,1581706335,'',1,32,0.00,'out',NULL,NULL),(473,0,1581706335,'',1,31,0.00,'out',NULL,NULL),(474,0,1582020381,'',14,14,0.00,'out',NULL,NULL),(475,0,1582138664,'',1,16,0.00,'out',NULL,NULL),(476,0,1582172341,'',1,7,0.00,'out',NULL,NULL),(477,0,1582172341,'',1,31,0.00,'out',NULL,NULL),(478,0,1582172341,'',1,29,0.00,'out',NULL,NULL),(479,0,1582194150,'',1,31,0.00,'out',NULL,NULL),(480,0,1582194150,'',1,22,0.00,'out',NULL,NULL),(481,0,1582218124,'',1,32,0.00,'out',NULL,NULL),(482,0,1583205044,'',1,1,0.00,'out',NULL,NULL),(483,0,1583230903,'',1,7,0.00,'out',NULL,NULL),(484,0,1583247689,'',1,31,0.00,'out',NULL,NULL),(485,0,1583337785,'',1,32,0.00,'out',NULL,NULL),(486,0,1583838406,'',1,32,0.00,'out',NULL,NULL),(487,0,1583846512,'',1,32,0.00,'out',NULL,NULL),(488,0,1583846512,'',1,16,0.00,'out',NULL,NULL),(489,0,1585679909,'',1,4,0.00,'out',NULL,NULL),(490,0,1585679909,'',2,2,0.00,'out',NULL,NULL),(491,0,1585752105,'',1,12,0.00,'out',NULL,NULL),(492,0,1585752105,'',60,10,0.00,'out',NULL,NULL),(493,1,0,'123',-920,10,10.00,'in','2020-04-01 06:54:08',NULL),(494,1,0,'123',20,10,10.00,'in','2020-04-01 06:55:22',NULL),(495,1,0,'123',11,10,2.00,'in','2020-04-01 06:56:49',NULL),(496,1,0,'123',1,10,1.00,'in','2020-04-01 06:57:27',NULL),(497,0,1585753507,'',1,31,0.00,'out',NULL,NULL),(498,0,1585753507,'',1,17,0.00,'out',NULL,NULL),(499,0,1585756782,'',1,32,0.00,'out',NULL,NULL),(500,0,1585757050,'',1,1,0.00,'out',NULL,NULL),(501,0,1585765669,'',6,1,0.00,'out',NULL,NULL),(502,0,1585766575,'',1,2,0.00,'out',NULL,NULL),(503,0,1585766863,'',1,1,0.00,'out',NULL,NULL),(504,0,1585828625,'',1,7,0.00,'out',NULL,NULL),(505,0,1585845627,'',1,7,0.00,'out',NULL,NULL),(506,0,1585845742,'',1,26,0.00,'out',NULL,NULL),(507,0,1585846050,'',1,22,0.00,'out',NULL,NULL),(508,0,1585846113,'',1,21,0.00,'out',NULL,NULL),(509,0,1585846158,'',1,30,0.00,'out',NULL,NULL),(510,0,1585846302,'',1,29,0.00,'out',NULL,NULL),(511,0,1585846407,'',1,7,0.00,'out',NULL,NULL),(512,0,1585847130,'',3,7,0.00,'out',NULL,NULL),(513,0,1585925827,'',1,32,0.00,'out',NULL,NULL),(514,0,1585925827,'',1,1,0.00,'out',NULL,NULL),(515,0,1586019655,'',1,14,0.00,'out',NULL,NULL),(516,0,1586019655,'',1,17,0.00,'out',NULL,NULL),(517,0,1586022609,'',1,32,0.00,'out',NULL,NULL),(518,0,1586022609,'',1,26,0.00,'out',NULL,NULL),(519,0,1586022609,'',1,19,0.00,'out',NULL,NULL),(520,0,1586022609,'',1,18,0.00,'out',NULL,NULL),(521,0,1586022609,'',1,17,0.00,'out',NULL,NULL),(522,0,1600676309,'',1,1,0.00,'out','2020-09-21 08:18:29',NULL),(523,0,1601212912,'',1,1,0.00,'out','2020-09-27 13:21:52',NULL),(524,0,1601213141,'',1,2,0.00,'out','2020-09-27 13:25:41',NULL),(525,0,1601372526,'',1,2,0.00,'out','2020-09-29 09:42:06',NULL),(526,1,0,NULL,1,1,0.00,'in','2020-09-29 05:33:13',NULL),(527,1,0,NULL,1,1,0.00,'in','2020-09-29 05:33:16',NULL),(528,1,0,NULL,1,2,0.00,'in','2020-09-29 05:33:18',NULL),(529,1,0,NULL,1,2,0.00,'in','2020-09-29 05:33:22',NULL),(530,0,1601401742,'',1,2,0.00,'out','2020-09-29 17:49:02',NULL),(531,0,1601401742,'',1,3,0.00,'out','2020-09-29 17:49:02',NULL),(532,0,1601401742,'',1,1,0.00,'out','2020-09-29 17:49:02',NULL),(533,0,1601448695,'',1,2,0.00,'out','2020-09-30 06:51:35',NULL),(534,0,1601448695,'',1,3,0.00,'out','2020-09-30 06:51:35',NULL),(535,0,1601448695,'',1,1,0.00,'out','2020-09-30 06:51:35',NULL),(536,0,1601465947,'',2,2,0.00,'out','2020-09-30 11:39:07',NULL),(537,0,1601465947,'',1,3,0.00,'out','2020-09-30 11:39:07',NULL),(538,0,1601465947,'',1,1,0.00,'out','2020-09-30 11:39:07',NULL),(539,1,0,NULL,1,2,0.00,'in','2020-10-04 09:35:59',NULL),(540,1,0,NULL,1,3,0.00,'in','2020-10-04 09:35:59',NULL),(541,1,0,NULL,1,1,0.00,'in','2020-10-04 09:35:59',NULL),(542,1,0,NULL,1,2,0.00,'in','2020-10-04 09:36:02',NULL),(543,1,0,NULL,1,3,0.00,'in','2020-10-04 09:36:02',NULL),(544,1,0,NULL,1,1,0.00,'in','2020-10-04 09:36:02',NULL),(545,1,0,NULL,2,2,0.00,'in','2020-10-04 09:36:04',NULL),(546,1,0,NULL,1,3,0.00,'in','2020-10-04 09:36:04',NULL),(547,1,0,NULL,1,1,0.00,'in','2020-10-04 09:36:04',NULL),(548,0,1601824234,'',1,1,0.00,'out','2020-10-04 15:10:34',NULL),(549,0,1606683623,'',4,2,0.00,'out','2020-11-29 21:00:23',NULL),(550,0,1606721483,'',1,2,0.00,'out','2020-11-30 07:31:23',NULL),(551,0,1606821426,'',2,2,0.00,'out','2020-12-01 11:17:06',NULL),(552,0,1608205908,'',7,2,0.00,'out','2020-12-17 11:51:48',NULL),(553,0,1608205908,'',1,3,0.00,'out','2020-12-17 11:51:48',NULL),(554,0,1608214964,'',1,1,0.00,'out','2020-12-17 14:22:44',NULL),(555,0,1608215275,'',1,1,0.00,'out','2020-12-17 14:27:55',NULL),(556,0,1608216201,'',1,2,0.00,'out','2020-12-17 14:43:21',NULL),(557,0,1608227059,'',1,2,0.00,'out','2020-12-17 17:44:19',NULL),(558,0,1608548688,'',11,2,0.00,'out','2020-12-21 11:04:48',NULL),(559,0,1608562449,'',14,2,0.00,'out','2020-12-21 14:54:09',NULL),(560,0,1608722807,'',5,1,0.00,'out','2020-12-23 11:26:47',NULL),(561,0,1608722807,'',7,2,0.00,'out','2020-12-23 11:26:47',NULL),(562,0,1608722807,'',2,3,0.00,'out','2020-12-23 11:26:47',NULL),(563,0,1608811778,'',1,2,0.00,'out','2020-12-24 12:09:38',NULL),(564,0,1608820338,'',1,2,0.00,'out','2020-12-24 14:32:18',NULL),(565,0,1608820338,'',1,3,0.00,'out','2020-12-24 14:32:18',NULL),(566,0,1608965379,'',5,2,0.00,'out','2020-12-26 06:49:39',NULL),(567,0,1608965379,'',11,3,0.00,'out','2020-12-26 06:49:39',NULL),(568,0,1608965719,'',1,2,0.00,'out','2020-12-26 06:55:19',NULL),(569,0,1609141043,'',1,2,0.00,'out','2020-12-28 07:37:23',NULL),(570,0,1609395679,'',1,1,0.00,'out','2020-12-31 06:21:19',NULL),(571,0,1609395679,'',1,2,0.00,'out','2020-12-31 06:21:19',NULL),(572,0,1609395795,'',2,2,0.00,'out','2020-12-31 06:23:15',NULL),(573,0,1609484568,'',6,2,0.00,'out','2021-01-01 07:02:48',NULL),(574,0,1609658887,'',1,2,0.00,'out','2021-01-03 07:28:07',NULL),(575,0,1609665414,'',5,2,0.00,'out','2021-01-03 09:16:54',NULL),(576,0,1609759200,'',27,2,0.00,'out','2021-01-04 11:20:00',NULL),(577,0,1609762572,'',1,2,0.00,'out','2021-01-04 12:16:12',NULL),(578,0,1609830270,'',9,2,0.00,'out','2021-01-05 07:04:30',NULL),(579,0,1610081870,'',1,2,0.00,'out','2021-01-08 04:57:50',NULL),(580,1,0,'123456789',200,1,60.00,'in','2021-01-10 06:50:35',NULL),(581,0,1610345615,'',1,2,0.00,'out','2021-01-11 06:13:35',NULL),(582,0,1610347074,'',3,2,0.00,'out','2021-01-11 06:37:54',NULL),(583,0,1613981432,'',1,7,0.00,'out','2021-02-22 08:10:32',NULL),(584,0,1614860589,'',2,7,0.00,'out','2021-03-04 12:23:09',NULL),(585,0,1614861313,'',2,13,0.00,'out','2021-03-04 12:35:13',NULL),(586,0,1614867945,'',2,13,0.00,'out','2021-03-04 14:25:45',NULL),(587,0,1614868265,'',1,13,0.00,'out','2021-03-04 14:31:05',NULL),(588,0,1614895653,'',2,7,0.00,'out','2021-03-04 22:07:33',NULL),(589,0,1614897422,'',1,7,0.00,'out','2021-03-04 22:37:02',NULL),(590,0,1614897579,'',2,7,0.00,'out','2021-03-04 22:39:39',NULL),(591,0,1614898075,'',1,7,0.00,'out','2021-03-04 22:47:55',NULL),(592,0,1614898437,'',2,7,0.00,'out','2021-03-04 22:53:57',NULL),(593,0,1615104647,'',2,7,0.00,'out','2021-03-07 08:10:47',NULL),(594,0,1615104820,'',1,13,0.00,'out','2021-03-07 08:13:40',NULL),(595,0,1615105685,'',1,13,0.00,'out','2021-03-07 08:28:05',NULL),(596,3,0,NULL,1,1,0.00,'in','2021-03-07 06:22:28',NULL),(597,3,0,NULL,2,2,0.00,'in','2021-03-07 06:22:36',NULL),(598,3,0,NULL,4,2,0.00,'in','2021-03-07 06:22:41',NULL),(599,3,0,NULL,1,2,0.00,'in','2021-03-07 06:22:46',NULL),(600,0,1615185380,'',1,13,0.00,'out','2021-03-08 06:36:20',NULL),(601,0,1615185693,'',1,13,0.00,'out','2021-03-08 06:41:33',NULL),(602,0,1615187299,'',1,7,0.00,'out','2021-03-08 07:08:19',NULL),(603,0,1615187590,'',1,7,0.00,'out','2021-03-08 07:13:10',NULL),(604,0,1615187650,'',1,7,0.00,'out','2021-03-08 07:14:10',NULL),(605,0,1615187696,'',1,7,0.00,'out','2021-03-08 07:14:56',NULL),(606,0,1615191566,'',1,7,0.00,'out','2021-03-08 08:19:26',NULL),(607,0,1615191888,'',1,7,0.00,'out','2021-03-08 08:24:48',NULL),(608,0,1615270838,'',2,7,0.00,'out','2021-03-09 06:20:38',NULL),(609,0,1616082552,'',1,7,0.00,'out','2021-03-18 15:49:12',NULL),(610,0,1616308605,'',1,13,0.00,'out','2021-03-21 06:36:45',NULL),(611,0,1616310971,'',1,13,0.00,'out','2021-03-21 07:16:11',NULL),(612,0,1616313250,'',1,13,0.00,'out','2021-03-21 07:54:10',NULL),(613,0,1616313422,'',2,13,0.00,'out','2021-03-21 07:57:02',NULL),(614,0,1616313519,'',2,7,0.00,'out','2021-03-21 07:58:39',NULL),(615,0,1616320675,'',1,13,0.00,'out','2021-03-21 09:57:55',NULL),(616,0,1616322515,'',1,13,0.00,'out','2021-03-21 10:28:35',NULL),(617,0,1616322516,'',1,7,0.00,'out','2021-03-21 10:28:36',NULL),(618,0,1616326880,'',1,13,0.00,'out','2021-03-21 11:41:20',NULL),(619,0,1616326880,'',1,7,0.00,'out','2021-03-21 11:41:20',NULL),(620,0,1616328189,'',3,13,0.00,'out','2021-03-21 12:03:09',NULL),(621,0,1616328189,'',2,7,0.00,'out','2021-03-21 12:03:09',NULL),(622,0,1616328375,'',1,7,0.00,'out','2021-03-21 12:06:15',NULL),(623,0,1616329817,'',1,13,0.00,'out','2021-03-21 12:30:17',NULL),(624,0,1616329817,'',1,7,0.00,'out','2021-03-21 12:30:17',NULL),(625,0,1616495582,'',1,7,0.00,'out','2021-03-23 10:33:02',NULL),(626,0,1616500622,'',1,7,0.00,'out','2021-03-23 11:57:02',NULL),(627,0,1617031152,'',1,7,0.00,'out','2021-03-29 15:19:12',NULL),(628,0,1617198886,'',1,7,0.00,'out','2021-03-31 13:54:46',NULL),(629,0,1617198934,'',1,13,0.00,'out','2021-03-31 13:55:34',NULL),(630,0,1618383718,'',1,7,0.00,'out','2021-04-14 07:01:58',NULL),(631,0,1618384576,'',1,13,0.00,'out','2021-04-14 07:16:16',NULL),(632,0,1618389644,'',1,7,0.00,'out','2021-04-14 08:40:44',NULL),(633,0,1618397415,'',1,7,0.00,'out','2021-04-14 10:50:15',NULL),(634,0,1618483919,'',1,7,0.00,'out','2021-04-15 10:51:59',NULL),(635,0,1618822011,'',1,7,0.00,'out','2021-04-19 08:46:51',NULL),(636,0,1618834536,'',1,7,0.00,'out','2021-04-19 12:15:36',NULL),(637,0,1618834593,'',1,13,0.00,'out','2021-04-19 12:16:33',NULL),(638,0,1618834593,'',1,7,0.00,'out','2021-04-19 12:16:33',NULL),(639,0,1618837376,'',1,13,0.00,'out','2021-04-19 13:02:56',NULL),(640,0,1618837793,'',1,7,0.00,'out','2021-04-19 13:09:53',NULL),(641,0,1618838118,'',1,13,0.00,'out','2021-04-19 13:15:18',NULL),(642,0,1618838373,'',1,13,0.00,'out','2021-04-19 13:19:33',NULL),(643,0,1619090435,'',1,7,0.00,'out','2021-04-22 11:20:35',NULL),(644,0,1619091073,'',1,7,0.00,'out','2021-04-22 11:31:13',NULL),(645,0,1619094770,'',1,7,0.00,'out','2021-04-22 12:32:50',NULL),(646,0,1619096747,'',1,7,0.00,'out','2021-04-22 13:05:47',NULL),(647,0,1619096969,'',1,7,0.00,'out','2021-04-22 13:09:29',NULL),(648,0,1619343881,'',1,7,0.00,'out','2021-04-25 09:44:41',NULL),(649,0,1619423738,'',2,13,0.00,'out','2021-04-26 07:55:38',NULL),(650,0,1619423738,'',2,7,0.00,'out','2021-04-26 07:55:38',NULL),(651,0,1619616010,'',1,7,0.00,'out','2021-04-28 13:20:10',NULL),(652,0,1619616103,'',1,13,0.00,'out','2021-04-28 13:21:43',NULL),(653,0,1619683710,'',1,7,0.00,'out','2021-04-29 08:08:30',NULL),(654,0,1620043221,'',1,7,0.00,'out','2021-05-03 12:00:21',NULL),(655,0,1620125260,'',1,13,0.00,'out','2021-05-04 10:47:40',NULL),(656,0,1620125260,'',1,7,0.00,'out','2021-05-04 10:47:40',NULL),(657,0,1620201259,'',1,7,0.00,'out','2021-05-05 07:54:19',NULL),(658,0,1620210378,'',1,7,0.00,'out','2021-05-05 10:26:18',NULL),(659,0,1620210477,'',1,7,0.00,'out','2021-05-05 10:27:57',NULL),(660,0,1620211120,'',1,13,0.00,'out','2021-05-05 10:38:40',NULL),(661,0,1620219102,'',1,7,0.00,'out','2021-05-05 12:51:42',NULL),(662,0,1620286946,'',1,7,0.00,'out','2021-05-06 07:42:26',NULL),(663,0,1620287681,'',1,7,0.00,'out','2021-05-06 07:54:41',NULL),(664,0,1620296967,'',1,13,0.00,'out','2021-05-06 10:29:27',NULL),(665,0,1620553323,'',1,7,0.00,'out','2021-05-09 09:42:03',NULL),(666,0,1620646313,'',1,13,0.00,'out','2021-05-10 11:31:53',NULL),(667,0,1620646495,'',1,7,0.00,'out','2021-05-10 11:34:55',NULL),(668,0,1620646734,'',1,7,0.00,'out','2021-05-10 11:38:54',NULL),(669,0,1620735596,'',1,7,0.00,'out','2021-05-11 12:19:56',NULL),(670,0,1621257172,'',1,7,0.00,'out','2021-05-17 13:12:52',NULL),(671,0,1621430280,'',1,7,0.00,'out','2021-05-19 13:18:00',NULL),(672,0,1621431976,'',2,13,0.00,'out','2021-05-19 13:46:16',NULL),(673,0,1621432763,'',1,13,0.00,'out','2021-05-19 13:59:23',NULL),(674,0,1621494685,'',1,13,0.00,'out','2021-05-20 07:11:25',NULL),(675,0,1621494685,'',1,7,0.00,'out','2021-05-20 07:11:25',NULL),(676,0,1621494826,'',1,13,0.00,'out','2021-05-20 07:13:46',NULL),(677,0,1621495255,'',1,13,0.00,'out','2021-05-20 07:20:55',NULL),(678,0,1621497671,'',2,13,0.00,'out','2021-05-20 08:01:11',NULL),(679,0,1621504395,'',1,13,0.00,'out','2021-05-20 09:53:15',NULL),(680,3,0,NULL,200,39,200.00,'in','2021-05-20 02:27:01',NULL),(681,3,0,NULL,10,39,200.00,'in','2021-05-20 02:37:42',NULL),(682,0,1621513932,'',1,13,0.00,'out','2021-05-20 12:32:12',NULL),(683,0,1621514321,'',1,13,0.00,'out','2021-05-20 12:38:41',NULL),(684,0,1621514659,'',1,13,0.00,'out','2021-05-20 12:44:19',NULL),(685,0,1621515117,'',1,13,0.00,'out','2021-05-20 12:51:57',NULL),(686,0,1621515657,'',1,13,0.00,'out','2021-05-20 13:00:57',NULL),(687,0,1621515923,'',1,13,0.00,'out','2021-05-20 13:05:23',NULL),(688,0,1621515923,'',2,7,0.00,'out','2021-05-20 13:05:23',NULL),(689,0,1621516288,'',1,13,0.00,'out','2021-05-20 13:11:28',NULL),(690,0,1621516288,'',1,7,0.00,'out','2021-05-20 13:11:28',NULL),(691,0,1621516665,'',1,13,0.00,'out','2021-05-20 13:17:45',NULL),(692,0,1621516817,'',1,13,0.00,'out','2021-05-20 13:20:17',NULL),(693,0,1621516997,'',1,13,0.00,'out','2021-05-20 13:23:17',NULL),(694,4,0,NULL,200,41,50.00,'in','2021-05-20 05:59:56',NULL),(695,0,1621759761,'',1,13,0.00,'out','2021-05-23 08:49:21',NULL),(696,0,1621759761,'',1,7,0.00,'out','2021-05-23 08:49:21',NULL),(697,0,1621762138,'',1,7,0.00,'out','2021-05-23 09:28:58',NULL),(698,0,1623939787,'',2,13,0.00,'out','2021-06-17 14:23:07',NULL),(699,0,1623939894,'',1,7,0.00,'out','2021-06-17 14:24:54',NULL),(700,0,1624184564,'',1,13,0.00,'out','2021-06-20 10:22:44',NULL),(701,0,1624184564,'',2,7,0.00,'out','2021-06-20 10:22:44',NULL),(702,0,1624184757,'',2,9,0.00,'out','2021-06-20 10:25:57',NULL),(703,0,1624523402,'',2,13,0.00,'out','2021-06-24 08:30:02',NULL),(704,0,1624523403,'',8,7,0.00,'out','2021-06-24 08:30:03',NULL),(705,0,1624523403,'',3,9,0.00,'out','2021-06-24 08:30:03',NULL),(706,0,1624784428,'',1,10,0.00,'out','2021-06-27 09:00:28',NULL),(707,0,1624784428,'',1,9,0.00,'out','2021-06-27 09:00:28',NULL),(708,0,1624953547,'',2,13,0.00,'out','2021-06-29 07:59:07',NULL),(709,0,1624953547,'',2,7,0.00,'out','2021-06-29 07:59:07',NULL),(710,0,1624960916,'',1,7,0.00,'out','2021-06-29 10:01:56',NULL),(711,0,1624964592,'',1,7,0.00,'out','2021-06-29 11:03:12',NULL),(712,0,1625148899,'',1,12,0.00,'out','2021-07-01 14:14:59',NULL),(713,0,1625306825,'',5,12,0.00,'out','2021-07-03 10:07:05',NULL),(714,0,1625306825,'',2,7,0.00,'out','2021-07-03 10:07:05',NULL),(715,0,1625386327,'',2,12,0.00,'out','2021-07-04 08:12:07',NULL),(716,0,1625490947,'',1,12,0.00,'out','2021-07-05 13:15:47',NULL),(717,0,1625501077,'',1,12,0.00,'out','2021-07-05 16:04:37',NULL),(718,0,1625501077,'',1,13,0.00,'out','2021-07-05 16:04:37',NULL),(719,0,1625501077,'',2,7,0.00,'out','2021-07-05 16:04:37',NULL),(720,3,0,NULL,200,42,60.00,'in','2021-07-05 23:45:46',NULL),(721,3,0,NULL,200,43,60.00,'in','2021-07-05 23:46:18',NULL),(722,3,0,NULL,200,44,60.00,'in','2021-07-05 23:46:34',NULL),(723,0,1625523735,'',1,12,0.00,'out','2021-07-05 22:22:15',NULL),(724,0,1625527322,'',1,7,0.00,'out','2021-07-05 23:22:02',NULL),(725,0,1625527465,'',1,13,0.00,'out','2021-07-05 23:24:25',NULL),(726,0,1625527856,'',1,13,0.00,'out','2021-07-05 23:30:56',NULL),(727,0,1625550613,'',1,13,0.00,'out','2021-07-06 05:50:13',NULL),(728,0,1625550613,'',1,7,0.00,'out','2021-07-06 05:50:13',NULL),(729,0,1625550994,'',1,12,0.00,'out','2021-07-06 05:56:34',NULL),(730,0,1625550994,'',1,13,0.00,'out','2021-07-06 05:56:34',NULL),(731,0,1625551303,'',1,12,0.00,'out','2021-07-06 06:01:43',NULL),(732,0,1625551710,'',1,42,0.00,'out','2021-07-06 06:08:30',NULL),(733,0,1625552753,'',2,7,0.00,'out','2021-07-06 06:25:53',NULL),(734,0,1625554615,'',1,12,0.00,'out','2021-07-06 06:56:55',NULL),(735,0,1625556018,'',1,7,0.00,'out','2021-07-06 07:20:18',NULL),(736,0,1625556316,'',1,12,0.00,'out','2021-07-06 07:25:16',NULL),(737,0,1625556316,'',1,13,0.00,'out','2021-07-06 07:25:16',NULL),(738,0,1625556505,'',1,12,0.00,'out','2021-07-06 07:28:25',NULL),(739,0,1625556505,'',2,13,0.00,'out','2021-07-06 07:28:25',NULL),(740,0,1625556505,'',1,7,0.00,'out','2021-07-06 07:28:25',NULL),(741,0,1625558374,'',1,12,0.00,'out','2021-07-06 07:59:34',NULL),(742,0,1625558653,'',1,12,0.00,'out','2021-07-06 08:04:13',NULL),(743,0,1625563521,'',1,13,0.00,'out','2021-07-06 09:25:21',NULL),(744,0,1625563659,'',1,13,0.00,'out','2021-07-06 09:27:39',NULL),(745,0,1625564100,'',1,12,0.00,'out','2021-07-06 09:35:00',NULL),(746,0,1625564435,'',1,13,0.00,'out','2021-07-06 09:40:35',NULL),(747,0,1625564899,'',1,13,0.00,'out','2021-07-06 09:48:19',NULL),(748,0,1625565147,'',1,13,0.00,'out','2021-07-06 09:52:27',NULL),(749,0,1625565510,'',1,13,0.00,'out','2021-07-06 09:58:30',NULL),(750,0,1625565952,'',1,12,0.00,'out','2021-07-06 10:05:52',NULL),(751,0,1625567035,'',3,13,0.00,'out','2021-07-06 10:23:55',NULL),(752,0,1625568069,'',1,13,0.00,'out','2021-07-06 10:41:09',NULL),(753,0,1625568133,'',1,13,0.00,'out','2021-07-06 10:42:13',NULL),(754,0,1625568278,'',1,13,0.00,'out','2021-07-06 10:44:38',NULL),(755,0,1625568608,'',1,13,0.00,'out','2021-07-06 10:50:08',NULL),(756,0,1625571447,'',1,12,0.00,'out','2021-07-06 11:37:27',NULL),(757,0,1625571447,'',1,13,0.00,'out','2021-07-06 11:37:27',NULL),(758,0,1625573838,'',1,12,0.00,'out','2021-07-06 12:17:18',NULL),(759,0,1625573921,'',1,13,0.00,'out','2021-07-06 12:18:41',NULL),(760,0,1625574023,'',1,13,0.00,'out','2021-07-06 12:20:23',NULL),(761,0,1625574084,'',1,13,0.00,'out','2021-07-06 12:21:24',NULL),(762,0,1625574328,'',1,13,0.00,'out','2021-07-06 12:25:28',NULL),(763,0,1625578181,'',3,12,0.00,'out','2021-07-06 13:29:41',NULL),(764,0,1625578181,'',1,42,0.00,'out','2021-07-06 13:29:41',NULL),(765,0,1625578181,'',1,7,0.00,'out','2021-07-06 13:29:41',NULL),(766,0,1625578698,'',1,12,0.00,'out','2021-07-06 13:38:18',NULL),(767,0,1625578698,'',1,42,0.00,'out','2021-07-06 13:38:18',NULL),(768,0,1625578698,'',1,7,0.00,'out','2021-07-06 13:38:18',NULL),(769,0,1625579612,'',2,13,0.00,'out','2021-07-06 13:53:32',NULL),(770,3,0,NULL,2,12,0.00,'in','2021-07-06 03:53:54',NULL),(771,3,0,NULL,1,12,0.00,'in','2021-07-06 03:54:01',NULL),(772,0,1625580409,'',1,13,0.00,'out','2021-07-06 14:06:49',NULL),(773,0,1625581702,'',1,12,0.00,'out','2021-07-06 14:28:22',NULL),(774,0,1625581702,'',1,13,0.00,'out','2021-07-06 14:28:22',NULL),(775,0,1625581702,'',1,7,0.00,'out','2021-07-06 14:28:22',NULL),(776,0,1625587288,'',1,12,0.00,'out','2021-07-06 16:01:28',NULL),(777,0,1625588512,'',1,13,0.00,'out','2021-07-06 16:21:52',NULL),(778,0,1625590325,'',2,42,0.00,'out','2021-07-06 16:52:05',NULL),(779,0,1625590325,'',1,13,0.00,'out','2021-07-06 16:52:05',NULL),(780,0,1625590325,'',2,43,0.00,'out','2021-07-06 16:52:05',NULL),(781,0,1625591698,'',1,13,0.00,'out','2021-07-06 17:14:58',NULL),(782,0,1625638959,'',1,13,0.00,'out','2021-07-07 06:22:39',NULL),(783,0,1625658719,'',1,12,0.00,'out','2021-07-07 11:51:59',NULL),(784,0,1625658719,'',1,42,0.00,'out','2021-07-07 11:51:59',NULL),(785,0,1625658719,'',2,43,0.00,'out','2021-07-07 11:51:59',NULL),(786,0,1625668826,'',1,7,0.00,'out','2021-07-07 14:40:26',NULL),(787,0,1625669625,'',9,12,0.00,'out','2021-07-07 14:53:45',NULL),(788,0,1625672295,'',2,12,0.00,'out','2021-07-07 15:38:15',NULL),(789,0,1625672620,'',1,7,0.00,'out','2021-07-07 15:43:40',NULL),(790,0,1625673319,'',1,7,0.00,'out','2021-07-07 15:55:19',NULL),(791,0,1625673788,'',1,13,0.00,'out','2021-07-07 16:03:08',NULL),(792,0,1625673889,'',1,43,0.00,'out','2021-07-07 16:04:49',NULL),(793,0,1625674251,'',1,7,0.00,'out','2021-07-07 16:10:51',NULL),(794,0,1625674631,'',1,13,0.00,'out','2021-07-07 16:17:11',NULL),(795,0,1625675758,'',1,43,0.00,'out','2021-07-07 16:35:58',NULL),(796,0,1625675865,'',1,7,0.00,'out','2021-07-07 16:37:45',NULL),(797,0,1625676300,'',1,7,0.00,'out','2021-07-07 16:45:00',NULL),(798,0,1625678229,'',1,13,0.00,'out','2021-07-07 17:17:09',NULL),(799,0,1625679806,'',1,13,0.00,'out','2021-07-07 17:43:26',NULL),(800,0,1625729921,'',1,12,0.00,'out','2021-07-08 07:38:41',NULL),(801,0,1625732460,'',1,13,0.00,'out','2021-07-08 08:21:00',NULL),(802,0,1625732630,'',2,7,0.00,'out','2021-07-08 08:23:50',NULL),(803,3,0,NULL,200,45,60.00,'in','2021-07-08 10:53:59',NULL),(804,0,1625736607,'',1,13,0.00,'out','2021-07-08 09:30:07',NULL),(805,0,1625737349,'',1,45,0.00,'out','2021-07-08 09:42:29',NULL),(806,0,1625737411,'',1,7,0.00,'out','2021-07-08 09:43:31',NULL),(807,0,1625737514,'',1,13,0.00,'out','2021-07-08 09:45:14',NULL),(808,0,1625737514,'',1,7,0.00,'out','2021-07-08 09:45:14',NULL),(809,0,1625737679,'',1,13,0.00,'out','2021-07-08 09:47:59',NULL),(810,0,1625737773,'',2,45,0.00,'out','2021-07-08 09:49:33',NULL),(811,0,1625738480,'',3,45,0.00,'out','2021-07-08 10:01:20',NULL),(812,0,1625738638,'',1,43,0.00,'out','2021-07-08 10:03:58',NULL),(813,0,1625738780,'',1,43,0.00,'out','2021-07-08 10:06:20',NULL),(814,0,1625738803,'',1,45,0.00,'out','2021-07-08 10:06:43',NULL),(815,0,1625739284,'',1,45,0.00,'out','2021-07-08 10:14:44',NULL),(816,0,1625740377,'',1,12,0.00,'out','2021-07-08 10:32:57',NULL),(817,0,1625741300,'',1,12,0.00,'out','2021-07-08 10:48:20',NULL),(818,0,1625742098,'',1,45,0.00,'out','2021-07-08 11:01:38',NULL),(819,0,1625742228,'',2,45,0.00,'out','2021-07-08 11:03:48',NULL),(820,0,1625743312,'',1,7,0.00,'out','2021-07-08 11:21:52',NULL),(821,0,1625745039,'',1,7,0.00,'out','2021-07-08 11:50:39',NULL),(822,0,1625745311,'',3,13,0.00,'out','2021-07-08 11:55:11',NULL),(823,0,1625745573,'',1,13,0.00,'out','2021-07-08 11:59:33',NULL),(824,0,1625745667,'',2,45,0.00,'out','2021-07-08 12:01:07',NULL),(825,0,1625746176,'',5,12,0.00,'out','2021-07-08 12:09:36',NULL),(826,0,1625746176,'',1,7,0.00,'out','2021-07-08 12:09:36',NULL),(827,0,1625746306,'',1,42,0.00,'out','2021-07-08 12:11:46',NULL),(828,0,1625746512,'',1,43,0.00,'out','2021-07-08 12:15:12',NULL),(829,0,1625746673,'',2,42,0.00,'out','2021-07-08 12:17:53',NULL),(830,0,1625746692,'',4,12,0.00,'out','2021-07-08 12:18:12',NULL),(831,3,0,NULL,1,13,0.00,'in','2021-07-08 02:26:25',NULL),(832,0,1625747221,'',1,7,0.00,'out','2021-07-08 12:27:01',NULL),(833,0,1625748238,'',1,42,0.00,'out','2021-07-08 12:43:58',NULL),(834,0,1625748238,'',1,45,0.00,'out','2021-07-08 12:43:58',NULL),(835,0,1625748238,'',1,13,0.00,'out','2021-07-08 12:43:58',NULL),(836,0,1625748238,'',1,7,0.00,'out','2021-07-08 12:43:58',NULL),(837,0,1625748238,'',1,43,0.00,'out','2021-07-08 12:43:58',NULL),(838,0,1625748258,'',3,13,0.00,'out','2021-07-08 12:44:18',NULL),(839,0,1625749090,'',1,45,0.00,'out','2021-07-08 12:58:10',NULL),(840,0,1625749184,'',1,12,0.00,'out','2021-07-08 12:59:44',NULL),(841,0,1625749184,'',2,45,0.00,'out','2021-07-08 12:59:44',NULL),(842,0,1625749280,'',3,12,0.00,'out','2021-07-08 13:01:20',NULL),(843,0,1625749439,'',3,7,0.00,'out','2021-07-08 13:03:59',NULL),(844,0,1625749738,'',3,45,0.00,'out','2021-07-08 13:08:58',NULL),(845,0,1625749908,'',1,13,0.00,'out','2021-07-08 13:11:48',NULL),(846,0,1625750070,'',6,42,0.00,'out','2021-07-08 13:14:30',NULL),(847,0,1625750200,'',1,43,0.00,'out','2021-07-08 13:16:40',NULL),(848,3,0,NULL,6,42,0.00,'in','2021-07-08 03:17:32',NULL),(849,0,1625750308,'',1,12,0.00,'out','2021-07-08 13:18:28',NULL),(850,3,0,NULL,1,12,0.00,'in','2021-07-08 03:19:10',NULL),(851,0,1625750422,'',1,7,0.00,'out','2021-07-08 13:20:22',NULL),(852,0,1625750527,'',1,7,0.00,'out','2021-07-08 13:22:07',NULL),(853,0,1625750605,'',1,13,0.00,'out','2021-07-08 13:23:25',NULL),(854,0,1625750722,'',1,12,0.00,'out','2021-07-08 13:25:22',NULL),(855,0,1625750722,'',1,7,0.00,'out','2021-07-08 13:25:22',NULL),(856,0,1625750932,'',1,12,0.00,'out','2021-07-08 13:28:52',NULL),(857,0,1625751078,'',5,13,0.00,'out','2021-07-08 13:31:18',NULL),(858,0,1625752419,'',1,12,0.00,'out','2021-07-08 13:53:39',NULL),(859,0,1625752699,'',1,43,0.00,'out','2021-07-08 13:58:19',NULL),(860,0,1625752759,'',1,45,0.00,'out','2021-07-08 13:59:19',NULL),(861,0,1625752833,'',1,13,0.00,'out','2021-07-08 14:00:33',NULL),(862,0,1625753864,'',2,12,0.00,'out','2021-07-08 14:17:44',NULL),(863,0,1625753949,'',2,12,0.00,'out','2021-07-08 14:19:09',NULL),(864,0,1625754378,'',2,7,0.00,'out','2021-07-08 14:26:18',NULL),(865,0,1625754465,'',2,7,0.00,'out','2021-07-08 14:27:45',NULL),(866,0,1625754607,'',1,7,0.00,'out','2021-07-08 14:30:07',NULL),(867,0,1625754659,'',1,12,0.00,'out','2021-07-08 14:30:59',NULL),(868,0,1625754673,'',1,7,0.00,'out','2021-07-08 14:31:13',NULL),(869,0,1625754765,'',1,45,0.00,'out','2021-07-08 14:32:45',NULL),(870,0,1625754794,'',1,45,0.00,'out','2021-07-08 14:33:14',NULL),(871,0,1625755002,'',2,43,0.00,'out','2021-07-08 14:36:42',NULL),(872,0,1625755072,'',1,42,0.00,'out','2021-07-08 14:37:52',NULL),(873,0,1625756159,'',1,45,0.00,'out','2021-07-08 14:55:59',NULL),(874,0,1625830080,'',1,42,0.00,'out','2021-07-09 11:28:00',NULL),(875,0,1625830849,'',2,42,0.00,'out','2021-07-09 11:40:49',NULL),(876,0,1625990107,'',4,12,0.00,'out','2021-07-11 07:55:07',NULL),(877,0,1625990107,'',1,45,0.00,'out','2021-07-11 07:55:07',NULL),(878,0,1625990228,'',1,45,0.00,'out','2021-07-11 07:57:08',NULL),(879,0,1625990335,'',1,45,0.00,'out','2021-07-11 07:58:55',NULL),(880,0,1625991528,'',1,42,0.00,'out','2021-07-11 08:18:48',NULL),(881,0,1625991710,'',1,42,0.00,'out','2021-07-11 08:21:50',NULL),(882,0,1625992756,'',1,45,0.00,'out','2021-07-11 08:39:16',NULL),(883,0,1626000082,'',1,12,0.00,'out','2021-07-11 10:41:22',NULL),(884,0,1626000082,'',1,42,0.00,'out','2021-07-11 10:41:22',NULL),(885,0,1626000082,'',1,45,0.00,'out','2021-07-11 10:41:22',NULL),(886,0,1626000082,'',1,43,0.00,'out','2021-07-11 10:41:22',NULL),(887,0,1626001748,'',6,42,0.00,'out','2021-07-11 11:09:08',NULL),(888,0,1626001748,'',5,45,0.00,'out','2021-07-11 11:09:08',NULL),(889,0,1626004853,'',1,12,0.00,'out','2021-07-11 12:00:53',NULL),(890,0,1626005166,'',2,7,0.00,'out','2021-07-11 12:06:06',NULL),(891,0,1626005261,'',2,7,0.00,'out','2021-07-11 12:07:41',NULL),(892,0,1626005776,'',1,42,0.00,'out','2021-07-11 12:16:16',NULL),(893,0,1626005776,'',1,45,0.00,'out','2021-07-11 12:16:16',NULL),(894,0,1626005984,'',3,12,0.00,'out','2021-07-11 12:19:44',NULL),(895,0,1626005984,'',1,42,0.00,'out','2021-07-11 12:19:44',NULL),(896,0,1626005984,'',2,45,0.00,'out','2021-07-11 12:19:44',NULL),(897,0,1626005984,'',2,43,0.00,'out','2021-07-11 12:19:44',NULL),(898,0,1626006373,'',1,45,0.00,'out','2021-07-11 12:26:13',NULL),(899,0,1626006373,'',1,7,0.00,'out','2021-07-11 12:26:13',NULL),(900,0,1626006732,'',1,45,0.00,'out','2021-07-11 12:32:12',NULL),(901,0,1626006907,'',1,12,0.00,'out','2021-07-11 12:35:07',NULL),(902,0,1626006907,'',1,45,0.00,'out','2021-07-11 12:35:07',NULL),(903,0,1626007561,'',1,12,0.00,'out','2021-07-11 12:46:01',NULL),(904,0,1626007869,'',1,12,0.00,'out','2021-07-11 12:51:09',NULL),(905,0,1626009619,'',1,45,0.00,'out','2021-07-11 13:20:19',NULL),(906,0,1626073452,'',1,42,0.00,'out','2021-07-12 07:04:12',NULL),(907,0,1626073452,'',2,45,0.00,'out','2021-07-12 07:04:12',NULL),(908,0,1626074180,'',1,42,0.00,'out','2021-07-12 07:16:20',NULL),(909,0,1626085121,'',1,12,0.00,'out','2021-07-12 10:18:41',NULL),(910,0,1626085848,'',1,45,0.00,'out','2021-07-12 10:30:48',NULL),(911,0,1626085848,'',1,7,0.00,'out','2021-07-12 10:30:48',NULL),(912,0,1626087638,'',1,45,0.00,'out','2021-07-12 11:00:38',NULL),(913,0,1626087638,'',1,7,0.00,'out','2021-07-12 11:00:38',NULL),(914,0,1626087765,'',2,12,0.00,'out','2021-07-12 11:02:45',NULL),(915,0,1626087765,'',5,42,0.00,'out','2021-07-12 11:02:45',NULL),(916,0,1626087765,'',3,45,0.00,'out','2021-07-12 11:02:45',NULL),(917,0,1626087765,'',2,7,0.00,'out','2021-07-12 11:02:45',NULL),(918,0,1626088092,'',2,12,0.00,'out','2021-07-12 11:08:12',NULL),(919,0,1626088092,'',2,45,0.00,'out','2021-07-12 11:08:12',NULL),(920,0,1626088093,'',1,13,0.00,'out','2021-07-12 11:08:13',NULL),(921,0,1626088093,'',1,7,0.00,'out','2021-07-12 11:08:13',NULL),(922,0,1626090568,'',1,7,0.00,'out','2021-07-12 11:49:28',NULL),(923,0,1626090845,'',1,42,0.00,'out','2021-07-12 11:54:05',NULL),(924,0,1626100590,'',1,42,0.00,'out','2021-07-12 14:36:30',NULL),(925,0,1626166036,'',2,42,0.00,'out','2021-07-13 08:47:16',NULL),(926,0,1626166036,'',5,45,0.00,'out','2021-07-13 08:47:16',NULL),(927,3,0,NULL,2,42,0.00,'in','2021-07-12 23:35:11',NULL),(928,3,0,NULL,5,45,0.00,'in','2021-07-12 23:35:11',NULL),(929,0,1626170000,'',1,43,0.00,'out','2021-07-13 09:53:20',NULL),(930,0,1626179383,'',1,43,0.00,'out','2021-07-13 12:29:43',NULL),(931,0,1626350004,'',3,42,0.00,'out','2021-07-15 11:53:24',NULL),(932,0,1626350081,'',4,13,0.00,'out','2021-07-15 11:54:41',NULL),(933,0,1626350148,'',5,7,0.00,'out','2021-07-15 11:55:48',NULL),(934,0,1626350218,'',2,45,0.00,'out','2021-07-15 11:56:58',NULL),(935,0,1626350260,'',4,43,0.00,'out','2021-07-15 11:57:40',NULL),(936,0,1626350325,'',3,12,0.00,'out','2021-07-15 11:58:45',NULL),(937,3,0,'6979769',20,46,19.00,'in','2021-07-24 23:29:24',NULL),(938,0,1627291361,'',1,7,0.00,'out','2021-07-26 09:22:41',NULL),(939,0,1627291864,'',1,7,0.00,'out','2021-07-26 09:31:04',NULL),(940,0,1628587432,'',6,12,0.00,'out','2021-08-10 09:23:52',NULL),(941,0,1628587432,'',4,42,0.00,'out','2021-08-10 09:23:52',NULL),(942,0,1628587432,'',8,7,0.00,'out','2021-08-10 09:23:52',NULL),(943,3,0,NULL,5,7,0.00,'in','2021-08-15 02:22:52',NULL),(944,3,0,NULL,2,45,0.00,'in','2021-08-15 02:22:59',NULL),(945,0,1630406810,'',1,42,0.00,'out','2021-08-31 10:46:50',NULL),(946,0,1630409852,'',1,42,0.00,'out','2021-08-31 11:37:32',NULL),(947,0,1630422521,'',1,7,0.00,'out','2021-08-31 15:08:41',NULL),(948,3,0,NULL,200,47,60.00,'in','2021-09-02 10:59:13',NULL),(949,0,1630604932,'',1,47,0.00,'out','2021-09-02 17:48:52',NULL),(950,0,1630664309,'',1,47,0.00,'out','2021-09-03 10:18:29',NULL),(951,0,1630818618,'',1,47,0.00,'out','2021-09-05 05:10:18',NULL),(952,0,1630825945,'',1,9,0.00,'out','2021-09-05 07:12:25',NULL),(953,0,1630843730,'',1,9,0.00,'out','2021-09-05 12:08:50',NULL),(954,0,1630845597,'',1,13,0.00,'out','2021-09-05 12:39:57',NULL),(955,0,1630851982,'',1,42,0.00,'out','2021-09-05 14:26:22',NULL),(956,0,1630998386,'',1,13,0.00,'out','2021-09-07 07:06:26',NULL),(957,0,1631000145,'',1,13,0.00,'out','2021-09-07 07:35:45',NULL),(958,0,1631001427,'',1,13,0.00,'out','2021-09-07 07:57:07',NULL),(959,0,1631005450,'',1,13,0.00,'out','2021-09-07 09:04:10',NULL),(960,0,1631008599,'',1,44,0.00,'out','2021-09-07 09:56:39',NULL),(961,0,1631341309,'',2,47,0.00,'out','2021-09-11 06:21:49',NULL),(962,0,1631391438,'',1,47,0.00,'out','2021-09-11 20:17:18',NULL),(963,0,1631463396,'',1,7,0.00,'out','2021-09-12 16:16:36',NULL),(964,0,1631464274,'',1,47,0.00,'out','2021-09-12 16:31:14',NULL),(965,4,0,NULL,1,13,0.00,'in','2021-09-12 08:13:34',NULL),(966,4,0,NULL,1,13,0.00,'in','2021-09-12 08:13:52',NULL),(967,4,0,NULL,1,9,0.00,'in','2021-09-12 08:14:01',NULL),(968,4,0,NULL,1,13,0.00,'in','2021-09-12 08:14:18',NULL),(969,4,0,NULL,3,12,0.00,'in','2021-09-12 08:14:38',NULL),(970,4,0,NULL,4,13,0.00,'in','2021-09-12 08:15:07',NULL),(971,4,0,NULL,4,43,0.00,'in','2021-09-12 08:15:19',NULL),(972,4,0,NULL,3,42,0.00,'in','2021-09-12 08:15:39',NULL),(973,4,0,NULL,6,12,0.00,'in','2021-09-12 08:17:55',NULL),(974,4,0,NULL,4,42,0.00,'in','2021-09-12 08:17:55',NULL),(975,4,0,NULL,8,7,0.00,'in','2021-09-12 08:17:55',NULL),(976,0,1631524343,'',1,7,0.00,'out','2021-09-13 09:12:23',NULL),(977,0,1631542955,'',1,47,0.00,'out','2021-09-13 14:22:35',NULL),(978,0,1631546827,'',2,47,0.00,'out','2021-09-13 15:27:07',NULL),(979,0,1631557835,'',4,47,0.00,'out','2021-09-13 18:30:35',NULL),(980,0,1631561931,'',1,47,0.00,'out','2021-09-13 19:38:51',NULL),(981,0,1631561931,'',1,7,0.00,'out','2021-09-13 19:38:51',NULL),(982,0,1631565734,'',1,47,0.00,'out','2021-09-13 20:42:14',NULL),(983,0,1631566837,'',1,47,0.00,'out','2021-09-13 21:00:37',NULL),(984,0,1631602693,'',2,47,0.00,'out','2021-09-14 06:58:13',NULL),(985,0,1631644114,'',1,47,0.00,'out','2021-09-14 18:28:34',NULL),(986,0,1631678855,'',19,7,0.00,'out','2021-09-15 04:07:35',NULL),(987,0,1631693068,'',1,47,0.00,'out','2021-09-15 08:04:28',NULL),(988,0,1631693344,'',1,7,0.00,'out','2021-09-15 08:09:04',NULL),(989,0,1631695397,'',1,47,0.00,'out','2021-09-15 08:43:17',NULL),(990,4,0,NULL,1,47,0.00,'in','2021-09-15 01:18:44',NULL),(991,4,0,NULL,1,47,0.00,'in','2021-09-15 01:19:02',NULL),(992,0,1631708283,'',1,47,0.00,'out','2021-09-15 12:18:03',NULL),(993,0,1631712924,'',3,47,0.00,'out','2021-09-15 13:35:24',NULL),(994,0,1631712924,'',2,42,0.00,'out','2021-09-15 13:35:24',NULL),(995,0,1631712924,'',2,7,0.00,'out','2021-09-15 13:35:24',NULL),(996,0,1631712924,'',1,9,0.00,'out','2021-09-15 13:35:24',NULL),(997,0,1631717616,'',1,45,0.00,'out','2021-09-15 14:53:36',NULL),(998,0,1631769099,'',1,47,0.00,'out','2021-09-16 05:11:39',NULL),(999,0,1631872521,'',2,47,0.00,'out','2021-09-17 09:55:21',NULL),(1000,0,1631878149,'',1,47,0.00,'out','2021-09-17 11:29:09',NULL),(1001,0,1631882158,'',1,47,0.00,'out','2021-09-17 12:35:58',NULL),(1002,0,1631897306,'',3,47,0.00,'out','2021-09-17 16:48:26',NULL),(1003,0,1632211774,'',1,47,0.00,'out','2021-09-21 08:09:34',NULL),(1004,0,1632212047,'',1,47,0.00,'out','2021-09-21 08:14:07',NULL),(1005,0,1632228618,'',1,47,0.00,'out','2021-09-21 12:50:18',NULL),(1006,0,1632230762,'',3,45,0.00,'out','2021-09-21 13:26:02',NULL),(1007,0,1632375797,'',1,45,0.00,'out','2021-09-23 05:43:17',NULL),(1008,0,1632385789,'',1,47,0.00,'out','2021-09-23 08:29:49',NULL),(1009,0,1632660076,'',2,47,0.00,'out','2021-09-26 12:41:16',NULL),(1010,0,1632660076,'',1,45,0.00,'out','2021-09-26 12:41:16',NULL),(1011,0,1632741884,'',2,47,0.00,'out','2021-09-27 11:24:44',NULL),(1012,0,1632842164,'',1,42,0.00,'out','2021-09-28 15:16:04',NULL),(1013,0,1632946251,'',1,47,0.00,'out','2021-09-29 20:10:51',NULL),(1014,0,1632946251,'',1,42,0.00,'out','2021-09-29 20:10:51',NULL),(1015,0,1632946251,'',1,7,0.00,'out','2021-09-29 20:10:51',NULL),(1016,0,1632946251,'',1,9,0.00,'out','2021-09-29 20:10:51',NULL),(1017,0,1633256129,'',2,47,0.00,'out','2021-10-03 10:15:29',NULL),(1018,0,1633256129,'',2,45,0.00,'out','2021-10-03 10:15:29',NULL),(1019,0,1633256129,'',2,42,0.00,'out','2021-10-03 10:15:29',NULL),(1020,0,1633256129,'',2,7,0.00,'out','2021-10-03 10:15:29',NULL),(1021,0,1633256129,'',1,9,0.00,'out','2021-10-03 10:15:29',NULL),(1022,0,1633268006,'',1,45,0.00,'out','2021-10-03 13:33:26',NULL),(1023,0,1633268006,'',1,42,0.00,'out','2021-10-03 13:33:26',NULL),(1024,0,1633268006,'',2,7,0.00,'out','2021-10-03 13:33:26',NULL),(1025,0,1633268931,'',3,47,0.00,'out','2021-10-03 13:48:51',NULL),(1026,0,1633268931,'',1,42,0.00,'out','2021-10-03 13:48:51',NULL),(1027,0,1633268931,'',1,9,0.00,'out','2021-10-03 13:48:51',NULL),(1028,0,1633334366,'',2,47,0.00,'out','2021-10-04 07:59:26',NULL),(1029,0,1633344220,'',4,42,0.00,'out','2021-10-04 10:43:40',NULL),(1030,0,1633344220,'',4,9,0.00,'out','2021-10-04 10:43:40',NULL),(1031,0,1633355643,'',1,47,0.00,'out','2021-10-04 13:54:03',NULL),(1032,0,1633416202,'',1,47,0.00,'out','2021-10-05 06:43:22',NULL),(1033,0,1633416202,'',1,42,0.00,'out','2021-10-05 06:43:22',NULL),(1034,0,1633416202,'',1,7,0.00,'out','2021-10-05 06:43:22',NULL),(1035,0,1633435333,'',1,47,0.00,'out','2021-10-05 12:02:13',NULL),(1036,0,1633444525,'',1,42,0.00,'out','2021-10-05 14:35:25',NULL),(1037,0,1633447433,'',1,42,0.00,'out','2021-10-05 15:23:53',NULL),(1038,0,1633450551,'',1,47,0.00,'out','2021-10-05 16:15:51',NULL),(1039,0,1633451210,'',1,47,0.00,'out','2021-10-05 16:26:50',NULL),(1040,0,1633500441,'',1,47,0.00,'out','2021-10-06 06:07:21',NULL),(1041,0,1633501248,'',1,47,0.00,'out','2021-10-06 06:20:48',NULL),(1042,0,1633502461,'',2,42,0.00,'out','2021-10-06 06:41:01',NULL),(1043,0,1633502521,'',1,7,0.00,'out','2021-10-06 06:42:01',NULL),(1044,0,1633509755,'',1,7,0.00,'out','2021-10-06 08:42:35',NULL),(1045,0,1633528396,'',1,42,0.00,'out','2021-10-06 13:53:16',NULL),(1046,0,1633686056,'',1,42,0.00,'out','2021-10-08 09:40:56',NULL),(1047,0,1633687053,'',1,47,0.00,'out','2021-10-08 09:57:33',NULL),(1048,0,1633687269,'',1,47,0.00,'out','2021-10-08 10:01:09',NULL),(1049,0,1633947922,'',2,47,0.00,'out','2021-10-11 10:25:22',NULL),(1050,0,1634142587,'',2,47,0.00,'out','2021-10-13 16:29:47',NULL),(1051,0,1634321369,'',1,9,0.00,'out','2021-10-15 18:09:29',NULL),(1052,0,1634403319,'',1,42,0.00,'out','2021-10-16 16:55:19',NULL),(1053,0,1634449383,'',1,47,0.00,'out','2021-10-17 05:43:03',NULL),(1054,0,1634920278,'',1,47,0.00,'out','2021-10-22 16:31:18',NULL),(1055,0,1635073648,'',1,47,0.00,'out','2021-10-24 11:07:28',NULL),(1056,0,1635073648,'',1,42,0.00,'out','2021-10-24 11:07:28',NULL),(1057,0,1635073648,'',1,7,0.00,'out','2021-10-24 11:07:28',NULL),(1058,0,1635203747,'',1,47,0.00,'out','2021-10-25 23:15:47',NULL),(1059,0,1635203964,'',1,7,0.00,'out','2021-10-25 23:19:24',NULL),(1060,0,1635204223,'',1,42,0.00,'out','2021-10-25 23:23:43',NULL),(1061,0,1635206975,'',1,47,0.00,'out','2021-10-26 00:09:35',NULL),(1062,0,1635230285,'',1,47,0.00,'out','2021-10-26 06:38:05',NULL),(1063,0,1635247425,'',1,47,0.00,'out','2021-10-26 11:23:45',NULL),(1064,0,1635247911,'',1,7,0.00,'out','2021-10-26 11:31:51',NULL),(1065,0,1635279661,'',1,47,0.00,'out','2021-10-26 20:21:01',NULL),(1066,0,1635305105,'',1,47,0.00,'out','2021-10-27 03:25:05',NULL),(1067,0,1635305295,'',1,47,0.00,'out','2021-10-27 03:28:15',NULL),(1068,0,1635305674,'',1,47,0.00,'out','2021-10-27 03:34:34',NULL),(1069,0,1635325235,'',1,47,0.00,'out','2021-10-27 09:00:35',NULL),(1070,0,1635325235,'',1,7,0.00,'out','2021-10-27 09:00:35',NULL),(1071,0,1635367571,'',1,47,0.00,'out','2021-10-27 20:46:11',NULL),(1072,0,1635408402,'',1,42,0.00,'out','2021-10-28 08:06:42',NULL),(1073,0,1635411114,'',1,47,0.00,'out','2021-10-28 08:51:54',NULL),(1074,0,1635411467,'',4,47,0.00,'out','2021-10-28 08:57:47',NULL),(1075,0,1635411782,'',1,42,0.00,'out','2021-10-28 09:03:02',NULL),(1076,0,1635464829,'',1,47,0.00,'out','2021-10-28 23:47:09',NULL),(1077,0,1635468502,'',1,47,0.00,'out','2021-10-29 00:48:22',NULL),(1078,0,1635469154,'',1,42,0.00,'out','2021-10-29 00:59:14',NULL),(1079,0,1635473176,'',1,47,0.00,'out','2021-10-29 02:06:16',NULL),(1080,0,1635473881,'',1,47,0.00,'out','2021-10-29 02:18:01',NULL),(1081,0,1635473881,'',1,7,0.00,'out','2021-10-29 02:18:01',NULL),(1082,0,1635482212,'',2,42,0.00,'out','2021-10-29 04:36:52',NULL),(1083,0,1635491254,'',1,47,0.00,'out','2021-10-29 07:07:34',NULL),(1084,0,1635491254,'',1,7,0.00,'out','2021-10-29 07:07:34',NULL),(1085,0,1635492021,'',1,47,0.00,'out','2021-10-29 07:20:21',NULL),(1086,0,1635492021,'',1,42,0.00,'out','2021-10-29 07:20:21',NULL),(1087,0,1635492021,'',1,7,0.00,'out','2021-10-29 07:20:21',NULL),(1088,0,1635525698,'',1,47,0.00,'out','2021-10-29 16:41:38',NULL),(1089,0,1635554790,'',1,47,0.00,'out','2021-10-30 00:46:30',NULL),(1090,0,1635555098,'',1,47,0.00,'out','2021-10-30 00:51:38',NULL),(1091,0,1635555098,'',1,7,0.00,'out','2021-10-30 00:51:38',NULL),(1092,0,1635621275,'',1,47,0.00,'out','2021-10-30 19:14:35',NULL),(1093,0,1635628346,'',1,47,0.00,'out','2021-10-30 21:12:26',NULL),(1094,0,1635632859,'',1,47,0.00,'out','2021-10-30 22:27:39',NULL),(1095,0,1635663163,'',2,42,0.00,'out','2021-10-31 06:52:43',NULL),(1096,0,1635663163,'',1,7,0.00,'out','2021-10-31 06:52:43',NULL),(1097,0,1635663163,'',1,9,0.00,'out','2021-10-31 06:52:43',NULL),(1098,0,1635665228,'',1,47,0.00,'out','2021-10-31 07:27:08',NULL),(1099,0,1635678400,'',1,42,0.00,'out','2021-10-31 11:06:40',NULL),(1100,0,1635730413,'',1,47,0.00,'out','2021-11-01 01:33:33',NULL),(1101,0,1635764548,'',1,47,0.00,'out','2021-11-01 11:02:28',NULL),(1102,0,1635794053,'',1,47,0.00,'out','2021-11-01 19:14:13',NULL),(1103,0,1635794548,'',1,47,0.00,'out','2021-11-01 19:22:28',NULL),(1104,0,1635840450,'',1,47,0.00,'out','2021-11-02 08:07:30',NULL),(1105,0,1635850323,'',1,7,0.00,'out','2021-11-02 10:52:03',NULL),(1106,0,1635855960,'',2,7,0.00,'out','2021-11-02 12:26:00',NULL),(1107,0,1635886605,'',1,47,0.00,'out','2021-11-02 20:56:45',NULL),(1108,0,1635953127,'',1,47,0.00,'out','2021-11-03 15:25:27',NULL),(1109,0,1635953127,'',1,42,0.00,'out','2021-11-03 15:25:27',NULL),(1110,0,1635953127,'',1,7,0.00,'out','2021-11-03 15:25:27',NULL),(1111,0,1635953127,'',1,9,0.00,'out','2021-11-03 15:25:27',NULL),(1112,0,1635959206,'',3,42,0.00,'out','2021-11-03 17:06:46',NULL),(1113,0,1635959207,'',2,7,0.00,'out','2021-11-03 17:06:47',NULL),(1114,0,1635959207,'',1,9,0.00,'out','2021-11-03 17:06:47',NULL),(1115,0,1636014859,'',1,47,0.00,'out','2021-11-04 08:34:19',NULL),(1116,0,1636083104,'',1,47,0.00,'out','2021-11-05 03:31:44',NULL),(1117,0,1636087890,'',1,7,0.00,'out','2021-11-05 04:51:30',NULL),(1118,0,1636091811,'',1,7,0.00,'out','2021-11-05 05:56:51',NULL),(1119,0,1636092325,'',1,47,0.00,'out','2021-11-05 06:05:25',NULL),(1120,0,1636126811,'',1,47,0.00,'out','2021-11-05 15:40:11',NULL),(1121,0,1636181586,'',3,7,0.00,'out','2021-11-06 06:53:06',NULL),(1122,0,1636185954,'',1,47,0.00,'out','2021-11-06 08:05:54',NULL),(1123,0,1636191150,'',1,47,0.00,'out','2021-11-06 09:32:30',NULL),(1124,0,1636192314,'',1,47,0.00,'out','2021-11-06 09:51:54',NULL),(1125,0,1636193353,'',1,9,0.00,'out','2021-11-06 10:09:13',NULL),(1126,0,1636199741,'',1,47,0.00,'out','2021-11-06 11:55:41',NULL),(1127,0,1636199899,'',5,47,0.00,'out','2021-11-06 11:58:19',NULL),(1128,0,1636218911,'',1,42,0.00,'out','2021-11-06 17:15:11',NULL),(1129,0,1636219270,'',4,47,0.00,'out','2021-11-06 17:21:10',NULL),(1130,0,1636219270,'',1,42,0.00,'out','2021-11-06 17:21:10',NULL),(1131,0,1636219270,'',1,7,0.00,'out','2021-11-06 17:21:10',NULL),(1132,0,1636219270,'',1,9,0.00,'out','2021-11-06 17:21:10',NULL),(1133,0,1636221347,'',1,47,0.00,'out','2021-11-06 17:55:47',NULL),(1134,0,1636235463,'',3,47,0.00,'out','2021-11-06 21:51:03',NULL),(1135,0,1636235463,'',2,7,0.00,'out','2021-11-06 21:51:03',NULL),(1136,0,1636269531,'',1,42,0.00,'out','2021-11-07 07:18:51',NULL),(1137,0,1636269531,'',1,9,0.00,'out','2021-11-07 07:18:51',NULL),(1138,0,1636318017,'',1,47,0.00,'out','2021-11-07 20:46:57',NULL),(1139,0,1636318166,'',1,9,0.00,'out','2021-11-07 20:49:26',NULL),(1140,0,1636384023,'',5,47,0.00,'out','2021-11-08 15:07:03',NULL),(1141,0,1636386721,'',1,47,0.00,'out','2021-11-08 15:52:01',NULL),(1142,0,1636386721,'',1,42,0.00,'out','2021-11-08 15:52:01',NULL),(1143,0,1636388342,'',1,47,0.00,'out','2021-11-08 16:19:02',NULL),(1144,0,1636462863,'',1,12,0.00,'out','2021-11-09 13:01:03',NULL),(1145,0,1636462863,'',1,44,0.00,'out','2021-11-09 13:01:03',NULL),(1146,0,1636463470,'',1,44,0.00,'out','2021-11-09 13:11:10',NULL),(1147,0,1636464250,'',1,47,0.00,'out','2021-11-09 13:24:10',NULL),(1148,0,1636464250,'',1,42,0.00,'out','2021-11-09 13:24:10',NULL),(1149,0,1636464250,'',1,7,0.00,'out','2021-11-09 13:24:10',NULL),(1150,0,1636464250,'',1,44,0.00,'out','2021-11-09 13:24:10',NULL),(1151,0,1636464387,'',1,12,0.00,'out','2021-11-09 13:26:27',NULL),(1152,0,1636464387,'',1,42,0.00,'out','2021-11-09 13:26:27',NULL),(1153,0,1636464387,'',1,9,0.00,'out','2021-11-09 13:26:27',NULL),(1154,0,1636467713,'',1,12,0.00,'out','2021-11-09 14:21:53',NULL),(1155,0,1636467713,'',1,42,0.00,'out','2021-11-09 14:21:53',NULL),(1156,0,1636467713,'',1,9,0.00,'out','2021-11-09 14:21:53',NULL),(1157,0,1636477170,'',2,47,0.00,'out','2021-11-09 16:59:30',NULL),(1158,0,1636489836,'',2,47,0.00,'out','2021-11-09 20:30:36',NULL),(1159,0,1636489836,'',2,7,0.00,'out','2021-11-09 20:30:36',NULL),(1160,0,1636526208,'',1,12,0.00,'out','2021-11-10 06:36:48',NULL),(1161,0,1636526208,'',1,42,0.00,'out','2021-11-10 06:36:48',NULL),(1162,0,1636526208,'',1,9,0.00,'out','2021-11-10 06:36:48',NULL),(1163,0,1636543809,'',1,47,0.00,'out','2021-11-10 11:30:09',NULL),(1164,0,1636615893,'',3,7,0.00,'out','2021-11-11 07:31:33',NULL),(1165,0,1636616300,'',3,7,0.00,'out','2021-11-11 07:38:20',NULL),(1166,0,1636646894,'',1,42,0.00,'out','2021-11-11 16:08:14',NULL),(1167,0,1636789557,'',1,12,0.00,'out','2021-11-13 07:45:57',NULL),(1168,0,1636958613,'',2,12,0.00,'out','2021-11-15 06:43:33',NULL),(1169,0,1636958613,'',1,44,0.00,'out','2021-11-15 06:43:33',NULL),(1170,0,1636959022,'',2,44,0.00,'out','2021-11-15 06:50:22',NULL),(1171,0,1637012087,'',1,42,0.00,'out','2021-11-15 21:34:47',NULL),(1172,0,1637147296,'',1,9,0.00,'out','2021-11-17 11:08:16',NULL),(1173,0,1637147833,'',2,9,0.00,'out','2021-11-17 11:17:13',NULL),(1174,0,1637148626,'',1,42,0.00,'out','2021-11-17 11:30:26',NULL);
/*!40000 ALTER TABLE `inventory` ENABLE KEYS */;
UNLOCK TABLES;

--
-- Table structure for table `inventory_detail`
--

DROP TABLE IF EXISTS `inventory_detail`;
/*!40101 SET @saved_cs_client     = @@character_set_client */;
/*!40101 SET character_set_client = utf8 */;
CREATE TABLE `inventory_detail` (
  `inventory_ref_id` int(11) NOT NULL,
  `products_id` int(11) NOT NULL,
  `attribute_id` int(11) NOT NULL
) ENGINE=MyISAM DEFAULT CHARSET=utf8mb4 COLLATE=utf8mb4_unicode_ci;
/*!40101 SET character_set_client = @saved_cs_client */;

--
-- Dumping data for table `inventory_detail`
--

LOCK TABLES `inventory_detail` WRITE;
/*!40000 ALTER TABLE `inventory_detail` DISABLE KEYS */;
INSERT INTO `inventory_detail` VALUES (3,13,11),(4,13,12),(5,13,13),(10,4,1),(11,4,2),(12,4,4),(15,8,5),(16,8,6),(17,8,7),(20,11,9),(22,11,10),(30,21,14),(31,21,15),(33,24,19),(34,24,18),(38,28,20),(39,28,21),(64,8,6),(85,13,12),(87,4,1),(103,4,1),(137,21,14),(146,4,1),(174,4,1),(188,13,13),(189,13,13),(190,13,13),(217,4,1),(225,13,13),(227,8,7),(463,4,1),(489,4,1),(508,21,14);
/*!40000 ALTER TABLE `inventory_detail` ENABLE KEYS */;
UNLOCK TABLES;

--
-- Table structure for table `jobs`
--

DROP TABLE IF EXISTS `jobs`;
/*!40101 SET @saved_cs_client     = @@character_set_client */;
/*!40101 SET character_set_client = utf8 */;
CREATE TABLE `jobs` (
  `id` bigint(20) unsigned NOT NULL AUTO_INCREMENT,
  `queue` varchar(191) COLLATE utf8_unicode_ci NOT NULL,
  `payload` longtext COLLATE utf8_unicode_ci NOT NULL,
  `attempts` tinyint(3) unsigned NOT NULL,
  `reserved_at` int(10) unsigned DEFAULT NULL,
  `available_at` int(10) unsigned NOT NULL,
  `created_at` int(10) unsigned NOT NULL,
  PRIMARY KEY (`id`),
  KEY `jobs_queue_index` (`queue`)
) ENGINE=InnoDB DEFAULT CHARSET=utf8 COLLATE=utf8_unicode_ci;
/*!40101 SET character_set_client = @saved_cs_client */;

--
-- Dumping data for table `jobs`
--

LOCK TABLES `jobs` WRITE;
/*!40000 ALTER TABLE `jobs` DISABLE KEYS */;
/*!40000 ALTER TABLE `jobs` ENABLE KEYS */;
UNLOCK TABLES;

--
-- Table structure for table `label_value`
--

DROP TABLE IF EXISTS `label_value`;
/*!40101 SET @saved_cs_client     = @@character_set_client */;
/*!40101 SET character_set_client = utf8 */;
CREATE TABLE `label_value` (
  `label_value_id` int(11) NOT NULL AUTO_INCREMENT,
  `label_value` varchar(191) COLLATE utf8_unicode_ci DEFAULT NULL,
  `language_id` int(11) DEFAULT NULL,
  `label_id` int(11) DEFAULT NULL,
  PRIMARY KEY (`label_value_id`)
) ENGINE=InnoDB AUTO_INCREMENT=1827 DEFAULT CHARSET=utf8 COLLATE=utf8_unicode_ci;
/*!40101 SET character_set_client = @saved_cs_client */;

--
-- Dumping data for table `label_value`
--

LOCK TABLES `label_value` WRITE;
/*!40000 ALTER TABLE `label_value` DISABLE KEYS */;
INSERT INTO `label_value` VALUES (1297,'Home',1,1031),(1298,'Menu',1,1030),(1299,'Clear',1,1029),(1300,'Apply',1,1028),(1301,'Close',1,1027),(1302,'Price Range',1,1026),(1303,'Filters',1,1025),(1304,'My Wish List',1,1024),(1305,'Log Out',1,1023),(1306,'Please login or create an account for free',1,1022),(1307,'login & Register',1,1021),(1308,'Save Address',1,1020),(1309,'State',1,1018),(1310,'Update Address',1,1019),(1311,'Post code',1,1017),(1312,'City',1,1016),(1313,'Zone',1,1015),(1314,'other',1,1014),(1315,'Country',1,1013),(1316,'Shipping Address',1,1012),(1317,'Proceed',1,1011),(1318,'Remove',1,1010),(1319,'by',1,1008),(1320,'View',1,1009),(1321,'Quantity',1,1007),(1322,'Price',1,1006),(1323,'continue shopping',1,1005),(1324,'Your cart is empty',1,1004),(1325,'My Cart',1,1003),(1326,'Continue',1,1002),(1327,'Error: invalid cvc number!',1,1001),(1328,'Error: invalid expiry date!',1,1000),(1329,'Error: invalid card number!',1,999),(1330,'Expiration',1,998),(1331,'Expiration Date',1,997),(1332,'Card Number',1,996),(1333,'Payment',1,995),(1334,'Order Notes',1,994),(1335,'Shipping Cost',1,993),(1336,'Tax',1,992),(1337,'Products Price',1,991),(1338,'SubTotal',1,990),(1339,'Products',1,989),(1340,'Shipping Method',1,988),(1341,'Billing Address',1,987),(1342,'Order',1,986),(1343,'Next',1,985),(1344,'Same as Shipping Address',1,984),(1345,'Billing Info',1,981),(1346,'Address',1,982),(1347,'Phone',1,983),(1348,'Already Memeber?',1,980),(1349,'Last Name',1,979),(1350,'First Name',1,978),(1351,'Create an Account',1,977),(1352,'Add new Address',1,976),(1353,'Please add your new shipping address for the futher processing of the your order',1,975),(1354,'Order Status',1,969),(1355,'Orders ID',1,970),(1356,'Product Price',1,971),(1357,'No. of Products',1,972),(1358,'Date',1,973),(1359,'Customer Address',1,974),(1360,'Customer Orders',1,968),(1361,'Change Password',1,967),(1362,'New Password',1,966),(1363,'Current Password',1,965),(1364,'Update',1,964),(1365,'Date of Birth',1,963),(1366,'Mobile',1,962),(1367,'My Account',1,961),(1368,'Likes',1,960),(1369,'Newest',1,959),(1370,'Top Seller',1,958),(1371,'Special',1,957),(1372,'Most Liked',1,956),(1373,'Cancel',1,955),(1374,'Sort Products',1,954),(1375,'Special Products',1,953),(1376,'Price : low - high',1,952),(1377,'Price : high - low',1,951),(1378,'Z - A',1,950),(1379,'A - Z',1,949),(1380,'All',1,948),(1381,'Explore More',1,947),(1382,'Note to the buyer',1,946),(1383,'Coupon',1,945),(1384,'coupon code',1,944),(1385,'Coupon Amount',1,943),(1386,'Coupon Code',1,942),(1387,'Food Categories',1,941),(1388,'Recipe of Day',1,940),(1389,'Top Dishes',1,939),(1390,'Skip',1,938),(1391,'Term and Services',1,937),(1392,'Privacy Policy',1,936),(1393,'Refund Policy',1,935),(1394,'Newest',1,934),(1395,'OUT OF STOCK',1,933),(1396,'Select Language',1,932),(1397,'Reset',1,931),(1398,'Shop',1,930),(1399,'Settings',1,929),(1400,'Enter keyword',1,928),(1401,'News',1,927),(1402,'Top Sellers',1,926),(1403,'Go Back',1,925),(1404,'Word Press Post Detail',1,924),(1405,'Explore',1,923),(1406,'Continue Adding',1,922),(1407,'Your wish List is empty',1,921),(1408,'Favourite',1,920),(1409,'Continue Shopping',1,919),(1410,'My Orders',1,918),(1411,'Thank you for shopping with us.',1,917),(1412,'Thank You',1,916),(1413,'Shipping method',1,915),(1414,'Sub Categories',1,914),(1415,'Main Categories',1,913),(1416,'Search',1,912),(1417,'Reset Filters',1,911),(1418,'No Products Found',1,910),(1419,'OFF',1,909),(1420,'Techincal details',1,908),(1421,'Product Description',1,907),(1422,'ADD TO CART',1,906),(1423,'Add to Cart',1,905),(1424,'In Stock',1,904),(1425,'Out of Stock',1,903),(1426,'New',1,902),(1427,'Product Details',1,901),(1428,'Shipping',1,900),(1429,'Sub Total',1,899),(1430,'Total',1,898),(1431,'Price Detail',1,897),(1432,'Order Detail',1,896),(1433,'Got It!',1,895),(1434,'Skip Intro',1,894),(1435,'Intro',1,893),(1436,'REMOVE',1,892),(1437,'Deals',1,891),(1438,'All Categories',1,890),(1439,'Most Liked',1,889),(1440,'Special Deals',1,888),(1441,'Top Seller',1,887),(1442,'Products are available.',1,886),(1443,'Recently Viewed',1,885),(1444,'Please connect to the internet',1,884),(1445,'Contact Us',1,881),(1446,'Name',1,882),(1447,'Your Message',1,883),(1448,'Categories',1,880),(1449,'About Us',1,879),(1450,'Send',1,878),(1451,'Forgot Password',1,877),(1452,'Register',1,876),(1453,'Password',1,875),(1454,'Email',1,874),(1455,'or',1,873),(1456,'Login with',1,872),(1457,'Creating an account means you\'re okay with shopify\'s Terms of Service, Privacy Policy',1,2),(1458,'I\'ve forgotten my password?',1,1),(1459,NULL,1,NULL),(1462,'Creating an account means you’re okay with our',1,1033),(1465,'Login',1,1034),(1468,'Turn on/off Local Notifications',1,1035),(1471,'Turn on/off Notifications',1,1036),(1474,'Change Language',1,1037),(1477,'Official Website',1,1038),(1480,'Rate Us',1,1039),(1483,'Share',1,1040),(1486,'Edit Profile',1,1041),(1489,'A percentage discount for the entire cart',1,1042),(1492,'A fixed total discount for the entire cart',1,1043),(1495,'A fixed total discount for selected products only',1,1044),(1498,'A percentage discount for selected products only',1,1045),(1501,'Network Connected Reloading Data',1,1047),(1503,'Sort by',1,1048),(1505,'Flash Sale',1,1049),(1507,'ok',1,1050),(1509,'Number',1,1051),(1511,'Expire Month',1,1052),(1513,'Expire Year',1,1053),(1515,'Payment Method',1,1054),(1517,'Status',1,1055),(1519,'And',1,1056),(1706,'cccc',1,1057),(1708,'Shop More',1,1058),(1710,'Discount',1,1072),(1712,'Error in initialization, maybe PayPal isnt supported or something else',1,1073),(1714,'Alert',1,1074),(1716,'Your Wishlist is Empty',1,1075),(1718,'Press heart icon on products to add them in wishlist',1,1076),(1720,'Wishlist',1,1077),(1722,'All Items',1,1078),(1724,'Account Info',1,1079),(1726,'You Must Be Logged in to use this Feature!',1,1080),(1728,'Remove from Wishlist',1,1081),(1730,'Sign Up',1,1082),(1732,'Reset Password',1,1083),(1734,'Invalid email or password',1,1084),(1736,'Recent Searches',1,1085),(1738,'Add to Wishlist',1,1086),(1740,'Discover Latest Trends',1,1087),(1742,'Add To My Wishlist',1,1088),(1744,'Start Shoping',1,1089),(1746,'A Smart Shopping Experience',1,1090),(1748,'Addresses',1,1091),(1750,'Account',1,1092),(1752,'DETAILS',1,1093),(1754,'Dark Mode',1,1094),(1756,'Enter a description',1,1095),(1758,'Grocery Store',1,1096),(1760,'Post Comment',1,1097),(1762,'Rate and write a review',1,1098),(1764,'Ratings & Reviews',1,1099),(1766,'Write a review',1,1100),(1768,'Your Rating',1,1101),(1770,'rating',1,1102),(1772,'rating and review',1,1103),(1774,'Coupon Codes List',1,1104),(1776,'Custom Orders',1,1105),(1778,'Ecommerce',1,1106),(1780,'Featured Products',1,1107),(1782,'House Hold 1',1,1108),(1784,'Newest Products',1,1109),(1786,'On Sale Products',1,1110),(1788,'Braintree',1,1111),(1790,'Hyperpay',1,1112),(1792,'Instamojo',1,1113),(1794,'PayTm',1,1114),(1796,'Paypal',1,1115),(1798,'Razor Pay',1,1116),(1800,'Stripe',1,1117),(1802,'Me',1,1059),(1804,'View All',1,1060),(1806,'Featured',1,1061),(1808,'Shop Now',1,1062),(1810,'New Arrivals',1,1063),(1812,'Sort',1,1064),(1814,'Help & Support',1,1065),(1816,'Select Currency',1,1066),(1818,'Your Price',1,1067),(1820,'Billing',1,1068),(1822,'Ship to a different address?',1,1069),(1824,'Method',1,1070),(1826,'Summary',1,1071);
/*!40000 ALTER TABLE `label_value` ENABLE KEYS */;
UNLOCK TABLES;

--
-- Table structure for table `labels`
--

DROP TABLE IF EXISTS `labels`;
/*!40101 SET @saved_cs_client     = @@character_set_client */;
/*!40101 SET character_set_client = utf8 */;
CREATE TABLE `labels` (
  `label_id` int(11) NOT NULL AUTO_INCREMENT,
  `label_name` varchar(191) COLLATE utf8_unicode_ci DEFAULT NULL,
  PRIMARY KEY (`label_id`)
) ENGINE=InnoDB AUTO_INCREMENT=1118 DEFAULT CHARSET=utf8 COLLATE=utf8_unicode_ci;
/*!40101 SET character_set_client = @saved_cs_client */;

--
-- Dumping data for table `labels`
--

LOCK TABLES `labels` WRITE;
/*!40000 ALTER TABLE `labels` DISABLE KEYS */;
INSERT INTO `labels` VALUES (1,'I\'ve forgotten my password?'),(2,'Creating an account means you’re okay with shopify\'s Terms of Service, Privacy Policy'),(872,'Login with'),(873,'or'),(874,'Email'),(875,'Password'),(876,'Register'),(877,'Forgot Password'),(878,'Send'),(879,'About Us'),(880,'Categories'),(881,'Contact Us'),(882,'Name'),(883,'Your Messsage'),(884,'Please connect to the internet'),(885,'Recently Viewed'),(886,'Products are available.'),(887,'Top Seller'),(888,'Special Deals'),(889,'Most Liked'),(890,'All Categories'),(891,'Deals'),(892,'REMOVE'),(893,'Intro'),(894,'Skip Intro'),(895,'Got It!'),(896,'Order Detail'),(897,'Price Detail'),(898,'Total'),(899,'Sub Total'),(900,'Shipping'),(901,'Product Details'),(902,'New'),(903,'Out of Stock'),(904,'In Stock'),(905,'Add to Cart'),(906,'ADD TO CART'),(907,'Product Description'),(908,'Techincal details'),(909,'OFF'),(910,'No Products Found'),(911,'Reset Filters'),(912,'Search'),(913,'Main Categories'),(914,'Sub Categories'),(915,'Shipping method'),(916,'Thank You'),(917,'Thank you for shopping with us.'),(918,'My Orders'),(919,'Continue Shopping'),(920,'Favourite'),(921,'Your wish List is empty'),(922,'Continue Adding'),(923,'Explore'),(924,'Word Press Post Detail'),(925,'Go Back'),(926,'Top Sellers'),(927,'News'),(928,'Enter keyword'),(929,'Settings'),(930,'Shop'),(931,'Reset'),(932,'Select Language'),(933,'OUT OF STOCK'),(934,'Newest'),(935,'Refund Policy'),(936,'Privacy Policy'),(937,'Term and Services'),(938,'Skip'),(939,'Top Dishes'),(940,'Recipe of Day'),(941,'Food Categories'),(942,'Coupon Code'),(943,'Coupon Amount'),(944,'coupon code'),(945,'Coupon'),(946,'Note to the buyer'),(947,'Explore More'),(948,'All'),(949,'A - Z'),(950,'Z - A'),(951,'Price : high - low'),(952,'Price : low - high'),(953,'Special Products'),(954,'Sort Products'),(955,'Cancel'),(956,'most liked'),(957,'special'),(958,'top seller'),(959,'newest'),(960,'Likes'),(961,'My Account'),(962,'Mobile'),(963,'Date of Birth'),(964,'Update'),(965,'Current Password'),(966,'New Password'),(967,'Change Password'),(968,'Customer Orders'),(969,'Order Status'),(970,'Orders ID'),(971,'Product Price'),(972,'No. of Products'),(973,'Date'),(974,'Customer Address'),(975,'Please add your new shipping address for the futher processing of the your order'),(976,'Add new Address'),(977,'Create an Account'),(978,'First Name'),(979,'Last Name'),(980,'Already Memeber?'),(981,'Billing Info'),(982,'Address'),(983,'Phone'),(984,'Same as Shipping Address'),(985,'Next'),(986,'Order'),(987,'Billing Address'),(988,'Shipping Method'),(989,'Products'),(990,'SubTotal'),(991,'Products Price'),(992,'Tax'),(993,'Shipping Cost'),(994,'Order Notes'),(995,'Payment'),(996,'Card Number'),(997,'Expiration Date'),(998,'Expiration'),(999,'Error: invalid card number!'),(1000,'Error: invalid expiry date!'),(1001,'Error: invalid cvc number!'),(1002,'Continue'),(1003,'My Cart'),(1004,'Your cart is empty'),(1005,'continue shopping'),(1006,'Price'),(1007,'Quantity'),(1008,'by'),(1009,'View'),(1010,'Remove'),(1011,'Proceed'),(1012,'Shipping Address'),(1013,'Country'),(1014,'other'),(1015,'Zone'),(1016,'City'),(1017,'Post code'),(1018,'State'),(1019,'Update Address'),(1020,'Save Address'),(1021,'Login & Register'),(1022,'Please login or create an account for free'),(1023,'Log Out'),(1024,'My Wish List'),(1025,'Filters'),(1026,'Price Range'),(1027,'Close'),(1028,'Apply'),(1029,'Clear'),(1030,'Menu'),(1031,'Home'),(1033,'Creating an account means you’re okay with our'),(1034,'Login'),(1035,'Turn on/off Local Notifications'),(1036,'Turn on/off Notifications'),(1037,'Change Language'),(1038,'Official Website'),(1039,'Rate Us'),(1040,'Share'),(1041,'Edit Profile'),(1042,'A percentage discount for the entire cart'),(1043,'A fixed total discount for the entire cart'),(1044,'A fixed total discount for selected products only'),(1045,'A percentage discount for selected products only'),(1047,'Network Connected Reloading Data'),(1048,'Sort by'),(1049,'Flash Sale'),(1050,'ok'),(1051,'Number'),(1052,'Expire Month'),(1053,'Expire Year'),(1054,'Payment Method'),(1055,'Status'),(1056,'And'),(1057,'cccc'),(1058,'Shop More'),(1059,'Me'),(1060,'View All'),(1061,'Featured'),(1062,'Shop Now'),(1063,'New Arrivals'),(1064,'Sort'),(1065,'Help & Support'),(1066,'Select Currency'),(1067,'Your Price'),(1068,'Billing'),(1069,'Ship to a different address?'),(1070,'Method'),(1071,'Summary'),(1072,'Discount'),(1073,'Error in initialization, maybe PayPal isnt supported or something else'),(1074,'Alert'),(1075,'Your Wishlist is Empty'),(1076,'Press heart icon on products to add them in wishlist'),(1077,'Wishlist'),(1078,'All Items'),(1079,'Account Info'),(1080,'You Must Be Logged in to use this Feature!'),(1081,'Remove from Wishlist'),(1082,'Sign Up'),(1083,'Reset Password'),(1084,'Invalid email or password'),(1085,'Recent Searches'),(1086,'Add to Wishlist'),(1087,'Discover Latest Trends'),(1088,'Add To My Wishlist'),(1089,'Start Shoping'),(1090,'A Smart Shopping Experience'),(1091,'Addresses'),(1092,'Account'),(1093,'DETAILS'),(1094,'Dark Mode'),(1095,'Enter a description'),(1096,'Grocery Store'),(1097,'Post Comment'),(1098,'Rate and write a review'),(1099,'Ratings & Reviews'),(1100,'Write a review'),(1101,'Your Rating'),(1102,'rating'),(1103,'rating and review'),(1104,'Coupon Codes List'),(1105,'Custom Orders'),(1106,'Ecommerce'),(1107,'Featured Products'),(1108,'House Hold 1'),(1109,'Newest Products'),(1110,'On Sale Products'),(1111,'Braintree'),(1112,'Hyperpay'),(1113,'Instamojo'),(1114,'PayTm'),(1115,'Paypal'),(1116,'Razor Pay'),(1117,'Stripe');
/*!40000 ALTER TABLE `labels` ENABLE KEYS */;
UNLOCK TABLES;

--
-- Table structure for table `languages`
--

DROP TABLE IF EXISTS `languages`;
/*!40101 SET @saved_cs_client     = @@character_set_client */;
/*!40101 SET character_set_client = utf8 */;
CREATE TABLE `languages` (
  `languages_id` int(11) NOT NULL AUTO_INCREMENT,
  `name` varchar(32) COLLATE utf8mb4_unicode_ci NOT NULL,
  `code` char(6) COLLATE utf8mb4_unicode_ci NOT NULL,
  `image` text COLLATE utf8mb4_unicode_ci,
  `directory` varchar(32) COLLATE utf8mb4_unicode_ci DEFAULT NULL,
  `sort_order` int(11) DEFAULT NULL,
  `direction` varchar(100) COLLATE utf8mb4_unicode_ci NOT NULL,
  `is_default` tinyint(1) DEFAULT '0',
  `status` int(1) NOT NULL DEFAULT '0',
  PRIMARY KEY (`languages_id`),
  KEY `IDX_LANGUAGES_NAME` (`name`)
) ENGINE=MyISAM AUTO_INCREMENT=7 DEFAULT CHARSET=utf8mb4 COLLATE=utf8mb4_unicode_ci;
/*!40101 SET character_set_client = @saved_cs_client */;

--
-- Dumping data for table `languages`
--

LOCK TABLES `languages` WRITE;
/*!40000 ALTER TABLE `languages` DISABLE KEYS */;
INSERT INTO `languages` VALUES (1,'English','En','1',NULL,1,'ltr',1,1);
/*!40000 ALTER TABLE `languages` ENABLE KEYS */;
UNLOCK TABLES;

--
-- Table structure for table `levels`
--

DROP TABLE IF EXISTS `levels`;
/*!40101 SET @saved_cs_client     = @@character_set_client */;
/*!40101 SET character_set_client = utf8 */;
CREATE TABLE `levels` (
  `id` int(11) NOT NULL AUTO_INCREMENT,
  `name` varchar(255) NOT NULL,
  `start_count` double DEFAULT NULL,
  `end_count` double DEFAULT NULL,
  `status` int(11) NOT NULL DEFAULT '1',
  `created_at` timestamp NOT NULL DEFAULT CURRENT_TIMESTAMP,
  `updated_at` timestamp NOT NULL DEFAULT CURRENT_TIMESTAMP ON UPDATE CURRENT_TIMESTAMP,
  PRIMARY KEY (`id`)
) ENGINE=InnoDB AUTO_INCREMENT=4 DEFAULT CHARSET=utf8mb4;
/*!40101 SET character_set_client = @saved_cs_client */;

--
-- Dumping data for table `levels`
--

LOCK TABLES `levels` WRITE;
/*!40000 ALTER TABLE `levels` DISABLE KEYS */;
INSERT INTO `levels` VALUES (1,'Silver',0,1999,1,'2021-05-03 22:18:15','2021-05-03 22:18:15'),(2,'Gold',2000,3999,1,'2021-03-14 11:54:49','2021-03-14 11:54:49'),(3,'Platinum',4000,5999,1,'2021-04-07 07:04:24','2021-10-21 15:39:32');
/*!40000 ALTER TABLE `levels` ENABLE KEYS */;
UNLOCK TABLES;

--
-- Table structure for table `liked_products`
--

DROP TABLE IF EXISTS `liked_products`;
/*!40101 SET @saved_cs_client     = @@character_set_client */;
/*!40101 SET character_set_client = utf8 */;
CREATE TABLE `liked_products` (
  `like_id` int(11) NOT NULL AUTO_INCREMENT,
  `liked_products_id` int(11) NOT NULL,
  `liked_customers_id` int(11) NOT NULL,
  `date_liked` datetime DEFAULT NULL,
  PRIMARY KEY (`like_id`)
) ENGINE=InnoDB AUTO_INCREMENT=277 DEFAULT CHARSET=utf8 COLLATE=utf8_unicode_ci;
/*!40101 SET character_set_client = @saved_cs_client */;

--
-- Dumping data for table `liked_products`
--

LOCK TABLES `liked_products` WRITE;
/*!40000 ALTER TABLE `liked_products` DISABLE KEYS */;
INSERT INTO `liked_products` VALUES (240,12,54,'2021-07-05 17:30:22'),(241,7,54,'2021-07-05 17:30:30'),(242,13,54,'2021-07-05 17:30:38'),(253,12,71,'2021-07-08 11:45:52'),(259,12,69,'2021-07-08 17:33:30'),(265,43,73,'2021-07-11 12:11:51'),(268,7,73,'2021-07-11 16:41:28'),(272,42,73,'2021-08-05 17:26:56'),(273,47,144,'2021-09-12 20:21:49'),(275,47,285,'2021-10-05 05:03:18'),(276,47,386,'2021-11-10 02:37:03');
/*!40000 ALTER TABLE `liked_products` ENABLE KEYS */;
UNLOCK TABLES;

--
-- Table structure for table `lpoints`
--

DROP TABLE IF EXISTS `lpoints`;
/*!40101 SET @saved_cs_client     = @@character_set_client */;
/*!40101 SET character_set_client = utf8 */;
CREATE TABLE `lpoints` (
  `id` int(11) NOT NULL AUTO_INCREMENT,
  `customers_id` int(11) NOT NULL,
  `orders_id` int(11) NOT NULL,
  `lpoints_amount` double NOT NULL,
  `lpoints_points` double NOT NULL,
  `type` int(11) NOT NULL DEFAULT '1' COMMENT '1 will be orders\r\n2 will be referral\r\n',
  `status` int(11) NOT NULL DEFAULT '1',
  `created_at` timestamp NOT NULL DEFAULT CURRENT_TIMESTAMP,
  `updated_at` timestamp NOT NULL DEFAULT CURRENT_TIMESTAMP ON UPDATE CURRENT_TIMESTAMP,
  PRIMARY KEY (`id`)
) ENGINE=InnoDB AUTO_INCREMENT=197 DEFAULT CHARSET=utf8mb4;
/*!40101 SET character_set_client = @saved_cs_client */;

--
-- Dumping data for table `lpoints`
--

LOCK TABLES `lpoints` WRITE;
/*!40000 ALTER TABLE `lpoints` DISABLE KEYS */;
INSERT INTO `lpoints` VALUES (1,64,1,10,38,1,1,'2021-07-13 12:29:43','2021-07-13 12:29:43'),(2,69,2,10,60,1,1,'2021-07-15 11:53:24','2021-07-15 11:53:24'),(3,69,3,10,160,1,1,'2021-07-15 11:54:41','2021-07-15 11:54:41'),(4,65,4,10,48,1,1,'2021-07-15 11:55:48','2021-07-15 11:55:48'),(5,62,5,10,80,1,1,'2021-07-15 11:56:58','2021-07-15 11:56:58'),(6,69,6,10,150,1,1,'2021-07-15 11:57:40','2021-07-15 11:57:40'),(7,54,7,10,150,1,1,'2021-07-15 11:58:45','2021-07-15 11:58:45'),(8,84,8,10,3,1,1,'2021-07-26 09:22:41','2021-07-26 09:22:41'),(9,64,9,10,3,1,1,'2021-07-26 09:31:04','2021-07-26 09:31:04'),(10,54,10,10,101,1,1,'2021-08-10 09:23:51','2021-08-10 09:23:51'),(11,105,11,10,4,1,1,'2021-08-31 10:46:50','2021-08-31 10:46:50'),(12,57,12,10,4,1,1,'2021-08-31 11:37:32','2021-08-31 11:37:32'),(13,57,13,10,3,1,1,'2021-08-31 15:08:41','2021-08-31 15:08:41'),(14,67,14,10,1,1,1,'2021-09-02 17:48:52','2021-09-02 17:48:52'),(15,81,15,10,1,1,1,'2021-09-03 10:18:29','2021-09-03 10:18:29'),(16,57,16,10,1,1,1,'2021-09-05 05:10:18','2021-09-05 05:10:18'),(17,57,17,10,2,1,1,'2021-09-05 07:12:25','2021-09-05 07:12:25'),(18,117,18,10,2,1,1,'2021-09-05 12:08:50','2021-09-05 12:08:50'),(19,117,19,10,10,1,1,'2021-09-05 12:39:57','2021-09-05 12:39:57'),(20,64,20,10,4,1,1,'2021-09-05 14:26:22','2021-09-05 14:26:22'),(21,57,21,10,10,1,1,'2021-09-07 07:06:26','2021-09-07 07:06:26'),(22,117,22,10,10,1,1,'2021-09-07 07:35:45','2021-09-07 07:35:45'),(23,117,23,10,10,1,1,'2021-09-07 07:57:07','2021-09-07 07:57:07'),(24,137,24,10,10,1,1,'2021-09-07 09:04:09','2021-09-07 09:04:09'),(25,57,25,10,5,1,1,'2021-09-07 09:56:39','2021-09-07 09:56:39'),(26,141,26,10,1,1,1,'2021-09-11 06:21:49','2021-09-11 06:21:49'),(27,142,27,10,1,1,1,'2021-09-11 20:17:18','2021-09-11 20:17:18'),(28,81,28,10,1,1,1,'2021-09-12 16:16:36','2021-09-12 16:16:36'),(29,144,29,10,1,1,1,'2021-09-12 16:31:14','2021-09-12 16:31:14'),(30,147,30,10,1,1,1,'2021-09-13 09:12:23','2021-09-13 09:12:23'),(31,151,31,10,1,1,1,'2021-09-13 14:22:35','2021-09-13 14:22:35'),(32,152,32,10,1,1,1,'2021-09-13 15:27:07','2021-09-13 15:27:07'),(33,156,33,10,2,1,1,'2021-09-13 18:30:35','2021-09-13 18:30:35'),(34,157,34,10,2,1,1,'2021-09-13 19:38:51','2021-09-13 19:38:51'),(35,155,35,10,1,1,1,'2021-09-13 20:42:13','2021-09-13 20:42:13'),(36,159,36,10,1,1,1,'2021-09-13 21:00:37','2021-09-13 21:00:37'),(37,160,37,10,1,1,1,'2021-09-14 06:58:13','2021-09-14 06:58:13'),(38,142,38,10,1,1,1,'2021-09-14 18:28:34','2021-09-14 18:28:34'),(39,114,39,10,19,1,1,'2021-09-15 04:07:34','2021-09-15 04:07:34'),(40,167,40,10,1,1,1,'2021-09-15 08:04:28','2021-09-15 08:04:28'),(41,167,41,10,1,1,1,'2021-09-15 08:09:04','2021-09-15 08:09:04'),(42,57,42,10,1,1,1,'2021-09-15 08:43:17','2021-09-15 08:43:17'),(43,57,43,10,1,1,1,'2021-09-15 12:18:03','2021-09-15 12:18:03'),(44,169,44,10,9,1,1,'2021-09-15 13:35:24','2021-09-15 13:35:24'),(45,57,45,10,10,1,1,'2021-09-15 14:53:36','2021-09-15 14:53:36'),(46,164,46,10,1,1,1,'2021-09-16 05:11:39','2021-09-16 05:11:39'),(47,188,47,10,1,1,1,'2021-09-17 09:55:21','2021-09-17 09:55:21'),(48,57,48,10,1,1,1,'2021-09-17 11:29:08','2021-09-17 11:29:08'),(49,195,49,10,1,1,1,'2021-09-17 12:35:57','2021-09-17 12:35:57'),(50,156,50,10,2,1,1,'2021-09-17 16:48:26','2021-09-17 16:48:26'),(51,206,51,10,1,1,1,'2021-09-21 08:09:34','2021-09-21 08:09:34'),(52,205,52,10,1,1,1,'2021-09-21 08:14:07','2021-09-21 08:14:07'),(53,57,53,10,1,1,1,'2021-09-21 12:50:18','2021-09-21 12:50:18'),(54,214,54,10,29,1,1,'2021-09-21 13:26:02','2021-09-21 13:26:02'),(55,57,55,10,10,1,1,'2021-09-23 05:43:17','2021-09-23 05:43:17'),(56,222,56,10,1,1,1,'2021-09-23 08:29:49','2021-09-23 08:29:49'),(57,214,57,10,11,1,1,'2021-09-26 12:41:16','2021-09-26 12:41:16'),(58,143,58,10,1,1,1,'2021-09-27 11:24:44','2021-09-27 11:24:44'),(59,141,59,10,2,1,1,'2021-09-28 15:16:04','2021-09-28 15:16:04'),(60,232,60,10,5,1,1,'2021-09-29 20:10:51','2021-09-29 20:10:51'),(61,280,61,10,28,1,1,'2021-10-03 10:15:29','2021-10-03 10:15:29'),(62,57,62,10,14,1,1,'2021-10-03 13:33:26','2021-10-03 13:33:26'),(63,281,63,10,5,1,1,'2021-10-03 13:48:51','2021-10-03 13:48:51'),(64,282,64,10,1,1,1,'2021-10-04 07:59:26','2021-10-04 07:59:26'),(65,281,65,10,14,1,1,'2021-10-04 10:43:40','2021-10-04 10:43:40'),(66,284,66,10,1,1,1,'2021-10-04 13:54:03','2021-10-04 13:54:03'),(67,288,67,10,4,1,1,'2021-10-05 06:43:22','2021-10-05 06:43:22'),(68,289,68,10,1,1,1,'2021-10-05 12:02:13','2021-10-05 12:02:13'),(69,290,69,10,2,1,1,'2021-10-05 14:35:25','2021-10-05 14:35:25'),(70,158,70,100,100,2,1,'2021-10-05 15:23:53','2021-10-05 15:23:53'),(71,67,70,100,100,2,1,'2021-10-05 15:23:53','2021-10-05 15:23:53'),(72,158,70,10,2,1,1,'2021-10-05 15:23:53','2021-10-05 15:23:53'),(73,57,71,10,1,1,1,'2021-10-05 16:15:51','2021-10-05 16:15:51'),(74,57,72,10,1,1,1,'2021-10-05 16:26:50','2021-10-05 16:26:50'),(75,281,73,10,1,1,1,'2021-10-06 06:07:21','2021-10-06 06:07:21'),(76,64,74,10,1,1,1,'2021-10-06 06:20:48','2021-10-06 06:20:48'),(77,281,75,10,4,1,1,'2021-10-06 06:41:01','2021-10-06 06:41:01'),(78,300,76,10,1,1,1,'2021-10-06 06:42:01','2021-10-06 06:42:01'),(79,57,77,10,1,1,1,'2021-10-06 08:42:35','2021-10-06 08:42:35'),(80,290,78,10,2,1,1,'2021-10-06 13:53:16','2021-10-06 13:53:16'),(81,290,79,10,2,1,1,'2021-10-08 09:40:56','2021-10-08 09:40:56'),(82,281,80,10,1,1,1,'2021-10-08 09:57:33','2021-10-08 09:57:33'),(83,281,81,10,1,1,1,'2021-10-08 10:01:09','2021-10-08 10:01:09'),(84,310,82,10,1,1,1,'2021-10-11 10:25:22','2021-10-11 10:25:22'),(85,281,83,10,1,1,1,'2021-10-13 16:29:47','2021-10-13 16:29:47'),(86,316,84,10,2,1,1,'2021-10-15 18:09:29','2021-10-15 18:09:29'),(87,281,85,10,2,1,1,'2021-10-16 16:55:19','2021-10-16 16:55:19'),(88,317,86,100,100,2,1,'2021-10-17 05:43:03','2021-10-17 05:43:03'),(89,281,86,100,100,2,1,'2021-10-17 05:43:03','2021-10-17 05:43:03'),(90,317,86,10,1,1,1,'2021-10-17 05:43:03','2021-10-17 05:43:03'),(91,323,87,10,1,1,1,'2021-10-22 16:31:18','2021-10-22 16:31:18'),(92,281,88,10,4,1,1,'2021-10-24 11:07:28','2021-10-24 11:07:28'),(93,332,89,10,1,1,1,'2021-10-25 23:15:47','2021-10-25 23:15:47'),(94,332,90,10,1,1,1,'2021-10-25 23:19:24','2021-10-25 23:19:24'),(95,332,91,10,2,1,1,'2021-10-25 23:23:43','2021-10-25 23:23:43'),(96,332,92,10,1,1,1,'2021-10-26 00:09:35','2021-10-26 00:09:35'),(97,332,93,10,1,1,1,'2021-10-26 06:38:05','2021-10-26 06:38:05'),(98,332,94,10,1,1,1,'2021-10-26 11:23:45','2021-10-26 11:23:45'),(99,332,95,10,1,1,1,'2021-10-26 11:31:51','2021-10-26 11:31:51'),(100,332,96,10,1,1,1,'2021-10-26 20:21:01','2021-10-26 20:21:01'),(101,281,97,10,1,1,1,'2021-10-27 03:25:05','2021-10-27 03:25:05'),(102,281,98,10,1,1,1,'2021-10-27 03:28:15','2021-10-27 03:28:15'),(103,281,99,10,1,1,1,'2021-10-27 03:34:34','2021-10-27 03:34:34'),(104,333,100,10,2,1,1,'2021-10-27 09:00:35','2021-10-27 09:00:35'),(105,332,101,10,1,1,1,'2021-10-27 20:46:11','2021-10-27 20:46:11'),(106,282,102,10,2,1,1,'2021-10-28 08:06:42','2021-10-28 08:06:42'),(107,334,103,100,100,2,1,'2021-10-28 08:51:54','2021-10-28 08:51:54'),(108,282,103,100,100,2,1,'2021-10-28 08:51:54','2021-10-28 08:51:54'),(109,334,103,10,1,1,1,'2021-10-28 08:51:54','2021-10-28 08:51:54'),(110,141,104,10,2,1,1,'2021-10-28 08:57:47','2021-10-28 08:57:47'),(111,282,105,10,2,1,1,'2021-10-28 09:03:02','2021-10-28 09:03:02'),(112,332,106,10,1,1,1,'2021-10-28 23:47:09','2021-10-28 23:47:09'),(113,336,107,100,100,2,1,'2021-10-29 00:48:22','2021-10-29 00:48:22'),(114,282,107,100,100,2,1,'2021-10-29 00:48:22','2021-10-29 00:48:22'),(115,336,107,10,1,1,1,'2021-10-29 00:48:22','2021-10-29 00:48:22'),(116,336,108,10,2,1,1,'2021-10-29 00:59:14','2021-10-29 00:59:14'),(117,338,109,100,100,2,1,'2021-10-29 02:06:16','2021-10-29 02:06:16'),(118,282,109,100,100,2,1,'2021-10-29 02:06:16','2021-10-29 02:06:16'),(119,338,109,10,1,1,1,'2021-10-29 02:06:16','2021-10-29 02:06:16'),(120,338,110,10,2,1,1,'2021-10-29 02:18:01','2021-10-29 02:18:01'),(121,282,111,10,4,1,1,'2021-10-29 04:36:52','2021-10-29 04:36:52'),(122,334,112,10,2,1,1,'2021-10-29 07:07:34','2021-10-29 07:07:34'),(123,282,113,10,4,1,1,'2021-10-29 07:20:21','2021-10-29 07:20:21'),(124,332,114,10,1,1,1,'2021-10-29 16:41:38','2021-10-29 16:41:38'),(125,340,115,100,100,2,1,'2021-10-30 00:46:30','2021-10-30 00:46:30'),(126,282,115,100,100,2,1,'2021-10-30 00:46:30','2021-10-30 00:46:30'),(127,340,115,10,1,1,1,'2021-10-30 00:46:30','2021-10-30 00:46:30'),(128,340,116,10,2,1,1,'2021-10-30 00:51:38','2021-10-30 00:51:38'),(129,344,117,100,100,2,1,'2021-10-30 19:14:35','2021-10-30 19:14:35'),(130,282,117,100,100,2,1,'2021-10-30 19:14:35','2021-10-30 19:14:35'),(131,344,117,10,1,1,1,'2021-10-30 19:14:35','2021-10-30 19:14:35'),(132,332,118,10,1,1,1,'2021-10-30 21:12:26','2021-10-30 21:12:26'),(133,347,119,100,100,2,1,'2021-10-30 22:27:39','2021-10-30 22:27:39'),(134,282,119,100,100,2,1,'2021-10-30 22:27:39','2021-10-30 22:27:39'),(135,347,119,10,1,1,1,'2021-10-30 22:27:39','2021-10-30 22:27:39'),(136,282,120,10,7,1,1,'2021-10-31 06:52:43','2021-10-31 06:52:43'),(137,346,121,100,100,2,1,'2021-10-31 07:27:08','2021-10-31 07:27:08'),(138,282,121,100,100,2,1,'2021-10-31 07:27:08','2021-10-31 07:27:08'),(139,346,121,10,1,1,1,'2021-10-31 07:27:08','2021-10-31 07:27:08'),(140,332,122,10,2,1,1,'2021-10-31 11:06:40','2021-10-31 11:06:40'),(141,350,123,100,100,2,1,'2021-11-01 01:33:33','2021-11-01 01:33:33'),(142,282,123,100,100,2,1,'2021-11-01 01:33:33','2021-11-01 01:33:33'),(143,350,123,10,1,1,1,'2021-11-01 01:33:33','2021-11-01 01:33:33'),(144,332,124,10,1,1,1,'2021-11-01 11:02:28','2021-11-01 11:02:28'),(145,281,125,10,1,1,1,'2021-11-01 19:14:13','2021-11-01 19:14:13'),(146,281,126,10,1,1,1,'2021-11-01 19:22:28','2021-11-01 19:22:28'),(147,317,127,10,1,1,1,'2021-11-02 08:07:30','2021-11-02 08:07:30'),(148,361,128,10,1,1,1,'2021-11-02 10:52:03','2021-11-02 10:52:03'),(149,64,129,10,2,1,1,'2021-11-02 12:26:00','2021-11-02 12:26:00'),(150,332,130,10,1,1,1,'2021-11-02 20:56:45','2021-11-02 20:56:45'),(151,362,131,10,5,1,1,'2021-11-03 15:25:27','2021-11-03 15:25:27'),(152,282,132,10,10,1,1,'2021-11-03 17:06:46','2021-11-03 17:06:46'),(153,332,133,10,1,1,1,'2021-11-04 08:34:19','2021-11-04 08:34:19'),(154,281,134,10,1,1,1,'2021-11-05 03:31:44','2021-11-05 03:31:44'),(155,365,135,10,1,1,1,'2021-11-05 04:51:30','2021-11-05 04:51:30'),(156,281,136,10,1,1,1,'2021-11-05 05:56:51','2021-11-05 05:56:51'),(157,282,137,10,1,1,1,'2021-11-05 06:05:25','2021-11-05 06:05:25'),(158,368,138,10,1,1,1,'2021-11-05 15:40:11','2021-11-05 15:40:11'),(159,81,139,10,3,1,1,'2021-11-06 06:53:06','2021-11-06 06:53:06'),(160,371,140,10,1,1,1,'2021-11-06 08:05:54','2021-11-06 08:05:54'),(161,372,141,10,1,1,1,'2021-11-06 09:32:30','2021-11-06 09:32:30'),(162,373,142,10,1,1,1,'2021-11-06 09:51:54','2021-11-06 09:51:54'),(163,375,143,10,2,1,1,'2021-11-06 10:09:13','2021-11-06 10:09:13'),(164,332,144,10,1,1,1,'2021-11-06 11:55:41','2021-11-06 11:55:41'),(165,332,145,10,3,1,1,'2021-11-06 11:58:19','2021-11-06 11:58:19'),(166,232,146,10,2,1,1,'2021-11-06 17:15:11','2021-11-06 17:15:11'),(167,376,147,10,7,1,1,'2021-11-06 17:21:10','2021-11-06 17:21:10'),(168,377,148,100,100,2,1,'2021-11-06 17:55:47','2021-11-06 17:55:47'),(169,282,148,100,100,2,1,'2021-11-06 17:55:47','2021-11-06 17:55:47'),(170,377,148,10,1,1,1,'2021-11-06 17:55:47','2021-11-06 17:55:47'),(171,378,149,10,4,1,1,'2021-11-06 21:51:03','2021-11-06 21:51:03'),(172,361,150,10,4,1,1,'2021-11-07 07:18:51','2021-11-07 07:18:51'),(173,332,151,10,1,1,1,'2021-11-07 20:46:57','2021-11-07 20:46:57'),(174,332,152,10,2,1,1,'2021-11-07 20:49:26','2021-11-07 20:49:26'),(175,382,153,10,3,1,1,'2021-11-08 15:07:03','2021-11-08 15:07:03'),(176,282,154,10,3,1,1,'2021-11-08 15:52:01','2021-11-08 15:52:01'),(177,332,155,10,1,1,1,'2021-11-08 16:19:02','2021-11-08 16:19:02'),(178,281,156,10,8,1,1,'2021-11-09 13:01:03','2021-11-09 13:01:03'),(179,223,157,10,3,1,1,'2021-11-09 13:11:10','2021-11-09 13:11:10'),(180,362,158,10,7,1,1,'2021-11-09 13:24:10','2021-11-09 13:24:10'),(181,281,159,10,9,1,1,'2021-11-09 13:26:27','2021-11-09 13:26:27'),(182,381,160,10,9,1,1,'2021-11-09 14:21:53','2021-11-09 14:21:53'),(183,332,161,10,1,1,1,'2021-11-09 16:59:30','2021-11-09 16:59:30'),(184,385,162,10,3,1,1,'2021-11-09 20:30:36','2021-11-09 20:30:36'),(185,281,163,10,9,1,1,'2021-11-10 06:36:48','2021-11-10 06:36:48'),(186,361,164,10,1,1,1,'2021-11-10 11:30:09','2021-11-10 11:30:09'),(187,281,165,10,3,1,1,'2021-11-11 07:31:33','2021-11-11 07:31:33'),(188,381,166,10,3,1,1,'2021-11-11 07:38:20','2021-11-11 07:38:20'),(189,282,167,10,2,1,1,'2021-11-11 16:08:14','2021-11-11 16:08:14'),(190,399,168,10,5,1,1,'2021-11-13 07:45:57','2021-11-13 07:45:57'),(191,401,169,10,13,1,1,'2021-11-15 06:43:33','2021-11-15 06:43:33'),(192,401,170,10,6,1,1,'2021-11-15 06:50:22','2021-11-15 06:50:22'),(193,332,171,10,2,1,1,'2021-11-15 21:34:47','2021-11-15 21:34:47'),(194,281,172,10,2,1,1,'2021-11-17 11:08:16','2021-11-17 11:08:16'),(195,388,173,10,3,1,1,'2021-11-17 11:17:13','2021-11-17 11:17:13'),(196,401,174,10,2,1,1,'2021-11-17 11:30:26','2021-11-17 11:30:26');
/*!40000 ALTER TABLE `lpoints` ENABLE KEYS */;
UNLOCK TABLES;

--
-- Table structure for table `manage_min_max`
--

DROP TABLE IF EXISTS `manage_min_max`;
/*!40101 SET @saved_cs_client     = @@character_set_client */;
/*!40101 SET character_set_client = utf8 */;
CREATE TABLE `manage_min_max` (
  `min_max_id` int(11) NOT NULL AUTO_INCREMENT,
  `min_level` int(11) NOT NULL,
  `max_level` int(11) NOT NULL,
  `products_id` int(11) NOT NULL,
  `inventory_ref_id` varchar(191) COLLATE utf8mb4_unicode_ci NOT NULL,
  PRIMARY KEY (`min_max_id`)
) ENGINE=MyISAM DEFAULT CHARSET=utf8mb4 COLLATE=utf8mb4_unicode_ci;
/*!40101 SET character_set_client = @saved_cs_client */;

--
-- Dumping data for table `manage_min_max`
--

LOCK TABLES `manage_min_max` WRITE;
/*!40000 ALTER TABLE `manage_min_max` DISABLE KEYS */;
/*!40000 ALTER TABLE `manage_min_max` ENABLE KEYS */;
UNLOCK TABLES;

--
-- Table structure for table `manage_role`
--

DROP TABLE IF EXISTS `manage_role`;
/*!40101 SET @saved_cs_client     = @@character_set_client */;
/*!40101 SET character_set_client = utf8 */;
CREATE TABLE `manage_role` (
  `manage_role_id` int(11) NOT NULL AUTO_INCREMENT,
  `user_types_id` tinyint(1) NOT NULL DEFAULT '0',
  `dashboard_view` tinyint(1) NOT NULL DEFAULT '0',
  `manufacturer_view` tinyint(1) NOT NULL DEFAULT '0',
  `manufacturer_create` tinyint(1) NOT NULL DEFAULT '0',
  `manufacturer_update` tinyint(1) NOT NULL DEFAULT '0',
  `manufacturer_delete` tinyint(1) NOT NULL DEFAULT '0',
  `categories_view` tinyint(1) NOT NULL DEFAULT '0',
  `categories_create` tinyint(1) NOT NULL DEFAULT '0',
  `categories_update` tinyint(1) NOT NULL DEFAULT '0',
  `categories_delete` tinyint(1) NOT NULL DEFAULT '0',
  `products_view` tinyint(1) NOT NULL DEFAULT '0',
  `products_create` tinyint(1) NOT NULL DEFAULT '0',
  `products_update` tinyint(1) NOT NULL DEFAULT '0',
  `products_delete` tinyint(1) NOT NULL DEFAULT '0',
  `news_view` tinyint(1) NOT NULL DEFAULT '0',
  `news_create` tinyint(1) NOT NULL DEFAULT '0',
  `news_update` tinyint(1) NOT NULL DEFAULT '0',
  `news_delete` tinyint(1) NOT NULL DEFAULT '0',
  `customers_view` tinyint(1) NOT NULL DEFAULT '0',
  `customers_create` tinyint(1) NOT NULL DEFAULT '0',
  `customers_update` tinyint(1) NOT NULL DEFAULT '0',
  `customers_delete` tinyint(1) NOT NULL DEFAULT '0',
  `tax_location_view` tinyint(1) NOT NULL DEFAULT '0',
  `tax_location_create` tinyint(1) NOT NULL DEFAULT '0',
  `tax_location_update` tinyint(1) NOT NULL DEFAULT '0',
  `tax_location_delete` tinyint(1) NOT NULL DEFAULT '0',
  `coupons_view` tinyint(1) NOT NULL DEFAULT '0',
  `coupons_create` tinyint(1) NOT NULL DEFAULT '0',
  `coupons_update` tinyint(1) NOT NULL DEFAULT '0',
  `coupons_delete` tinyint(1) NOT NULL DEFAULT '0',
  `notifications_view` tinyint(1) NOT NULL DEFAULT '0',
  `notifications_send` tinyint(1) NOT NULL DEFAULT '0',
  `orders_view` tinyint(1) NOT NULL DEFAULT '0',
  `orders_confirm` tinyint(1) NOT NULL DEFAULT '0',
  `shipping_methods_view` tinyint(1) NOT NULL DEFAULT '0',
  `shipping_methods_update` tinyint(1) NOT NULL DEFAULT '0',
  `payment_methods_view` tinyint(1) NOT NULL DEFAULT '0',
  `payment_methods_update` tinyint(1) NOT NULL DEFAULT '0',
  `reports_view` tinyint(1) NOT NULL DEFAULT '0',
  `website_setting_view` tinyint(1) NOT NULL DEFAULT '0',
  `website_setting_update` tinyint(1) NOT NULL DEFAULT '0',
  `application_setting_view` tinyint(1) NOT NULL DEFAULT '0',
  `application_setting_update` tinyint(1) NOT NULL DEFAULT '0',
  `general_setting_view` tinyint(1) NOT NULL DEFAULT '0',
  `general_setting_update` tinyint(1) NOT NULL DEFAULT '0',
  `manage_admins_view` tinyint(1) NOT NULL DEFAULT '0',
  `manage_admins_create` tinyint(1) NOT NULL DEFAULT '0',
  `manage_admins_update` tinyint(1) NOT NULL DEFAULT '0',
  `manage_admins_delete` tinyint(1) NOT NULL DEFAULT '0',
  `language_view` tinyint(1) NOT NULL DEFAULT '0',
  `language_create` tinyint(1) NOT NULL DEFAULT '0',
  `language_update` tinyint(1) NOT NULL DEFAULT '0',
  `language_delete` tinyint(1) NOT NULL DEFAULT '0',
  `profile_view` tinyint(1) NOT NULL DEFAULT '0',
  `profile_update` tinyint(1) NOT NULL DEFAULT '0',
  `admintype_view` tinyint(1) NOT NULL DEFAULT '0',
  `admintype_create` tinyint(1) NOT NULL DEFAULT '0',
  `admintype_update` tinyint(1) NOT NULL DEFAULT '0',
  `admintype_delete` tinyint(1) NOT NULL DEFAULT '0',
  `manage_admins_role` tinyint(1) NOT NULL DEFAULT '0',
  `add_media` tinyint(1) NOT NULL DEFAULT '0',
  `edit_media` tinyint(1) NOT NULL DEFAULT '0',
  `view_media` tinyint(1) NOT NULL DEFAULT '0',
  `delete_media` tinyint(1) NOT NULL DEFAULT '0',
  `edit_management` tinyint(1) NOT NULL DEFAULT '0',
  `reviews_view` tinyint(1) NOT NULL DEFAULT '0',
  `reviews_update` tinyint(1) NOT NULL DEFAULT '0',
  PRIMARY KEY (`manage_role_id`)
) ENGINE=MyISAM AUTO_INCREMENT=13 DEFAULT CHARSET=utf8mb4 COLLATE=utf8mb4_unicode_ci;
/*!40101 SET character_set_client = @saved_cs_client */;

--
-- Dumping data for table `manage_role`
--

LOCK TABLES `manage_role` WRITE;
/*!40000 ALTER TABLE `manage_role` DISABLE KEYS */;
INSERT INTO `manage_role` VALUES (1,1,1,1,1,1,1,1,1,1,1,1,1,1,1,1,1,1,1,1,1,1,1,1,1,1,1,1,1,1,1,1,1,1,1,1,1,1,1,1,1,1,1,1,1,1,1,1,1,1,1,1,1,1,1,1,1,1,1,1,1,1,1,1,1,1,1,1),(12,11,1,0,0,0,0,0,0,0,0,1,1,1,1,0,0,0,0,1,1,1,1,0,0,0,0,1,1,1,1,0,0,1,1,1,1,1,1,1,0,0,0,0,0,0,0,0,0,0,0,0,0,0,0,0,0,0,0,0,0,1,1,1,1,0,0,0),(5,14,1,1,1,1,1,1,1,1,1,1,1,1,1,0,0,0,0,1,1,1,1,1,1,1,1,1,1,1,1,0,0,1,1,0,0,0,0,0,0,0,0,0,0,0,0,0,0,0,0,0,0,0,0,0,0,0,0,0,0,1,1,1,1,0,0,0);
/*!40000 ALTER TABLE `manage_role` ENABLE KEYS */;
UNLOCK TABLES;

--
-- Table structure for table `manufacturers`
--

DROP TABLE IF EXISTS `manufacturers`;
/*!40101 SET @saved_cs_client     = @@character_set_client */;
/*!40101 SET character_set_client = utf8 */;
CREATE TABLE `manufacturers` (
  `manufacturers_id` int(10) unsigned NOT NULL AUTO_INCREMENT,
  `manufacturer_name` varchar(191) COLLATE utf8_unicode_ci NOT NULL,
  `manufacturers_slug` varchar(191) COLLATE utf8_unicode_ci NOT NULL,
  `date_added` varchar(191) COLLATE utf8_unicode_ci DEFAULT NULL,
  `last_modified` varchar(191) COLLATE utf8_unicode_ci DEFAULT NULL,
  `manufacturer_image` varchar(191) COLLATE utf8_unicode_ci DEFAULT NULL,
  `created_at` timestamp NULL DEFAULT NULL,
  `updated_at` timestamp NULL DEFAULT NULL,
  PRIMARY KEY (`manufacturers_id`)
) ENGINE=InnoDB DEFAULT CHARSET=utf8 COLLATE=utf8_unicode_ci;
/*!40101 SET character_set_client = @saved_cs_client */;

--
-- Dumping data for table `manufacturers`
--

LOCK TABLES `manufacturers` WRITE;
/*!40000 ALTER TABLE `manufacturers` DISABLE KEYS */;
/*!40000 ALTER TABLE `manufacturers` ENABLE KEYS */;
UNLOCK TABLES;

--
-- Table structure for table `manufacturers_info`
--

DROP TABLE IF EXISTS `manufacturers_info`;
/*!40101 SET @saved_cs_client     = @@character_set_client */;
/*!40101 SET character_set_client = utf8 */;
CREATE TABLE `manufacturers_info` (
  `manufacturers_id` int(11) NOT NULL,
  `languages_id` int(11) NOT NULL,
  `manufacturers_url` varchar(191) COLLATE utf8_unicode_ci DEFAULT NULL,
  `url_clicked` int(11) NOT NULL DEFAULT '0',
  `date_last_click` datetime DEFAULT NULL,
  PRIMARY KEY (`manufacturers_id`,`languages_id`)
) ENGINE=InnoDB DEFAULT CHARSET=utf8 COLLATE=utf8_unicode_ci;
/*!40101 SET character_set_client = @saved_cs_client */;

--
-- Dumping data for table `manufacturers_info`
--

LOCK TABLES `manufacturers_info` WRITE;
/*!40000 ALTER TABLE `manufacturers_info` DISABLE KEYS */;
/*!40000 ALTER TABLE `manufacturers_info` ENABLE KEYS */;
UNLOCK TABLES;

--
-- Table structure for table `menu_translation`
--

DROP TABLE IF EXISTS `menu_translation`;
/*!40101 SET @saved_cs_client     = @@character_set_client */;
/*!40101 SET character_set_client = utf8 */;
CREATE TABLE `menu_translation` (
  `id` int(11) NOT NULL AUTO_INCREMENT,
  `menu_id` int(11) NOT NULL,
  `language_id` int(11) NOT NULL,
  `menu_name` varchar(255) COLLATE utf8mb4_unicode_ci NOT NULL,
  PRIMARY KEY (`id`)
) ENGINE=InnoDB AUTO_INCREMENT=60 DEFAULT CHARSET=utf8mb4 COLLATE=utf8mb4_unicode_ci;
/*!40101 SET character_set_client = @saved_cs_client */;

--
-- Dumping data for table `menu_translation`
--

LOCK TABLES `menu_translation` WRITE;
/*!40000 ALTER TABLE `menu_translation` DISABLE KEYS */;
INSERT INTO `menu_translation` VALUES (2,1,1,'Home'),(3,1,4,'منزل'),(11,2,1,'Products'),(12,2,4,'تسوق'),(33,18,1,'About us'),(34,18,4,'معلومات عنا'),(41,22,1,'Contact Us'),(42,22,4,'اتصل بنا'),(43,23,1,'How it works'),(44,23,4,'كيف تعمل'),(45,24,1,'Campaigns'),(46,24,4,'الحملات'),(47,24,5,'Campaigns'),(48,2,5,'منتجات'),(49,25,1,'Community Support'),(50,25,5,'دعم المجتمع'),(51,23,5,'كيف تعمل'),(52,18,5,'حول'),(53,18,6,'abut us'),(56,23,6,'How it works'),(57,27,1,'Winners'),(58,27,6,'Winners'),(59,25,6,'Community Support');
/*!40000 ALTER TABLE `menu_translation` ENABLE KEYS */;
UNLOCK TABLES;

--
-- Table structure for table `menus`
--

DROP TABLE IF EXISTS `menus`;
/*!40101 SET @saved_cs_client     = @@character_set_client */;
/*!40101 SET character_set_client = utf8 */;
CREATE TABLE `menus` (
  `id` int(11) NOT NULL AUTO_INCREMENT,
  `sort_order` int(11) DEFAULT NULL,
  `sub_sort_order` int(11) DEFAULT NULL,
  `parent_id` int(11) NOT NULL,
  `type` int(11) NOT NULL,
  `external_link` varchar(255) COLLATE utf8mb4_unicode_ci DEFAULT NULL,
  `link` varchar(255) COLLATE utf8mb4_unicode_ci DEFAULT NULL,
  `page_id` int(11) DEFAULT NULL,
  `status` int(11) NOT NULL,
  `created_at` datetime DEFAULT NULL,
  `updated_at` datetime DEFAULT NULL,
  PRIMARY KEY (`id`)
) ENGINE=InnoDB AUTO_INCREMENT=28 DEFAULT CHARSET=utf8mb4 COLLATE=utf8mb4_unicode_ci;
/*!40101 SET character_set_client = @saved_cs_client */;

--
-- Dumping data for table `menus`
--

LOCK TABLES `menus` WRITE;
/*!40000 ALTER TABLE `menus` DISABLE KEYS */;
INSERT INTO `menus` VALUES (1,1,NULL,0,5,'/','/',0,0,NULL,NULL),(2,6,NULL,0,5,'/shop','/shop',0,1,NULL,NULL),(18,4,2,0,1,'https://winztime.com/page/about-us','/page/about-us',0,1,NULL,NULL),(22,9,NULL,0,5,'/contact','/contact',0,0,NULL,NULL),(23,3,NULL,0,1,'https://winztime.com/page/how-it-works','/page/how-it-works',0,1,NULL,NULL),(24,8,NULL,0,1,'http://134.119.189.170:90/lucramania/public/','http://134.119.189.170:90/lucramania/public/',0,0,NULL,NULL),(25,7,NULL,0,2,'Community-Support','Community-Support',0,0,NULL,NULL),(27,5,NULL,0,2,'winners','winners',0,0,NULL,NULL);
/*!40000 ALTER TABLE `menus` ENABLE KEYS */;
UNLOCK TABLES;

--
-- Table structure for table `migrations`
--

DROP TABLE IF EXISTS `migrations`;
/*!40101 SET @saved_cs_client     = @@character_set_client */;
/*!40101 SET character_set_client = utf8 */;
CREATE TABLE `migrations` (
  `id` int(10) unsigned NOT NULL AUTO_INCREMENT,
  `migration` varchar(191) COLLATE utf8_unicode_ci NOT NULL,
  `batch` int(11) NOT NULL,
  PRIMARY KEY (`id`)
) ENGINE=InnoDB AUTO_INCREMENT=90 DEFAULT CHARSET=utf8 COLLATE=utf8_unicode_ci;
/*!40101 SET character_set_client = @saved_cs_client */;

--
-- Dumping data for table `migrations`
--

LOCK TABLES `migrations` WRITE;
/*!40000 ALTER TABLE `migrations` DISABLE KEYS */;
INSERT INTO `migrations` VALUES (1,'2019_09_24_122557_create_address_book_table',1),(2,'2019_09_24_122557_create_alert_settings_table',1),(3,'2019_09_24_122557_create_api_calls_list_table',1),(4,'2019_09_24_122557_create_banners_history_table',1),(5,'2019_09_24_122557_create_banners_table',1),(6,'2019_09_24_122557_create_block_ips_table',1),(7,'2019_09_24_122557_create_categories_description_table',1),(8,'2019_09_24_122557_create_categories_role_table',1),(9,'2019_09_24_122557_create_categories_table',1),(10,'2019_09_24_122557_create_compare_table',1),(11,'2019_09_24_122557_create_constant_banners_table',1),(12,'2019_09_24_122557_create_countries_table',1),(13,'2019_09_24_122557_create_coupons_table',1),(14,'2019_09_24_122557_create_currencies_table',1),(15,'2019_09_24_122557_create_currency_record_table',1),(16,'2019_09_24_122557_create_current_theme_table',1),(17,'2019_09_24_122557_create_customers_basket_attributes_table',1),(18,'2019_09_24_122557_create_customers_basket_table',1),(19,'2019_09_24_122557_create_customers_info_table',1),(20,'2019_09_24_122557_create_customers_table',1),(21,'2019_09_24_122557_create_devices_table',1),(22,'2019_09_24_122557_create_flash_sale_table',1),(23,'2019_09_24_122557_create_flate_rate_table',1),(24,'2019_09_24_122557_create_front_end_theme_content_table',1),(25,'2019_09_24_122557_create_geo_zones_table',1),(26,'2019_09_24_122557_create_http_call_record_table',1),(27,'2019_09_24_122557_create_image_categories_table',1),(28,'2019_09_24_122557_create_images_table',1),(29,'2019_09_24_122557_create_inventory_detail_table',1),(30,'2019_09_24_122557_create_inventory_table',1),(31,'2019_09_24_122557_create_label_value_table',1),(32,'2019_09_24_122557_create_labels_table',1),(33,'2019_09_24_122557_create_languages_table',1),(34,'2019_09_24_122557_create_liked_products_table',1),(35,'2019_09_24_122557_create_manage_min_max_table',1),(36,'2019_09_24_122557_create_manage_role_table',1),(37,'2019_09_24_122557_create_manufacturers_info_table',1),(38,'2019_09_24_122557_create_manufacturers_table',1),(39,'2019_09_24_122557_create_news_categories_description_table',1),(40,'2019_09_24_122557_create_news_categories_table',1),(41,'2019_09_24_122557_create_news_description_table',1),(42,'2019_09_24_122557_create_news_table',1),(43,'2019_09_24_122557_create_news_to_news_categories_table',1),(44,'2019_09_24_122557_create_orders_products_attributes_table',1),(45,'2019_09_24_122557_create_orders_products_table',1),(46,'2019_09_24_122557_create_orders_status_description_table',1),(47,'2019_09_24_122557_create_orders_status_history_table',1),(48,'2019_09_24_122557_create_orders_status_table',1),(49,'2019_09_24_122557_create_orders_table',1),(50,'2019_09_24_122557_create_orders_total_table',1),(51,'2019_09_24_122557_create_pages_description_table',1),(52,'2019_09_24_122557_create_pages_table',1),(53,'2019_09_24_122557_create_payment_description_table',1),(54,'2019_09_24_122557_create_payment_methods_detail_table',1),(55,'2019_09_24_122557_create_payment_methods_table',1),(56,'2019_09_24_122557_create_permissions_table',1),(57,'2019_09_24_122557_create_products_attributes_table',1),(58,'2019_09_24_122557_create_products_description_table',1),(59,'2019_09_24_122557_create_products_images_table',1),(60,'2019_09_24_122557_create_products_options_descriptions_table',1),(61,'2019_09_24_122557_create_products_options_table',1),(62,'2019_09_24_122557_create_products_options_values_descriptions_table',1),(63,'2019_09_24_122557_create_products_options_values_table',1),(64,'2019_09_24_122557_create_products_shipping_rates_table',1),(65,'2019_09_24_122557_create_products_table',1),(66,'2019_09_24_122557_create_products_to_categories_table',1),(67,'2019_09_24_122557_create_reviews_description_table',1),(68,'2019_09_24_122557_create_reviews_table',1),(69,'2019_09_24_122557_create_sessions_table',1),(70,'2019_09_24_122557_create_settings_table',1),(71,'2019_09_24_122557_create_shipping_description_table',1),(72,'2019_09_24_122557_create_shipping_methods_table',1),(73,'2019_09_24_122557_create_sliders_images_table',1),(74,'2019_09_24_122557_create_specials_table',1),(75,'2019_09_24_122557_create_tax_class_table',1),(76,'2019_09_24_122557_create_tax_rates_table',1),(77,'2019_09_24_122557_create_units_descriptions_table',1),(78,'2019_09_24_122557_create_units_table',1),(79,'2019_09_24_122557_create_ups_shipping_table',1),(80,'2019_09_24_122557_create_user_to_address_table',1),(81,'2019_09_24_122557_create_user_types_table',1),(82,'2019_09_24_122557_create_users_table',1),(83,'2019_09_24_122557_create_whos_online_table',1),(84,'2019_09_24_122557_create_zones_table',1),(85,'2019_09_24_122557_create_zones_to_geo_zones_table',1),(86,'2019_12_11_070737_create_menus_table',1),(87,'2019_12_11_070821_create_menu_translation_table',1),(88,'2020_02_04_121358_top_offers',1),(89,'2020_03_25_141022_create_home_banners',1);
/*!40000 ALTER TABLE `migrations` ENABLE KEYS */;
UNLOCK TABLES;

--
-- Table structure for table `news`
--

DROP TABLE IF EXISTS `news`;
/*!40101 SET @saved_cs_client     = @@character_set_client */;
/*!40101 SET character_set_client = utf8 */;
CREATE TABLE `news` (
  `news_id` int(11) NOT NULL AUTO_INCREMENT,
  `news_image` text COLLATE utf8mb4_unicode_ci,
  `news_date_added` datetime NOT NULL,
  `news_last_modified` datetime DEFAULT NULL,
  `news_status` tinyint(1) NOT NULL,
  `is_feature` tinyint(1) NOT NULL DEFAULT '0',
  `news_slug` varchar(191) COLLATE utf8mb4_unicode_ci NOT NULL,
  `created_at` timestamp NULL DEFAULT NULL,
  `updated_at` timestamp NULL DEFAULT NULL,
  PRIMARY KEY (`news_id`),
  KEY `idx_products_date_added` (`news_date_added`)
) ENGINE=MyISAM AUTO_INCREMENT=7 DEFAULT CHARSET=utf8mb4 COLLATE=utf8mb4_unicode_ci;
/*!40101 SET character_set_client = @saved_cs_client */;

--
-- Dumping data for table `news`
--

LOCK TABLES `news` WRITE;
/*!40000 ALTER TABLE `news` DISABLE KEYS */;
INSERT INTO `news` VALUES (1,'419','2020-04-05 01:10:00',NULL,1,1,'world-business-news','2019-09-18 15:17:41','2020-09-21 07:10:12'),(2,'420','2020-04-05 01:10:00',NULL,1,0,'witn-news','2019-09-18 15:23:26','2019-10-01 16:25:20'),(3,'421','2020-04-05 01:10:00',NULL,1,0,'stock-exchange','2019-09-24 16:02:25','2019-10-01 16:25:44'),(4,'447','2020-04-05 01:10:00',NULL,1,1,'manufacturing-tools','2019-09-24 16:03:19','2019-10-01 16:26:07'),(5,'449','2020-04-05 01:10:00',NULL,1,1,'fashion-week','2019-09-24 16:31:11','2019-10-01 16:26:45'),(6,'448','2020-04-05 01:10:00',NULL,1,1,'world-wide-networking','2019-09-24 16:33:17','2019-10-01 16:27:01');
/*!40000 ALTER TABLE `news` ENABLE KEYS */;
UNLOCK TABLES;

--
-- Table structure for table `news_categories`
--

DROP TABLE IF EXISTS `news_categories`;
/*!40101 SET @saved_cs_client     = @@character_set_client */;
/*!40101 SET character_set_client = utf8 */;
CREATE TABLE `news_categories` (
  `categories_id` int(11) NOT NULL AUTO_INCREMENT,
  `categories_image` text COLLATE utf8mb4_unicode_ci,
  `categories_icon` text COLLATE utf8mb4_unicode_ci NOT NULL,
  `parent_id` int(11) NOT NULL DEFAULT '0',
  `sort_order` int(11) DEFAULT NULL,
  `date_added` datetime DEFAULT NULL,
  `last_modified` datetime DEFAULT NULL,
  `news_categories_slug` varchar(191) COLLATE utf8mb4_unicode_ci NOT NULL,
  `categories_status` tinyint(1) NOT NULL DEFAULT '1',
  `created_at` timestamp NULL DEFAULT NULL,
  `updated_at` timestamp NULL DEFAULT NULL,
  PRIMARY KEY (`categories_id`),
  KEY `idx_categories_parent_id` (`parent_id`)
) ENGINE=MyISAM AUTO_INCREMENT=5 DEFAULT CHARSET=utf8mb4 COLLATE=utf8mb4_unicode_ci;
/*!40101 SET character_set_client = @saved_cs_client */;

--
-- Dumping data for table `news_categories`
--

LOCK TABLES `news_categories` WRITE;
/*!40000 ALTER TABLE `news_categories` DISABLE KEYS */;
INSERT INTO `news_categories` VALUES (3,'417','',0,1,NULL,'2020-04-01 05:10:03','tools-and-technology',1,'2019-09-24 15:56:31',NULL),(4,'418','',0,4,NULL,'2020-04-01 05:10:27','business',1,'2019-09-24 15:57:08',NULL);
/*!40000 ALTER TABLE `news_categories` ENABLE KEYS */;
UNLOCK TABLES;

--
-- Table structure for table `news_categories_description`
--

DROP TABLE IF EXISTS `news_categories_description`;
/*!40101 SET @saved_cs_client     = @@character_set_client */;
/*!40101 SET character_set_client = utf8 */;
CREATE TABLE `news_categories_description` (
  `categories_description_id` int(11) NOT NULL AUTO_INCREMENT,
  `categories_id` int(11) NOT NULL DEFAULT '0',
  `language_id` int(11) NOT NULL DEFAULT '1',
  `categories_name` varchar(32) COLLATE utf8mb4_unicode_ci NOT NULL,
  PRIMARY KEY (`categories_description_id`),
  KEY `idx_categories_name` (`categories_name`)
) ENGINE=MyISAM AUTO_INCREMENT=7 DEFAULT CHARSET=utf8mb4 COLLATE=utf8mb4_unicode_ci;
/*!40101 SET character_set_client = @saved_cs_client */;

--
-- Dumping data for table `news_categories_description`
--

LOCK TABLES `news_categories_description` WRITE;
/*!40000 ALTER TABLE `news_categories_description` DISABLE KEYS */;
INSERT INTO `news_categories_description` VALUES (3,3,1,'Tools and Technology'),(4,4,1,'Business'),(5,3,4,'الأدوات والتكنولوجيا'),(6,4,4,'اعمال');
/*!40000 ALTER TABLE `news_categories_description` ENABLE KEYS */;
UNLOCK TABLES;

--
-- Table structure for table `news_description`
--

DROP TABLE IF EXISTS `news_description`;
/*!40101 SET @saved_cs_client     = @@character_set_client */;
/*!40101 SET character_set_client = utf8 */;
CREATE TABLE `news_description` (
  `language_id` int(11) NOT NULL DEFAULT '1',
  `news_name` varchar(64) COLLATE utf8mb4_unicode_ci NOT NULL DEFAULT '',
  `news_id` int(11) NOT NULL,
  `news_description` text COLLATE utf8mb4_unicode_ci,
  `news_url` varchar(191) COLLATE utf8mb4_unicode_ci DEFAULT NULL,
  `news_viewed` int(11) DEFAULT '0',
  KEY `products_name` (`news_name`)
) ENGINE=MyISAM DEFAULT CHARSET=utf8mb4 COLLATE=utf8mb4_unicode_ci;
/*!40101 SET character_set_client = @saved_cs_client */;

--
-- Dumping data for table `news_description`
--

LOCK TABLES `news_description` WRITE;
/*!40000 ALTER TABLE `news_description` DISABLE KEYS */;
INSERT INTO `news_description` VALUES (1,'World Business',1,'<p>Lorem Ipsum is simply dummy text of the printing and typesetting industry. Lorem Ipsum has been the industry&rsquo;s standard dummy text ever since the 1500s, when an unknown printer took a galley of type and scrambled it to make a type specimen book. It has survived not only five centuries, but also the leap into electronic typesetting, remaining essentially unchanged. It was popularised in the 1960s with the release of Letraset sheets containing Lorem Ipsum passages, and more recently with desktop publishing software like Aldus PageMaker including versions of Lorem Ipsum.</p>\r\n<p>&nbsp;</p>\r\n<p>Lorem Ipsum is simply dummy text of the printing and typesetting industry. Lorem Ipsum has been the industry&rsquo;s standard dummy text ever since the 1500s, when an unknown printer took a galley of type and scrambled it to make a type specimen book. It has survived not only five centuries, but also the leap into electronic typesetting, remaining essentially unchanged. It was popularised in the 1960s with the release of Letraset sheets containing Lorem Ipsum passages, and more recently with desktop publishing software like Aldus PageMaker including versions of Lorem Ipsum.</p>\r\n<p>&nbsp;</p>\r\n<p>Lorem Ipsum is simply dummy text of the printing and typesetting industry. Lorem Ipsum has been the industry&rsquo;s standard dummy text ever since the 1500s, when an unknown printer took a galley of type and scrambled it to make a type specimen book. It has survived not only five centuries, but also the leap into electronic typesetting, remaining essentially unchanged. It was popularised in the 1960s with the release of Letraset sheets containing Lorem Ipsum passages, and more recently with desktop publishing software like Aldus PageMaker including versions of Lorem Ipsum.</p>','0',0),(1,'World Information Technology',2,'Lorem Ipsum is simply dummy text of the printing and typesetting industry. Lorem Ipsum has been the industry&rsquo;s standard dummy text ever since the 1500s, when an unknown printer took a galley of type and scrambled it to make a type specimen book. It has survived not only five centuries, but also the leap into electronic typesetting, remaining essentially unchanged. It was popularised in the 1960s with the release of Letraset sheets containing Lorem Ipsum passages, and more recently with desktop publishing software like Aldus PageMaker including versions of Lorem Ipsum.','0',0),(1,'Stock Exchange',3,'Lorem Ipsum is simply dummy text of the printing and typesetting industry. Lorem Ipsum has been the industry&amp;rsquo;s standard dummy text ever since the 1500s, when an unknown printer took a galley of type and scrambled it to make a type specimen book. It has survived not only five centuries, but also the leap into electronic typesetting, remaining essentially unchanged. It was popularised in the 1960s with the release of Letraset sheets containing Lorem Ipsum passages, and more recently with desktop publishing software like Aldus PageMaker including versions of Lorem Ipsum.','0',0),(1,'Why to choose this app for your Project?',4,'<p>Lorem Ipsum is simply dummy text of the printing and typesetting industry. Lorem Ipsum has been the industry&amp;rsquo;s standard dummy text ever since the 1500s, when an unknown printer took a galley of type and scrambled it to make a type specimen book. It has survived not only five centuries, but also the leap into electronic typesetting, remaining essentially unchanged. It was popularised in the 1960s with the release of Letraset sheets containing Lorem Ipsum passages, and more recently with desktop publishing software like Aldus PageMaker including versions of Lorem Ipsum.</p>','0',0),(1,'Fashion Week',5,'<p>Lorem Ipsum is simply dummy text of the printing and typesetting industry. Lorem Ipsum has been the industry&amp;rsquo;s standard dummy text ever since the 1500s, when an unknown printer took a galley of type and scrambled it to make a type specimen book. It has survived not only five centuries, but also the leap into electronic typesetting, remaining essentially unchanged. It was popularised in the 1960s with the release of Letraset sheets containing Lorem Ipsum passages, and more recently with desktop publishing software like Aldus PageMaker including versions of Lorem Ipsum.</p>','0',0),(1,'Tool and Technology',6,'<p>Lorem Ipsum is simply dummy text of the printing and typesetting industry. Lorem Ipsum has been the industry&amp;rsquo;s standard dummy text ever since the 1500s, when an unknown printer took a galley of type and scrambled it to make a type specimen book. It has survived not only five centuries, but also the leap into electronic typesetting, remaining essentially unchanged. It was popularised in the 1960s with the release of Letraset sheets containing Lorem Ipsum passages, and more recently with desktop publishing software like Aldus PageMaker including versions of Lorem Ipsum.</p>','0',0),(4,'عالم الأعمال',1,'<p>ذلك وبعدما وقوعها، أم, تُصب ونتج حول عن. أن فرنسا لمحاكم تلك, يكن ان وتتحمّل الساحلية. يذكر الأول إتفاقية مما أي, كلّ ٣٠ دفّة العالم. بها بـ عقبت السفن الثالث, الأول الانجليزية أخر أي, فكان أفاق عدد بل. واتّجه قُدُماً التخطيط بل لان, والنفيس وبالتحديد، يتم عل, إذ بعد تحرير ترتيب الوزراء. أم السبب التّحول واشتدّت يتم, ٣٠ أضف ليركز قتيل، المعاهدات, أم مئات الشرق، أخر. أوسع الطريق هو جعل, كل وجهان الصين الضروري عرض. خيار قادة لعملة على ما, فسقط الشمال ما بعض. حتى في مليارات والإتحاد, هو كلا لفرنسا الخطّة, عرض أي المضي الصين. أضف تاريخ لإنعدام الولايات في. بعد ليرتفع التحالف التجارية هو, هو الذود لإعلان كلّ, ثمّة المجتمع الإكتفاء يبق ثم. ثم جُل وترك وانتهاءً التقليدي. هو إيو محاولات البولندي. عرض عل كردة ميناء المنتصر, كان لدحر أوسع فرنسية ان. منتصف بالرّغم لم أخذ. بـ دون لهذه نهاية وباستثناء. عرض الآخر لليابان الأوروبية تم, قد التي كُلفة المتساقطة، ذلك. مرجع لكون سياسة مع أخر. وحتى النفط بالسيطرة مع ومن, وفي أم واحدة الشهير. أخذ عن وأزيز بمحاولة الأمريكية. بال كل ووصف منتصف ولاتّساع, يكن و الأول الإتحاد. حدى بـ ايطاليا، الأثناء،, هو بلاده العصبة فصل, والتي يعادل نفس بل. مكن المنتصر والروسية الموسوعة أم. أن بحق فقامت حادثة الرئيسية, هذه تعداد وعُرفت بتطويق أم. هذه أهّل مقاومة الاندونيسية قد, انه وبدون واستمرت كل. حتى وبدون فكانت الإطلاق في, بعد تصفح سكان وقامت أم, يكن الأمم إستعمل أم. وبعض الأمم بـ ذات, إجلاء استدعى الأوروبية، أما عن, ما جنوب الدول الأمور بلا. كان الخاسر الساحل أن, و أضف يتمكن مكثّفة. كلّ الجوي تجهيز الأوروبي في, سقطت الطريق أوراقهم في بين. هامش بالحرب الباهضة لكل قد. عل صفحة عُقر وتنامت أخذ. أطراف العناد كلّ بل. حتى للسيطرة المتاخمة عل. طوكيو الشهيرة جهة أن, من جعل يونيو الأولية, عن جعل سقطت الستار. بشكل بمعارضة بالمطالبة ٣٠ ذات, قد بعض إبّان ماليزيا، الأوروبي. ذات ما وجهان الأوروبيّون, يقوم استمرار وتم إذ, أوراقهم الانجليزية يبق عن. حدى ٣٠ الصفحات الأوربيين, أراض الأولى فقد ان, وبعد بتخصيص ثم بعد. عدم هو ساعة الساحلية, أن بينما السيطرة أضف. وبحلول استعملت تعد بـ. تم للصين أصقاع الفترة نفس. سابق لمحاكم عن حول, أي بلا جنوب والإتحاد التغييرات. كلّ ان مئات الأمور الشتاء،. عن بعض أحكم تكبّد العصبة, يتم ٢٠٠٤ بالمحور العالمية هو. رجوعهم الحدود الإتحاد لان عن, كما و مليون وهولندا،. بسبب استبدال وتتحمّل لم عدد, قائمة بتحدّي بالسيطرة الى ما. يقوم الشطر العمليات كما و, عل نفس لفشل نهاية. عن حكومة بتطويق أخذ, مايو مرجع معقل هو لكل. ذلك قد بتطويق الضغوط, مع تحت ودول تزامناً. يرتبط بالسيطرة حتى من, وتم عن ٢٠٠٤ الجنود بريطانيا-فرنسا. وبولندا الأرواح إذ أضف, نفس هو إبّان للمجهود بالمحور, قبل ثم معاملة بالمحور بالتوقيع.</p>\r\n\r\n<p>&nbsp;</p>\r\n\r\n<p>ذلك وبعدما وقوعها، أم, تُصب ونتج حول عن. أن فرنسا لمحاكم تلك, يكن ان وتتحمّل الساحلية. يذكر الأول إتفاقية مما أي, كلّ ٣٠ دفّة العالم. بها بـ عقبت السفن الثالث, الأول الانجليزية أخر أي, فكان أفاق عدد بل. واتّجه قُدُماً التخطيط بل لان, والنفيس وبالتحديد، يتم عل, إذ بعد تحرير ترتيب الوزراء. أم السبب التّحول واشتدّت يتم, ٣٠ أضف ليركز قتيل، المعاهدات, أم مئات الشرق، أخر. أوسع الطريق هو جعل, كل وجهان الصين الضروري عرض. خيار قادة لعملة على ما, فسقط الشمال ما بعض. حتى في مليارات والإتحاد, هو كلا لفرنسا الخطّة, عرض أي المضي الصين. أضف تاريخ لإنعدام الولايات في. بعد ليرتفع التحالف التجارية هو, هو الذود لإعلان كلّ, ثمّة المجتمع الإكتفاء يبق ثم. ثم جُل وترك وانتهاءً التقليدي. هو إيو محاولات البولندي. عرض عل كردة ميناء المنتصر, كان لدحر أوسع فرنسية ان. منتصف بالرّغم لم أخذ. بـ دون لهذه نهاية وباستثناء. عرض الآخر لليابان الأوروبية تم, قد التي كُلفة المتساقطة، ذلك. مرجع لكون سياسة مع أخر. وحتى النفط بالسيطرة مع ومن, وفي أم واحدة الشهير. أخذ عن وأزيز بمحاولة الأمريكية. بال كل ووصف منتصف ولاتّساع, يكن و الأول الإتحاد. حدى بـ ايطاليا، الأثناء،, هو بلاده العصبة فصل, والتي يعادل نفس بل. مكن المنتصر والروسية الموسوعة أم. أن بحق فقامت حادثة الرئيسية, هذه تعداد وعُرفت بتطويق أم. هذه أهّل مقاومة الاندونيسية قد, انه وبدون واستمرت كل. حتى وبدون فكانت الإطلاق في, بعد تصفح سكان وقامت أم, يكن الأمم إستعمل أم. وبعض الأمم بـ ذات, إجلاء استدعى الأوروبية، أما عن, ما جنوب الدول الأمور بلا. كان الخاسر الساحل أن, و أضف يتمكن مكثّفة. كلّ الجوي تجهيز الأوروبي في, سقطت الطريق أوراقهم في بين. هامش بالحرب الباهضة لكل قد. عل صفحة عُقر وتنامت أخذ. أطراف العناد كلّ بل. حتى للسيطرة المتاخمة عل. طوكيو الشهيرة جهة أن, من جعل يونيو الأولية, عن جعل سقطت الستار. بشكل بمعارضة بالمطالبة ٣٠ ذات, قد بعض إبّان ماليزيا، الأوروبي. ذات ما وجهان الأوروبيّون, يقوم استمرار وتم إذ, أوراقهم الانجليزية يبق عن. حدى ٣٠ الصفحات الأوربيين, أراض الأولى فقد ان, وبعد بتخصيص ثم بعد. عدم هو ساعة الساحلية, أن بينما السيطرة أضف. وبحلول استعملت تعد بـ. تم للصين أصقاع الفترة نفس. سابق لمحاكم عن حول, أي بلا جنوب والإتحاد التغييرات. كلّ ان مئات الأمور الشتاء،. عن بعض أحكم تكبّد العصبة, يتم ٢٠٠٤ بالمحور العالمية هو. رجوعهم الحدود الإتحاد لان عن, كما و مليون وهولندا،. بسبب استبدال وتتحمّل لم عدد, قائمة بتحدّي بالسيطرة الى ما. يقوم الشطر العمليات كما و, عل نفس لفشل نهاية. عن حكومة بتطويق أخذ, مايو مرجع معقل هو لكل. ذلك قد بتطويق الضغوط, مع تحت ودول تزامناً. يرتبط بالسيطرة حتى من, وتم عن ٢٠٠٤ الجنود بريطانيا-فرنسا. وبولندا الأرواح إذ أضف, نفس هو إبّان للمجهود بالمحور, قبل ثم معاملة بالمحور بالتوقيع.</p>\r\n\r\n<p>&nbsp;</p>\r\n\r\n<p>ذلك وبعدما وقوعها، أم, تُصب ونتج حول عن. أن فرنسا لمحاكم تلك, يكن ان وتتحمّل الساحلية. يذكر الأول إتفاقية مما أي, كلّ ٣٠ دفّة العالم. بها بـ عقبت السفن الثالث, الأول الانجليزية أخر أي, فكان أفاق عدد بل. واتّجه قُدُماً التخطيط بل لان, والنفيس وبالتحديد، يتم عل, إذ بعد تحرير ترتيب الوزراء. أم السبب التّحول واشتدّت يتم, ٣٠ أضف ليركز قتيل، المعاهدات, أم مئات الشرق، أخر. أوسع الطريق هو جعل, كل وجهان الصين الضروري عرض. خيار قادة لعملة على ما, فسقط الشمال ما بعض. حتى في مليارات والإتحاد, هو كلا لفرنسا الخطّة, عرض أي المضي الصين. أضف تاريخ لإنعدام الولايات في. بعد ليرتفع التحالف التجارية هو, هو الذود لإعلان كلّ, ثمّة المجتمع الإكتفاء يبق ثم. ثم جُل وترك وانتهاءً التقليدي. هو إيو محاولات البولندي. عرض عل كردة ميناء المنتصر, كان لدحر أوسع فرنسية ان. منتصف بالرّغم لم أخذ. بـ دون لهذه نهاية وباستثناء. عرض الآخر لليابان الأوروبية تم, قد التي كُلفة المتساقطة، ذلك. مرجع لكون سياسة مع أخر. وحتى النفط بالسيطرة مع ومن, وفي أم واحدة الشهير. أخذ عن وأزيز بمحاولة الأمريكية. بال كل ووصف منتصف ولاتّساع, يكن و الأول الإتحاد. حدى بـ ايطاليا، الأثناء،, هو بلاده العصبة فصل, والتي يعادل نفس بل. مكن المنتصر والروسية الموسوعة أم. أن بحق فقامت حادثة الرئيسية, هذه تعداد وعُرفت بتطويق أم. هذه أهّل مقاومة الاندونيسية قد, انه وبدون واستمرت كل. حتى وبدون فكانت الإطلاق في, بعد تصفح سكان وقامت أم, يكن الأمم إستعمل أم. وبعض الأمم بـ ذات, إجلاء استدعى الأوروبية، أما عن, ما جنوب الدول الأمور بلا. كان الخاسر الساحل أن, و أضف يتمكن مكثّفة. كلّ الجوي تجهيز الأوروبي في, سقطت الطريق أوراقهم في بين. هامش بالحرب الباهضة لكل قد. عل صفحة عُقر وتنامت أخذ. أطراف العناد كلّ بل. حتى للسيطرة المتاخمة عل. طوكيو الشهيرة جهة أن, من جعل يونيو الأولية, عن جعل سقطت الستار. بشكل بمعارضة بالمطالبة ٣٠ ذات, قد بعض إبّان ماليزيا، الأوروبي. ذات ما وجهان الأوروبيّون, يقوم استمرار وتم إذ, أوراقهم الانجليزية يبق عن. حدى ٣٠ الصفحات الأوربيين, أراض الأولى فقد ان, وبعد بتخصيص ثم بعد. عدم هو ساعة الساحلية, أن بينما السيطرة أضف. وبحلول استعملت تعد بـ. تم للصين أصقاع الفترة نفس. سابق لمحاكم عن حول, أي بلا جنوب والإتحاد التغييرات. كلّ ان مئات الأمور الشتاء،. عن بعض أحكم تكبّد العصبة, يتم ٢٠٠٤ بالمحور العالمية هو. رجوعهم الحدود الإتحاد لان عن, كما و مليون وهولندا،. بسبب استبدال وتتحمّل لم عدد, قائمة بتحدّي بالسيطرة الى ما. يقوم الشطر العمليات كما و, عل نفس لفشل نهاية. عن حكومة بتطويق أخذ, مايو مرجع معقل هو لكل. ذلك قد بتطويق الضغوط, مع تحت ودول تزامناً. يرتبط بالسيطرة حتى من, وتم عن ٢٠٠٤ الجنود بريطانيا-فرنسا. وبولندا الأرواح إذ أضف, نفس هو إبّان للمجهود بالمحور, قبل ثم معاملة بالمحور بالتوقيع.</p>','0',0),(4,'عالم تكنولوجيا المعلومات',2,'ذلك وبعدما وقوعها، أم, تُصب ونتج حول عن. أن فرنسا لمحاكم تلك, يكن ان وتتحمّل الساحلية. يذكر الأول إتفاقية مما أي, كلّ ٣٠ دفّة العالم. بها بـ عقبت السفن الثالث, الأول الانجليزية أخر أي, فكان أفاق عدد بل. واتّجه قُدُماً التخطيط بل لان, والنفيس وبالتحديد، يتم عل, إذ بعد تحرير ترتيب الوزراء.\r\n\r\nأم السبب التّحول واشتدّت يتم, ٣٠ أضف ليركز قتيل، المعاهدات, أم مئات الشرق، أخر. أوسع الطريق هو جعل, كل وجهان الصين الضروري عرض. خيار قادة لعملة على ما, فسقط الشمال ما بعض. حتى في مليارات والإتحاد, هو كلا لفرنسا الخطّة, عرض أي المضي الصين. أضف تاريخ لإنعدام الولايات في. بعد ليرتفع التحالف التجارية هو, هو الذود لإعلان كلّ, ثمّة المجتمع الإكتفاء يبق ثم.\r\n\r\nثم جُل وترك وانتهاءً التقليدي. هو إيو محاولات البولندي. عرض عل كردة ميناء المنتصر, كان لدحر أوسع فرنسية ان. منتصف بالرّغم لم أخذ. بـ دون لهذه نهاية وباستثناء.\r\n\r\nعرض الآخر لليابان الأوروبية تم, قد التي كُلفة المتساقطة، ذلك. مرجع لكون سياسة مع أخر. وحتى النفط بالسيطرة مع ومن, وفي أم واحدة الشهير. أخذ عن وأزيز بمحاولة الأمريكية. بال كل ووصف منتصف ولاتّساع, يكن و الأول الإتحاد. حدى بـ ايطاليا، الأثناء،, هو بلاده العصبة فصل, والتي يعادل نفس بل.\r\n\r\nمكن المنتصر والروسية الموسوعة أم. أن بحق فقامت حادثة الرئيسية, هذه تعداد وعُرفت بتطويق أم. هذه أهّل مقاومة الاندونيسية قد, انه وبدون واستمرت كل. حتى وبدون فكانت الإطلاق في, بعد تصفح سكان وقامت أم, يكن الأمم إستعمل أم. وبعض الأمم بـ ذات, إجلاء استدعى الأوروبية، أما عن, ما جنوب الدول الأمور بلا.\r\n\r\nكان الخاسر الساحل أن, و أضف يتمكن مكثّفة. كلّ الجوي تجهيز الأوروبي في, سقطت الطريق أوراقهم في بين. هامش بالحرب الباهضة لكل قد. عل صفحة عُقر وتنامت أخذ. أطراف العناد كلّ بل.\r\n\r\nحتى للسيطرة المتاخمة عل. طوكيو الشهيرة جهة أن, من جعل يونيو الأولية, عن جعل سقطت الستار. بشكل بمعارضة بالمطالبة ٣٠ ذات, قد بعض إبّان ماليزيا، الأوروبي. ذات ما وجهان الأوروبيّون, يقوم استمرار وتم إذ, أوراقهم الانجليزية يبق عن. حدى ٣٠ الصفحات الأوربيين, أراض الأولى فقد ان, وبعد بتخصيص ثم بعد.\r\n\r\nعدم هو ساعة الساحلية, أن بينما السيطرة أضف. وبحلول استعملت تعد بـ. تم للصين أصقاع الفترة نفس. سابق لمحاكم عن حول, أي بلا جنوب والإتحاد التغييرات.\r\n\r\nكلّ ان مئات الأمور الشتاء،. عن بعض أحكم تكبّد العصبة, يتم ٢٠٠٤ بالمحور العالمية هو. رجوعهم الحدود الإتحاد لان عن, كما و مليون وهولندا،. بسبب استبدال وتتحمّل لم عدد, قائمة بتحدّي بالسيطرة الى ما. يقوم الشطر العمليات كما و, عل نفس لفشل نهاية.\r\n\r\nعن حكومة بتطويق أخذ, مايو مرجع معقل هو لكل. ذلك قد بتطويق الضغوط, مع تحت ودول تزامناً. يرتبط بالسيطرة حتى من, وتم عن ٢٠٠٤ الجنود بريطانيا-فرنسا. وبولندا الأرواح إذ أضف, نفس هو إبّان للمجهود بالمحور, قبل ثم معاملة بالمحور بالتوقيع.','0',0),(4,'تداول الاسهم',3,'ذلك وبعدما وقوعها، أم, تُصب ونتج حول عن. أن فرنسا لمحاكم تلك, يكن ان وتتحمّل الساحلية. يذكر الأول إتفاقية مما أي, كلّ ٣٠ دفّة العالم. بها بـ عقبت السفن الثالث, الأول الانجليزية أخر أي, فكان أفاق عدد بل. واتّجه قُدُماً التخطيط بل لان, والنفيس وبالتحديد، يتم عل, إذ بعد تحرير ترتيب الوزراء.\r\n\r\nأم السبب التّحول واشتدّت يتم, ٣٠ أضف ليركز قتيل، المعاهدات, أم مئات الشرق، أخر. أوسع الطريق هو جعل, كل وجهان الصين الضروري عرض. خيار قادة لعملة على ما, فسقط الشمال ما بعض. حتى في مليارات والإتحاد, هو كلا لفرنسا الخطّة, عرض أي المضي الصين. أضف تاريخ لإنعدام الولايات في. بعد ليرتفع التحالف التجارية هو, هو الذود لإعلان كلّ, ثمّة المجتمع الإكتفاء يبق ثم.\r\n\r\nثم جُل وترك وانتهاءً التقليدي. هو إيو محاولات البولندي. عرض عل كردة ميناء المنتصر, كان لدحر أوسع فرنسية ان. منتصف بالرّغم لم أخذ. بـ دون لهذه نهاية وباستثناء.\r\n\r\nعرض الآخر لليابان الأوروبية تم, قد التي كُلفة المتساقطة، ذلك. مرجع لكون سياسة مع أخر. وحتى النفط بالسيطرة مع ومن, وفي أم واحدة الشهير. أخذ عن وأزيز بمحاولة الأمريكية. بال كل ووصف منتصف ولاتّساع, يكن و الأول الإتحاد. حدى بـ ايطاليا، الأثناء،, هو بلاده العصبة فصل, والتي يعادل نفس بل.\r\n\r\nمكن المنتصر والروسية الموسوعة أم. أن بحق فقامت حادثة الرئيسية, هذه تعداد وعُرفت بتطويق أم. هذه أهّل مقاومة الاندونيسية قد, انه وبدون واستمرت كل. حتى وبدون فكانت الإطلاق في, بعد تصفح سكان وقامت أم, يكن الأمم إستعمل أم. وبعض الأمم بـ ذات, إجلاء استدعى الأوروبية، أما عن, ما جنوب الدول الأمور بلا.\r\n\r\nكان الخاسر الساحل أن, و أضف يتمكن مكثّفة. كلّ الجوي تجهيز الأوروبي في, سقطت الطريق أوراقهم في بين. هامش بالحرب الباهضة لكل قد. عل صفحة عُقر وتنامت أخذ. أطراف العناد كلّ بل.\r\n\r\nحتى للسيطرة المتاخمة عل. طوكيو الشهيرة جهة أن, من جعل يونيو الأولية, عن جعل سقطت الستار. بشكل بمعارضة بالمطالبة ٣٠ ذات, قد بعض إبّان ماليزيا، الأوروبي. ذات ما وجهان الأوروبيّون, يقوم استمرار وتم إذ, أوراقهم الانجليزية يبق عن. حدى ٣٠ الصفحات الأوربيين, أراض الأولى فقد ان, وبعد بتخصيص ثم بعد.\r\n\r\nعدم هو ساعة الساحلية, أن بينما السيطرة أضف. وبحلول استعملت تعد بـ. تم للصين أصقاع الفترة نفس. سابق لمحاكم عن حول, أي بلا جنوب والإتحاد التغييرات.\r\n\r\nكلّ ان مئات الأمور الشتاء،. عن بعض أحكم تكبّد العصبة, يتم ٢٠٠٤ بالمحور العالمية هو. رجوعهم الحدود الإتحاد لان عن, كما و مليون وهولندا،. بسبب استبدال وتتحمّل لم عدد, قائمة بتحدّي بالسيطرة الى ما. يقوم الشطر العمليات كما و, عل نفس لفشل نهاية.\r\n\r\nعن حكومة بتطويق أخذ, مايو مرجع معقل هو لكل. ذلك قد بتطويق الضغوط, مع تحت ودول تزامناً. يرتبط بالسيطرة حتى من, وتم عن ٢٠٠٤ الجنود بريطانيا-فرنسا. وبولندا الأرواح إذ أضف, نفس هو إبّان للمجهود بالمحور, قبل ثم معاملة بالمحور بالتوقيع.','0',0),(4,'لماذا تختار هذا التطبيق لمشروعك؟',4,'ذلك وبعدما وقوعها، أم, تُصب ونتج حول عن. أن فرنسا لمحاكم تلك, يكن ان وتتحمّل الساحلية. يذكر الأول إتفاقية مما أي, كلّ ٣٠ دفّة العالم. بها بـ عقبت السفن الثالث, الأول الانجليزية أخر أي, فكان أفاق عدد بل. واتّجه قُدُماً التخطيط بل لان, والنفيس وبالتحديد، يتم عل, إذ بعد تحرير ترتيب الوزراء.\r\n\r\nأم السبب التّحول واشتدّت يتم, ٣٠ أضف ليركز قتيل، المعاهدات, أم مئات الشرق، أخر. أوسع الطريق هو جعل, كل وجهان الصين الضروري عرض. خيار قادة لعملة على ما, فسقط الشمال ما بعض. حتى في مليارات والإتحاد, هو كلا لفرنسا الخطّة, عرض أي المضي الصين. أضف تاريخ لإنعدام الولايات في. بعد ليرتفع التحالف التجارية هو, هو الذود لإعلان كلّ, ثمّة المجتمع الإكتفاء يبق ثم.\r\n\r\nثم جُل وترك وانتهاءً التقليدي. هو إيو محاولات البولندي. عرض عل كردة ميناء المنتصر, كان لدحر أوسع فرنسية ان. منتصف بالرّغم لم أخذ. بـ دون لهذه نهاية وباستثناء.\r\n\r\nعرض الآخر لليابان الأوروبية تم, قد التي كُلفة المتساقطة، ذلك. مرجع لكون سياسة مع أخر. وحتى النفط بالسيطرة مع ومن, وفي أم واحدة الشهير. أخذ عن وأزيز بمحاولة الأمريكية. بال كل ووصف منتصف ولاتّساع, يكن و الأول الإتحاد. حدى بـ ايطاليا، الأثناء،, هو بلاده العصبة فصل, والتي يعادل نفس بل.\r\n\r\nمكن المنتصر والروسية الموسوعة أم. أن بحق فقامت حادثة الرئيسية, هذه تعداد وعُرفت بتطويق أم. هذه أهّل مقاومة الاندونيسية قد, انه وبدون واستمرت كل. حتى وبدون فكانت الإطلاق في, بعد تصفح سكان وقامت أم, يكن الأمم إستعمل أم. وبعض الأمم بـ ذات, إجلاء استدعى الأوروبية، أما عن, ما جنوب الدول الأمور بلا.\r\n\r\nكان الخاسر الساحل أن, و أضف يتمكن مكثّفة. كلّ الجوي تجهيز الأوروبي في, سقطت الطريق أوراقهم في بين. هامش بالحرب الباهضة لكل قد. عل صفحة عُقر وتنامت أخذ. أطراف العناد كلّ بل.\r\n\r\nحتى للسيطرة المتاخمة عل. طوكيو الشهيرة جهة أن, من جعل يونيو الأولية, عن جعل سقطت الستار. بشكل بمعارضة بالمطالبة ٣٠ ذات, قد بعض إبّان ماليزيا، الأوروبي. ذات ما وجهان الأوروبيّون, يقوم استمرار وتم إذ, أوراقهم الانجليزية يبق عن. حدى ٣٠ الصفحات الأوربيين, أراض الأولى فقد ان, وبعد بتخصيص ثم بعد.\r\n\r\nعدم هو ساعة الساحلية, أن بينما السيطرة أضف. وبحلول استعملت تعد بـ. تم للصين أصقاع الفترة نفس. سابق لمحاكم عن حول, أي بلا جنوب والإتحاد التغييرات.\r\n\r\nكلّ ان مئات الأمور الشتاء،. عن بعض أحكم تكبّد العصبة, يتم ٢٠٠٤ بالمحور العالمية هو. رجوعهم الحدود الإتحاد لان عن, كما و مليون وهولندا،. بسبب استبدال وتتحمّل لم عدد, قائمة بتحدّي بالسيطرة الى ما. يقوم الشطر العمليات كما و, عل نفس لفشل نهاية.\r\n\r\nعن حكومة بتطويق أخذ, مايو مرجع معقل هو لكل. ذلك قد بتطويق الضغوط, مع تحت ودول تزامناً. يرتبط بالسيطرة حتى من, وتم عن ٢٠٠٤ الجنود بريطانيا-فرنسا. وبولندا الأرواح إذ أضف, نفس هو إبّان للمجهود بالمحور, قبل ثم معاملة بالمحور بالتوقيع.','0',0),(4,'أسبوع الموضة',5,'ذلك وبعدما وقوعها، أم, تُصب ونتج حول عن. أن فرنسا لمحاكم تلك, يكن ان وتتحمّل الساحلية. يذكر الأول إتفاقية مما أي, كلّ ٣٠ دفّة العالم. بها بـ عقبت السفن الثالث, الأول الانجليزية أخر أي, فكان أفاق عدد بل. واتّجه قُدُماً التخطيط بل لان, والنفيس وبالتحديد، يتم عل, إذ بعد تحرير ترتيب الوزراء.\r\n\r\nأم السبب التّحول واشتدّت يتم, ٣٠ أضف ليركز قتيل، المعاهدات, أم مئات الشرق، أخر. أوسع الطريق هو جعل, كل وجهان الصين الضروري عرض. خيار قادة لعملة على ما, فسقط الشمال ما بعض. حتى في مليارات والإتحاد, هو كلا لفرنسا الخطّة, عرض أي المضي الصين. أضف تاريخ لإنعدام الولايات في. بعد ليرتفع التحالف التجارية هو, هو الذود لإعلان كلّ, ثمّة المجتمع الإكتفاء يبق ثم.\r\n\r\nثم جُل وترك وانتهاءً التقليدي. هو إيو محاولات البولندي. عرض عل كردة ميناء المنتصر, كان لدحر أوسع فرنسية ان. منتصف بالرّغم لم أخذ. بـ دون لهذه نهاية وباستثناء.\r\n\r\nعرض الآخر لليابان الأوروبية تم, قد التي كُلفة المتساقطة، ذلك. مرجع لكون سياسة مع أخر. وحتى النفط بالسيطرة مع ومن, وفي أم واحدة الشهير. أخذ عن وأزيز بمحاولة الأمريكية. بال كل ووصف منتصف ولاتّساع, يكن و الأول الإتحاد. حدى بـ ايطاليا، الأثناء،, هو بلاده العصبة فصل, والتي يعادل نفس بل.\r\n\r\nمكن المنتصر والروسية الموسوعة أم. أن بحق فقامت حادثة الرئيسية, هذه تعداد وعُرفت بتطويق أم. هذه أهّل مقاومة الاندونيسية قد, انه وبدون واستمرت كل. حتى وبدون فكانت الإطلاق في, بعد تصفح سكان وقامت أم, يكن الأمم إستعمل أم. وبعض الأمم بـ ذات, إجلاء استدعى الأوروبية، أما عن, ما جنوب الدول الأمور بلا.\r\n\r\nكان الخاسر الساحل أن, و أضف يتمكن مكثّفة. كلّ الجوي تجهيز الأوروبي في, سقطت الطريق أوراقهم في بين. هامش بالحرب الباهضة لكل قد. عل صفحة عُقر وتنامت أخذ. أطراف العناد كلّ بل.\r\n\r\nحتى للسيطرة المتاخمة عل. طوكيو الشهيرة جهة أن, من جعل يونيو الأولية, عن جعل سقطت الستار. بشكل بمعارضة بالمطالبة ٣٠ ذات, قد بعض إبّان ماليزيا، الأوروبي. ذات ما وجهان الأوروبيّون, يقوم استمرار وتم إذ, أوراقهم الانجليزية يبق عن. حدى ٣٠ الصفحات الأوربيين, أراض الأولى فقد ان, وبعد بتخصيص ثم بعد.\r\n\r\nعدم هو ساعة الساحلية, أن بينما السيطرة أضف. وبحلول استعملت تعد بـ. تم للصين أصقاع الفترة نفس. سابق لمحاكم عن حول, أي بلا جنوب والإتحاد التغييرات.\r\n\r\nكلّ ان مئات الأمور الشتاء،. عن بعض أحكم تكبّد العصبة, يتم ٢٠٠٤ بالمحور العالمية هو. رجوعهم الحدود الإتحاد لان عن, كما و مليون وهولندا،. بسبب استبدال وتتحمّل لم عدد, قائمة بتحدّي بالسيطرة الى ما. يقوم الشطر العمليات كما و, عل نفس لفشل نهاية.\r\n\r\nعن حكومة بتطويق أخذ, مايو مرجع معقل هو لكل. ذلك قد بتطويق الضغوط, مع تحت ودول تزامناً. يرتبط بالسيطرة حتى من, وتم عن ٢٠٠٤ الجنود بريطانيا-فرنسا. وبولندا الأرواح إذ أضف, نفس هو إبّان للمجهود بالمحور, قبل ثم معاملة بالمحور بالتوقيع.','0',0),(4,'الأداة والتكنولوجيا',6,'ذلك وبعدما وقوعها، أم, تُصب ونتج حول عن. أن فرنسا لمحاكم تلك, يكن ان وتتحمّل الساحلية. يذكر الأول إتفاقية مما أي, كلّ ٣٠ دفّة العالم. بها بـ عقبت السفن الثالث, الأول الانجليزية أخر أي, فكان أفاق عدد بل. واتّجه قُدُماً التخطيط بل لان, والنفيس وبالتحديد، يتم عل, إذ بعد تحرير ترتيب الوزراء.\r\n\r\nأم السبب التّحول واشتدّت يتم, ٣٠ أضف ليركز قتيل، المعاهدات, أم مئات الشرق، أخر. أوسع الطريق هو جعل, كل وجهان الصين الضروري عرض. خيار قادة لعملة على ما, فسقط الشمال ما بعض. حتى في مليارات والإتحاد, هو كلا لفرنسا الخطّة, عرض أي المضي الصين. أضف تاريخ لإنعدام الولايات في. بعد ليرتفع التحالف التجارية هو, هو الذود لإعلان كلّ, ثمّة المجتمع الإكتفاء يبق ثم.\r\n\r\nثم جُل وترك وانتهاءً التقليدي. هو إيو محاولات البولندي. عرض عل كردة ميناء المنتصر, كان لدحر أوسع فرنسية ان. منتصف بالرّغم لم أخذ. بـ دون لهذه نهاية وباستثناء.\r\n\r\nعرض الآخر لليابان الأوروبية تم, قد التي كُلفة المتساقطة، ذلك. مرجع لكون سياسة مع أخر. وحتى النفط بالسيطرة مع ومن, وفي أم واحدة الشهير. أخذ عن وأزيز بمحاولة الأمريكية. بال كل ووصف منتصف ولاتّساع, يكن و الأول الإتحاد. حدى بـ ايطاليا، الأثناء،, هو بلاده العصبة فصل, والتي يعادل نفس بل.\r\n\r\nمكن المنتصر والروسية الموسوعة أم. أن بحق فقامت حادثة الرئيسية, هذه تعداد وعُرفت بتطويق أم. هذه أهّل مقاومة الاندونيسية قد, انه وبدون واستمرت كل. حتى وبدون فكانت الإطلاق في, بعد تصفح سكان وقامت أم, يكن الأمم إستعمل أم. وبعض الأمم بـ ذات, إجلاء استدعى الأوروبية، أما عن, ما جنوب الدول الأمور بلا.\r\n\r\nكان الخاسر الساحل أن, و أضف يتمكن مكثّفة. كلّ الجوي تجهيز الأوروبي في, سقطت الطريق أوراقهم في بين. هامش بالحرب الباهضة لكل قد. عل صفحة عُقر وتنامت أخذ. أطراف العناد كلّ بل.\r\n\r\nحتى للسيطرة المتاخمة عل. طوكيو الشهيرة جهة أن, من جعل يونيو الأولية, عن جعل سقطت الستار. بشكل بمعارضة بالمطالبة ٣٠ ذات, قد بعض إبّان ماليزيا، الأوروبي. ذات ما وجهان الأوروبيّون, يقوم استمرار وتم إذ, أوراقهم الانجليزية يبق عن. حدى ٣٠ الصفحات الأوربيين, أراض الأولى فقد ان, وبعد بتخصيص ثم بعد.\r\n\r\nعدم هو ساعة الساحلية, أن بينما السيطرة أضف. وبحلول استعملت تعد بـ. تم للصين أصقاع الفترة نفس. سابق لمحاكم عن حول, أي بلا جنوب والإتحاد التغييرات.\r\n\r\nكلّ ان مئات الأمور الشتاء،. عن بعض أحكم تكبّد العصبة, يتم ٢٠٠٤ بالمحور العالمية هو. رجوعهم الحدود الإتحاد لان عن, كما و مليون وهولندا،. بسبب استبدال وتتحمّل لم عدد, قائمة بتحدّي بالسيطرة الى ما. يقوم الشطر العمليات كما و, عل نفس لفشل نهاية.\r\n\r\nعن حكومة بتطويق أخذ, مايو مرجع معقل هو لكل. ذلك قد بتطويق الضغوط, مع تحت ودول تزامناً. يرتبط بالسيطرة حتى من, وتم عن ٢٠٠٤ الجنود بريطانيا-فرنسا. وبولندا الأرواح إذ أضف, نفس هو إبّان للمجهود بالمحور, قبل ثم معاملة بالمحور بالتوقيع.','0',0),(6,'World Business',1,'<p>Lorem Ipsum is simply dummy text of the printing and typesetting industry. Lorem Ipsum has been the industry&rsquo;s standard dummy text ever since the 1500s, when an unknown printer took a galley of type and scrambled it to make a type specimen book. It has survived not only five centuries, but also the leap into electronic typesetting, remaining essentially unchanged. It was popularised in the 1960s with the release of Letraset sheets containing Lorem Ipsum passages, and more recently with desktop publishing software like Aldus PageMaker including versions of Lorem Ipsum.</p>','0',0);
/*!40000 ALTER TABLE `news_description` ENABLE KEYS */;
UNLOCK TABLES;

--
-- Table structure for table `news_to_news_categories`
--

DROP TABLE IF EXISTS `news_to_news_categories`;
/*!40101 SET @saved_cs_client     = @@character_set_client */;
/*!40101 SET character_set_client = utf8 */;
CREATE TABLE `news_to_news_categories` (
  `news_id` int(11) NOT NULL,
  `categories_id` int(11) NOT NULL,
  `created_at` timestamp NULL DEFAULT NULL,
  `updated_at` timestamp NULL DEFAULT NULL,
  PRIMARY KEY (`news_id`,`categories_id`)
) ENGINE=MyISAM DEFAULT CHARSET=utf8mb4 COLLATE=utf8mb4_unicode_ci;
/*!40101 SET character_set_client = @saved_cs_client */;

--
-- Dumping data for table `news_to_news_categories`
--

LOCK TABLES `news_to_news_categories` WRITE;
/*!40000 ALTER TABLE `news_to_news_categories` DISABLE KEYS */;
INSERT INTO `news_to_news_categories` VALUES (1,4,'2019-09-18 15:17:41','2020-09-21 07:10:12'),(2,3,'2019-09-18 15:23:26','2019-10-01 16:25:20'),(3,4,'2019-09-24 16:02:25','2019-10-01 16:25:44'),(4,3,'2019-09-24 16:03:19','2019-10-01 16:26:07'),(5,4,'2019-09-24 16:31:11','2019-10-01 16:26:45'),(6,3,'2019-09-24 16:33:17','2019-10-01 16:27:01');
/*!40000 ALTER TABLE `news_to_news_categories` ENABLE KEYS */;
UNLOCK TABLES;

--
-- Table structure for table `orders`
--

DROP TABLE IF EXISTS `orders`;
/*!40101 SET @saved_cs_client     = @@character_set_client */;
/*!40101 SET character_set_client = utf8 */;
CREATE TABLE `orders` (
  `orders_id` int(11) NOT NULL AUTO_INCREMENT,
  `total_tax` decimal(7,2) NOT NULL,
  `customers_id` int(11) NOT NULL,
  `customers_name` varchar(191) COLLATE utf8_unicode_ci NOT NULL,
  `customers_company` varchar(191) COLLATE utf8_unicode_ci DEFAULT NULL,
  `customers_street_address` varchar(191) COLLATE utf8_unicode_ci NOT NULL,
  `customers_suburb` varchar(191) COLLATE utf8_unicode_ci DEFAULT NULL,
  `customers_city` varchar(191) COLLATE utf8_unicode_ci NOT NULL,
  `customers_postcode` varchar(191) COLLATE utf8_unicode_ci NOT NULL,
  `customers_state` varchar(191) COLLATE utf8_unicode_ci DEFAULT NULL,
  `customers_country` varchar(191) COLLATE utf8_unicode_ci NOT NULL,
  `customers_telephone` varchar(191) COLLATE utf8_unicode_ci NOT NULL,
  `email` varchar(191) COLLATE utf8_unicode_ci NOT NULL,
  `customers_address_format_id` int(11) DEFAULT NULL,
  `delivery_name` varchar(191) COLLATE utf8_unicode_ci NOT NULL,
  `delivery_company` varchar(191) COLLATE utf8_unicode_ci DEFAULT NULL,
  `delivery_street_address` varchar(191) COLLATE utf8_unicode_ci NOT NULL,
  `delivery_suburb` varchar(191) COLLATE utf8_unicode_ci DEFAULT NULL,
  `delivery_city` varchar(191) COLLATE utf8_unicode_ci NOT NULL,
  `delivery_postcode` varchar(191) COLLATE utf8_unicode_ci NOT NULL,
  `delivery_state` varchar(191) COLLATE utf8_unicode_ci DEFAULT NULL,
  `delivery_country` varchar(191) COLLATE utf8_unicode_ci NOT NULL,
  `delivery_address_format_id` int(11) DEFAULT NULL,
  `billing_name` varchar(191) COLLATE utf8_unicode_ci NOT NULL,
  `billing_company` varchar(191) COLLATE utf8_unicode_ci DEFAULT NULL,
  `billing_street_address` varchar(191) COLLATE utf8_unicode_ci NOT NULL,
  `billing_suburb` varchar(191) COLLATE utf8_unicode_ci DEFAULT NULL,
  `billing_city` varchar(191) COLLATE utf8_unicode_ci NOT NULL,
  `billing_postcode` varchar(191) COLLATE utf8_unicode_ci NOT NULL,
  `billing_state` varchar(191) COLLATE utf8_unicode_ci DEFAULT NULL,
  `billing_country` varchar(191) COLLATE utf8_unicode_ci NOT NULL,
  `billing_address_format_id` int(11) NOT NULL,
  `payment_method` varchar(191) COLLATE utf8_unicode_ci DEFAULT NULL,
  `cc_type` varchar(20) COLLATE utf8_unicode_ci DEFAULT NULL,
  `cc_owner` varchar(191) COLLATE utf8_unicode_ci DEFAULT NULL,
  `cc_number` varchar(32) COLLATE utf8_unicode_ci DEFAULT NULL,
  `cc_expires` varchar(4) COLLATE utf8_unicode_ci DEFAULT NULL,
  `last_modified` datetime DEFAULT NULL,
  `date_purchased` datetime DEFAULT NULL,
  `orders_date_finished` datetime DEFAULT NULL,
  `currency` char(3) COLLATE utf8_unicode_ci DEFAULT NULL,
  `currency_value` decimal(14,6) DEFAULT NULL,
  `order_price` decimal(10,2) NOT NULL,
  `lpoints_points` int(11) DEFAULT NULL,
  `spent_lpoints` double NOT NULL DEFAULT '0',
  `shipping_cost` decimal(10,2) NOT NULL,
  `shipping_method` varchar(100) COLLATE utf8_unicode_ci NOT NULL,
  `shipping_duration` int(11) DEFAULT NULL,
  `order_information` text COLLATE utf8_unicode_ci NOT NULL,
  `is_seen` tinyint(1) NOT NULL DEFAULT '0',
  `coupon_code` text COLLATE utf8_unicode_ci NOT NULL,
  `coupon_amount` int(11) NOT NULL,
  `exclude_product_ids` varchar(191) COLLATE utf8_unicode_ci NOT NULL,
  `product_categories` varchar(191) COLLATE utf8_unicode_ci NOT NULL,
  `excluded_product_categories` varchar(191) COLLATE utf8_unicode_ci NOT NULL,
  `free_shipping` tinyint(1) NOT NULL DEFAULT '0',
  `product_ids` varchar(191) COLLATE utf8_unicode_ci NOT NULL,
  `ordered_source` tinyint(1) NOT NULL DEFAULT '1' COMMENT '1: Website, 2: App',
  `delivery_phone` varchar(30) COLLATE utf8_unicode_ci NOT NULL,
  `billing_phone` varchar(30) COLLATE utf8_unicode_ci NOT NULL,
  `transaction_id` text COLLATE utf8_unicode_ci,
  `donation` int(11) NOT NULL DEFAULT '0',
  `created_at` timestamp NULL DEFAULT NULL,
  `updated_at` timestamp NULL DEFAULT NULL,
  PRIMARY KEY (`orders_id`),
  KEY `idx_orders_customers_id` (`customers_id`)
) ENGINE=InnoDB AUTO_INCREMENT=175 DEFAULT CHARSET=utf8 COLLATE=utf8_unicode_ci;
/*!40101 SET character_set_client = @saved_cs_client */;

--
-- Dumping data for table `orders`
--

LOCK TABLES `orders` WRITE;
/*!40000 ALTER TABLE `orders` DISABLE KEYS */;
INSERT INTO `orders` VALUES (1,0.00,64,'test test',NULL,'test','test','Abu Dhabi','','AL','United Arab Emirates','','abirjaber24@gmail.com',NULL,'test test',NULL,'test','test','Abu Dhabi','','AL','United Arab Emirates',NULL,'test test',NULL,'test','test','Abu Dhabi','','AL','United Arab Emirates',0,'Cash on Delivery','','','','','2021-07-13 16:29:43','2021-07-13 16:29:43',NULL,'AED',NULL,375.00,38,0,0.00,'none',NULL,'[]',1,'',0,'','','',0,'',1,'987654321','987654321','0',0,NULL,NULL),(8,0.00,84,'Sydney Fernandes',NULL,'Al falak','Thuraya tower','Dubai','','AL','United Arab Emirates','','kingali24@hotmail.com',NULL,'Sydney Fernandes',NULL,'Al falak','Thuraya tower','Dubai','','AL','United Arab Emirates',NULL,'Sydney Fernandes',NULL,'Al falak','Thuraya tower','Dubai','','AL','United Arab Emirates',0,'Cash on Delivery','','','','','2021-07-26 13:22:41','2021-07-26 13:22:41',NULL,'AED',NULL,30.00,3,0,0.00,'none',NULL,'[]',1,'',0,'','','',0,'',1,'509903867','509903867','9c52f62f-a070-4812-b2d0-4d83b81862c7',0,NULL,NULL),(9,0.00,64,'Abir Jaber',NULL,'Al furjan','Azizi feiroz apt 508','Dubai','','AL','United Arab Emirates','','abirjaber24@gmail.com',NULL,'Abir Jaber',NULL,'Al furjan','Azizi feiroz apt 508','Dubai','','AL','United Arab Emirates',NULL,'Abir Jaber',NULL,'Al furjan','Azizi feiroz apt 508','Dubai','','AL','United Arab Emirates',0,'Cash on Delivery','','','','','2021-07-26 13:31:04','2021-07-26 13:31:04',NULL,'AED',NULL,30.00,3,0,0.00,'none',NULL,'[]',1,'',0,'','','',0,'',1,'567594147','567594147','f9b7d671-fc6f-4b01-9376-a31657783a9b',0,NULL,NULL),(11,0.00,105,'Saiju Ninan',NULL,'Jebel Ali South','C/O Naffco','Dubai','','AL','United Arab Emirates','','Saijuottethu@gmail.com',NULL,'Saiju Ninan',NULL,'Jebel Ali South','C/O Naffco','Dubai','','AL','United Arab Emirates',NULL,'Saiju Ninan',NULL,'Jebel Ali South','C/O Naffco','Dubai','','AL','United Arab Emirates',0,'Cash on Delivery','','','','','2021-08-31 14:46:50','2021-08-31 14:46:50',NULL,'AED',NULL,40.00,4,0,0.00,'none',NULL,'[]',1,'',0,'','','',0,'',1,'0503467290','0503467290','bbdb7d2d-cc46-4a03-b5f5-319756a2e986',0,NULL,NULL),(12,0.00,57,'Ali Jaber',NULL,'7','Azizi Feirouz building 508','Dubai','','AL','United Arab Emirates','','ali.jaber@winztime.com',NULL,'Ali Jaber',NULL,'7','Azizi Feirouz building 508','Dubai','','AL','United Arab Emirates',NULL,'Ali Jaber',NULL,'7','Azizi Feirouz building 508','Dubai','','AL','United Arab Emirates',0,'Cash on Delivery','','','','','2021-08-31 15:37:32','2021-08-31 15:37:32',NULL,'AED',NULL,20.00,4,0,0.00,'none',NULL,'[]',1,'[{\"coupans_id\":8,\"code\":\"TK50\",\"date_created\":null,\"date_modified\":null,\"description\":null,\"discount_type\":\"percent\",\"amount\":50,\"expiry_date\":\"2022-02-28 00:00:00\",\"usage_count\":0,\"individual_use\":1,\"product_ids\":\"\",\"exclude_product_ids\":\"\",\"usage_limit\":null,\"usage_limit_per_user\":null,\"limit_usage_to_x_items\":0,\"free_shipping\":0,\"product_categories\":\"\",\"excluded_product_categories\":\"\",\"exclude_sale_items\":0,\"minimum_amount\":\"10.00\",\"maximum_amount\":\"99999999.99\",\"email_restrictions\":\"\",\"used_by\":\"\",\"created_at\":\"2021-08-26 17:47:40\",\"updated_at\":null}]',20,'','','',0,'',1,'502801120','502801120','99b19add-da2c-46d1-8a21-2f0bf12961d1',0,NULL,NULL),(13,0.00,57,'Ali Jaber',NULL,'7','Azizi Feirouz building 508','Dubai','','AL','United Arab Emirates','','ali.jaber@winztime.com',NULL,'Ali Jaber',NULL,'7','Azizi Feirouz building 508','Dubai','','AL','United Arab Emirates',NULL,'Ali Jaber',NULL,'7','Azizi Feirouz building 508','Dubai','','AL','United Arab Emirates',0,'Cash on Delivery','','','','','2021-08-31 19:08:41','2021-08-31 19:08:41',NULL,'AED',NULL,15.00,3,0,0.00,'none',NULL,'[]',1,'[{\"coupans_id\":8,\"code\":\"TK50\",\"date_created\":null,\"date_modified\":null,\"description\":null,\"discount_type\":\"percent\",\"amount\":50,\"expiry_date\":\"2022-02-28 00:00:00\",\"usage_count\":0,\"individual_use\":1,\"product_ids\":\"\",\"exclude_product_ids\":\"\",\"usage_limit\":null,\"usage_limit_per_user\":null,\"limit_usage_to_x_items\":0,\"free_shipping\":0,\"product_categories\":\"\",\"excluded_product_categories\":\"\",\"exclude_sale_items\":0,\"minimum_amount\":\"10.00\",\"maximum_amount\":\"99999999.99\",\"email_restrictions\":\"\",\"used_by\":\",57\",\"created_at\":\"2021-08-26 17:47:40\",\"updated_at\":null}]',15,'','','',0,'',1,'502801120','502801120','7e03f397-24c5-41fe-a345-49b1d4b14c16',0,NULL,NULL),(14,0.00,67,'Islam Hafez',NULL,'Sheik Zaid','12','Dubai','','AL','United Arab Emirates','','islam.hafezzz@gmail.com',NULL,'Islam Hafez',NULL,'Sheik Zaid','12','Dubai','','AL','United Arab Emirates',NULL,'Islam Hafez',NULL,'Sheik Zaid','12','Dubai','','AL','United Arab Emirates',0,'Cash on Delivery','','','','','2021-09-02 21:48:52','2021-09-02 21:48:52',NULL,'AED',NULL,5.00,1,0,0.00,'none',NULL,'[]',1,'',0,'','','',0,'',1,'555984624','555984624','61e9cf83-6bd1-4d84-ad82-03dc4232a9b9',0,NULL,NULL),(15,0.00,81,'Majid Ali Khan',NULL,'Damascus Street Qusais Dubai','Al Fahad 4 apartment 112','Dubai','','AL','United Arab Emirates','','Alimajid539@Gmail.com',NULL,'Majid Ali Khan',NULL,'Damascus Street Qusais Dubai','Al Fahad 4 apartment 112','Dubai','','AL','United Arab Emirates',NULL,'Majid Ali Khan',NULL,'Damascus Street Qusais Dubai','Al Fahad 4 apartment 112','Dubai','','AL','United Arab Emirates',0,'Cash on Delivery','','','','','2021-09-03 14:18:29','2021-09-03 14:18:29',NULL,'AED',NULL,5.00,1,0,0.00,'none',NULL,'[]',1,'',0,'','','',0,'',1,'0528378448','0528378448','766f846e-57a7-43fa-9549-4a2504d93454',0,NULL,NULL),(16,0.00,57,'Ali Jaber',NULL,'7','Azizi Feirouz building 508','Dubai','','AL','United Arab Emirates','','ali.jaber@winztime.com',NULL,'Ali Jaber',NULL,'7','Azizi Feirouz building 508','Dubai','','AL','United Arab Emirates',NULL,'Ali Jaber',NULL,'7','Azizi Feirouz building 508','Dubai','','AL','United Arab Emirates',0,'Cash on Delivery','','','','','2021-09-05 09:10:18','2021-09-05 09:10:18',NULL,'AED',NULL,5.00,1,0,0.00,'none',NULL,'[]',1,'',0,'','','',0,'',1,'502801120','502801120','2e527945-f7a1-41b2-8ce1-cf820415e6c9',0,NULL,NULL),(17,0.00,57,'Ali Jaber',NULL,'7','Azizi Feirouz building 508','Dubai','','AL','United Arab Emirates','','ali.jaber@winztime.com',NULL,'Ali Jaber',NULL,'7','Azizi Feirouz building 508','Dubai','','AL','United Arab Emirates',NULL,'Ali Jaber',NULL,'7','Azizi Feirouz building 508','Dubai','','AL','United Arab Emirates',0,'Cash on Delivery','','','','','2021-09-05 11:12:25','2021-09-05 11:12:25',NULL,'AED',NULL,10.00,2,0,0.00,'none',NULL,'[]',1,'[{\"coupans_id\":8,\"code\":\"TK50\",\"date_created\":null,\"date_modified\":null,\"description\":null,\"discount_type\":\"percent\",\"amount\":50,\"expiry_date\":\"2022-02-28 00:00:00\",\"usage_count\":0,\"individual_use\":1,\"product_ids\":\"\",\"exclude_product_ids\":\"\",\"usage_limit\":null,\"usage_limit_per_user\":null,\"limit_usage_to_x_items\":0,\"free_shipping\":0,\"product_categories\":\"\",\"excluded_product_categories\":\"\",\"exclude_sale_items\":0,\"minimum_amount\":\"10.00\",\"maximum_amount\":\"99999999.99\",\"email_restrictions\":\"\",\"used_by\":\",57,57\",\"created_at\":\"2021-08-26 17:47:40\",\"updated_at\":null}]',10,'','','',0,'',1,'502801120','502801120','4bc5bf7d-f281-402a-a128-1158478645f0',0,NULL,NULL),(20,0.00,64,'Abir Jaber',NULL,'Al furjan','Azizi feiroz apt 508','Dubai','','AL','United Arab Emirates','','abirjaber24@gmail.com',NULL,'Abir Jaber',NULL,'Al furjan','Azizi feiroz apt 508','Dubai','','AL','United Arab Emirates',NULL,'Abir Jaber',NULL,'Al furjan','Azizi feiroz apt 508','Dubai','','AL','United Arab Emirates',0,'Cash on Delivery','','','','','2021-09-05 18:26:22','2021-09-05 18:26:22',NULL,'AED',NULL,20.00,4,0,0.00,'none',NULL,'[]',1,'[{\"coupans_id\":8,\"code\":\"TK50\",\"date_created\":null,\"date_modified\":null,\"description\":null,\"discount_type\":\"percent\",\"amount\":50,\"expiry_date\":\"2022-02-28 00:00:00\",\"usage_count\":0,\"individual_use\":1,\"product_ids\":\"\",\"exclude_product_ids\":\"\",\"usage_limit\":null,\"usage_limit_per_user\":null,\"limit_usage_to_x_items\":0,\"free_shipping\":0,\"product_categories\":\"\",\"excluded_product_categories\":\"\",\"exclude_sale_items\":0,\"minimum_amount\":\"10.00\",\"maximum_amount\":\"99999999.99\",\"email_restrictions\":\"\",\"used_by\":\",57,57,57\",\"created_at\":\"2021-08-26 17:47:40\",\"updated_at\":null}]',20,'','','',0,'',1,'567594147','567594147','e05d2132-f83e-481a-9362-9053b3872129',0,NULL,NULL),(21,0.00,57,'Ali Jaber',NULL,'7','Azizi Feirouz building 508','Dubai','','AL','United Arab Emirates','','ali.jaber@winztime.com',NULL,'Ali Jaber',NULL,'7','Azizi Feirouz building 508','Dubai','','AL','United Arab Emirates',NULL,'Ali Jaber',NULL,'7','Azizi Feirouz building 508','Dubai','','AL','United Arab Emirates',0,'Cash on Delivery','','','','','2021-09-07 11:06:26','2021-09-07 11:06:26',NULL,'AED',NULL,47.50,10,0,0.00,'none',NULL,'[]',1,'[{\"coupans_id\":8,\"code\":\"TK50\",\"date_created\":null,\"date_modified\":null,\"description\":null,\"discount_type\":\"percent\",\"amount\":50,\"expiry_date\":\"2022-02-28 00:00:00\",\"usage_count\":0,\"individual_use\":1,\"product_ids\":\"\",\"exclude_product_ids\":\"\",\"usage_limit\":null,\"usage_limit_per_user\":null,\"limit_usage_to_x_items\":0,\"free_shipping\":0,\"product_categories\":\"\",\"excluded_product_categories\":\"\",\"exclude_sale_items\":0,\"minimum_amount\":\"10.00\",\"maximum_amount\":\"99999999.99\",\"email_restrictions\":\"\",\"used_by\":\",57,57,57,64\",\"created_at\":\"2021-08-26 17:47:40\",\"updated_at\":null}]',48,'','','',0,'',1,'502801120','502801120','3ea8e3e5-b462-46f9-88d9-d70336e285de',0,NULL,NULL),(24,0.00,137,'Sami Khoury',NULL,'Media One Hotel','Media one hotel','Dubai','','AL','United Arab Emirates','','charbelsevanbob@gmail.com',NULL,'Sami Khoury',NULL,'Media One Hotel','Media one hotel','Dubai','','AL','United Arab Emirates',NULL,'Sami Khoury',NULL,'Media One Hotel','Media one hotel','Dubai','','AL','United Arab Emirates',0,'Cash on Delivery','','','','','2021-09-07 13:04:09','2021-09-07 13:04:09',NULL,'AED',NULL,95.00,10,0,0.00,'none',NULL,'[]',1,'',0,'','','',0,'',1,'0567180320','0567180320','f3fcb16c-5140-4114-8be0-7125c51e7955',0,NULL,NULL),(25,0.00,57,'Ali Jaber',NULL,'7','Azizi Feirouz building 508','Dubai','','AL','United Arab Emirates','','ali.jaber@winztime.com',NULL,'Ali Jaber',NULL,'7','Azizi Feirouz building 508','Dubai','','AL','United Arab Emirates',NULL,'Ali Jaber',NULL,'7','Azizi Feirouz building 508','Dubai','','AL','United Arab Emirates',0,'Cash on Delivery','','','','','2021-09-07 13:56:39','2021-09-07 13:56:39',NULL,'AED',NULL,25.00,5,0,0.00,'none',NULL,'[]',1,'[{\"coupans_id\":8,\"code\":\"TK50\",\"date_created\":null,\"date_modified\":null,\"description\":null,\"discount_type\":\"percent\",\"amount\":50,\"expiry_date\":\"2022-02-28 00:00:00\",\"usage_count\":0,\"individual_use\":1,\"product_ids\":\"\",\"exclude_product_ids\":\"\",\"usage_limit\":null,\"usage_limit_per_user\":null,\"limit_usage_to_x_items\":0,\"free_shipping\":0,\"product_categories\":\"\",\"excluded_product_categories\":\"\",\"exclude_sale_items\":0,\"minimum_amount\":\"10.00\",\"maximum_amount\":\"99999999.99\",\"email_restrictions\":\"\",\"used_by\":\",57,57,57,64,57\",\"created_at\":\"2021-08-26 17:47:40\",\"updated_at\":null}]',25,'','','',0,'',1,'502801120','502801120','c61a9e77-4be6-4e74-a261-08c87f1dc3a4',0,NULL,NULL),(26,0.00,141,'Kumar Thapa',NULL,'Al Reem Island,','Sorbonne University Al Reem Island, Abu Dhabi, Gate number 3,','Abu Dhabi','','AL','United Arab Emirates','','kumarthapa001989@yahoo.com',NULL,'Kumar Thapa',NULL,'Al Reem Island,','Sorbonne University Al Reem Island, Abu Dhabi, Gate number 3,','Abu Dhabi','','AL','United Arab Emirates',NULL,'Kumar Thapa',NULL,'Al Reem Island,','Sorbonne University Al Reem Island, Abu Dhabi, Gate number 3,','Abu Dhabi','','AL','United Arab Emirates',0,'Cash on Delivery','','','','','2021-09-11 10:21:49','2021-09-11 10:21:49',NULL,'AED',NULL,10.00,1,0,0.00,'none',NULL,'[]',1,'',0,'','','',0,'',1,'+971561808428','+971561808428','1a5a8d09-6f54-4e34-a81f-7e4c112e32d8',0,NULL,NULL),(27,0.00,142,'Shabaz Khan',NULL,'Decent printing press','Al qusais industry 4','Dubai','','AL','United Arab Emirates','','alkhan276@gmail.com',NULL,'Shabaz Khan',NULL,'Decent printing press','Al qusais industry 4','Dubai','','AL','United Arab Emirates',NULL,'Shabaz Khan',NULL,'Decent printing press','Al qusais industry 4','Dubai','','AL','United Arab Emirates',0,'Cash on Delivery','','','','','2021-09-12 00:17:18','2021-09-12 00:17:18',NULL,'AED',NULL,5.00,1,0,0.00,'none',NULL,'[]',1,'',0,'','','',0,'',1,'0544521922','0544521922','28e0c620-acb0-4cdd-a6e8-be8ea2590c91',0,NULL,NULL),(28,0.00,81,'Majid Ali Khan',NULL,'Damascus Street Qusais Dubai','Al Fahad 4 apartment 112','Dubai','','AL','United Arab Emirates','','Alimajid539@Gmail.com',NULL,'Majid Ali Khan',NULL,'Damascus Street Qusais Dubai','Al Fahad 4 apartment 112','Dubai','','AL','United Arab Emirates',NULL,'Majid Ali Khan',NULL,'Damascus Street Qusais Dubai','Al Fahad 4 apartment 112','Dubai','','AL','United Arab Emirates',0,'Cash on Delivery','','','','','2021-09-12 20:16:36','2021-09-12 20:16:36',NULL,'AED',NULL,10.00,1,0,0.00,'none',NULL,'[]',1,'',0,'','','',0,'',1,'0528378448','0528378448','0fea7e9a-01b5-4c0c-9ad0-07636f734c2b',0,NULL,NULL),(29,0.00,144,'Gursewak Singh',NULL,'Dubai','Ajmaan Dubai china moll jurf 1','Dubai','','AL','United Arab Emirates','','nandpursabi34@gmail.com',NULL,'Gursewak Singh',NULL,'Dubai','Ajmaan Dubai china moll jurf 1','Dubai','','AL','United Arab Emirates',NULL,'Gursewak Singh',NULL,'Dubai','Ajmaan Dubai china moll jurf 1','Dubai','','AL','United Arab Emirates',0,'Cash on Delivery','','','','','2021-09-12 20:31:14','2021-09-12 20:31:14',NULL,'AED',NULL,5.00,1,0,0.00,'none',NULL,'[]',1,'',0,'','','',0,'',1,'0562122527','0562122527','8857733c-17c7-465b-a938-6270ce0b71d6',0,NULL,NULL),(30,0.00,147,'Lina Mayhoub',NULL,'Business bay','Damac capital bay tower A 1202','Dubai','','AL','United Arab Emirates','','lina.mayhoub@gmail.com',NULL,'Lina Mayhoub',NULL,'Business bay','Damac capital bay tower A 1202','Dubai','','AL','United Arab Emirates',NULL,'Lina Mayhoub',NULL,'Business bay','Damac capital bay tower A 1202','Dubai','','AL','United Arab Emirates',0,'Cash on Delivery','','','','','2021-09-13 13:12:23','2021-09-13 13:12:23',NULL,'AED',NULL,10.00,1,0,0.00,'none',NULL,'[]',1,'',0,'','','',0,'',1,'502691512','502691512','b6a958a3-dc81-4db3-9bd8-d9bf5b04d09e',0,NULL,NULL),(31,0.00,151,'Christian Santos',NULL,'Al barhsa 1 , near to grand albarsha opposite of carryfood and beside Seychelles men\'s salon','Al barsha 1','Dubai','','AL','United Arab Emirates','','cjsantos0416@yahoo.com',NULL,'Christian Santos',NULL,'Al barhsa 1 , near to grand albarsha opposite of carryfood and beside Seychelles men\'s salon','Al barsha 1','Dubai','','AL','United Arab Emirates',NULL,'Christian Santos',NULL,'Al barhsa 1 , near to grand albarsha opposite of carryfood and beside Seychelles men\'s salon','Al barsha 1','Dubai','','AL','United Arab Emirates',0,'Cash on Delivery','','','','','2021-09-13 18:22:35','2021-09-13 18:22:35',NULL,'AED',NULL,5.00,1,0,0.00,'none',NULL,'[]',1,'',0,'','','',0,'',1,'0507529145','0507529145','2f00ec6b-3fe5-4e93-a636-ba98d20c2654',0,NULL,NULL),(32,0.00,152,'Waqas Ahmad',NULL,'Al salama','1804, hased tower al.zahiyah abu dhabi','Abu Dhabi','','AL','United Arab Emirates','','waqas.ahmad01234@gmail.com',NULL,'Waqas Ahmad',NULL,'Al salama','1804, hased tower al.zahiyah abu dhabi','Abu Dhabi','','AL','United Arab Emirates',NULL,'Waqas Ahmad',NULL,'Al salama','1804, hased tower al.zahiyah abu dhabi','Abu Dhabi','','AL','United Arab Emirates',0,'Cash on Delivery','','','','','2021-09-13 19:27:07','2021-09-13 19:27:07',NULL,'AED',NULL,10.00,1,0,0.00,'none',NULL,'[]',1,'',0,'','','',0,'',1,'562730112','562730112','1eea0dff-72ff-4631-9471-e5a6424a1f3e',0,NULL,NULL),(33,0.00,156,'Moises Tumang',NULL,'Al Hudeiba','8d al jarsh Bldg. Al Hudeiba Satwa.','Dubai','','AL','United Arab Emirates','','jqsmoises@yahoo.com',NULL,'Moises Tumang',NULL,'Al Hudeiba','8d al jarsh Bldg. Al Hudeiba Satwa.','Dubai','','AL','United Arab Emirates',NULL,'Moises Tumang',NULL,'Al Hudeiba','8d al jarsh Bldg. Al Hudeiba Satwa.','Dubai','','AL','United Arab Emirates',0,'Cash on Delivery','','','','','2021-09-13 22:30:35','2021-09-13 22:30:35',NULL,'AED',NULL,20.00,2,0,0.00,'none',NULL,'[]',1,'',0,'','','',0,'',1,'526534499','526534499','b08106fe-708c-4350-93d4-a297aebe058b',0,NULL,NULL),(34,0.00,157,'Noureen Bilal',NULL,'Villa 15 Flat No 5 Street 29 Al Murror','Street29 villa15 flat 5 al Murror road al saadiyah area','Abu Dhabi','','AL','United Arab Emirates','','noureench55.nb@gmail.com',NULL,'Noureen Bilal',NULL,'Villa 15 Flat No 5 Street 29 Al Murror','Street29 villa15 flat 5 al Murror road al saadiyah area','Abu Dhabi','','AL','United Arab Emirates',NULL,'Noureen Bilal',NULL,'Villa 15 Flat No 5 Street 29 Al Murror','Street29 villa15 flat 5 al Murror road al saadiyah area','Abu Dhabi','','AL','United Arab Emirates',0,'Cash on Delivery','','','','','2021-09-13 23:38:51','2021-09-13 23:38:51',NULL,'AED',NULL,15.00,2,0,0.00,'none',NULL,'[]',1,'',0,'','','',0,'',1,'0563338549','0563338549','8f738f49-93f6-4147-8d62-8a580ba2f0d8',0,NULL,NULL),(35,0.00,155,'Mohammed iqbal Hossen',NULL,'Ind area1','Naser building','Sharjah','','AL','United Arab Emirates','','mdiqbal467@gmail.com',NULL,'Mohammed iqbal Hossen',NULL,'Ind area1','Naser building','Sharjah','','AL','United Arab Emirates',NULL,'Mohammed iqbal Hossen',NULL,'Ind area1','Naser building','Sharjah','','AL','United Arab Emirates',0,'Cash on Delivery','','','','','2021-09-14 00:42:13','2021-09-14 00:42:13',NULL,'AED',NULL,5.00,1,0,0.00,'none',NULL,'[]',1,'',0,'','','',0,'',1,'0507848945','0507848945','dadb2749-ad95-410e-af31-b55b77bf6a7a',0,NULL,NULL),(36,0.00,159,'MOHAMMED JAHEDUL Islam',NULL,'S112','Shop no 8','Sharjah','','AL','United Arab Emirates','','jahidjms29@gmail.com',NULL,'MOHAMMED JAHEDUL Islam',NULL,'S112','Shop no 8','Sharjah','','AL','United Arab Emirates',NULL,'MOHAMMED JAHEDUL Islam',NULL,'S112','Shop no 8','Sharjah','','AL','United Arab Emirates',0,'Cash on Delivery','','','','','2021-09-14 01:00:37','2021-09-14 01:00:37',NULL,'AED',NULL,5.00,1,0,0.00,'none',NULL,'[]',1,'',0,'','','',0,'',1,'0553432354','0553432354','f7e71bce-fc7c-4504-8852-125117e32c2b',0,NULL,NULL),(37,0.00,160,'Ronnie Buenavente',NULL,'Al qudra road town square','Safi bldg 1b grd flr. Shop 1','Dubai','','AL','United Arab Emirates','','ronnie.buenavente@gmail.com',NULL,'Ronnie Buenavente',NULL,'Al qudra road town square','Safi bldg 1b grd flr. Shop 1','Dubai','','AL','United Arab Emirates',NULL,'Ronnie Buenavente',NULL,'Al qudra road town square','Safi bldg 1b grd flr. Shop 1','Dubai','','AL','United Arab Emirates',0,'Cash on Delivery','','','','','2021-09-14 10:58:13','2021-09-14 10:58:13',NULL,'AED',NULL,10.00,1,0,0.00,'none',NULL,'[]',1,'',0,'','','',0,'',1,'0523987918','0523987918','6b9d2c28-387f-4f6b-9d60-a73889f02142',0,NULL,NULL),(38,0.00,142,'Shabaz Khan',NULL,'Decent printing press','Al qusais industry 4','Dubai','','AL','United Arab Emirates','','alkhan276@gmail.com',NULL,'Shabaz Khan',NULL,'Decent printing press','Al qusais industry 4','Dubai','','AL','United Arab Emirates',NULL,'Shabaz Khan',NULL,'Decent printing press','Al qusais industry 4','Dubai','','AL','United Arab Emirates',0,'Cash on Delivery','','','','','2021-09-14 22:28:34','2021-09-14 22:28:34',NULL,'AED',NULL,5.00,1,0,0.00,'none',NULL,'[]',1,'',0,'','','',0,'',1,'0544521922','0544521922','5ce373ec-198f-410c-b0f6-7aed3a5b54c1',0,NULL,NULL),(39,0.00,114,'Sami Khoury',NULL,'media1','media 1','Dubai','','AL','United Arab Emirates','','alijaber1981@gmail.com',NULL,'Sami Khoury',NULL,'media1','media 1','Dubai','','AL','United Arab Emirates',NULL,'Sami Khoury',NULL,'media1','media 1','Dubai','','AL','United Arab Emirates',0,'Cash on Delivery','','','','','2021-09-15 08:07:34','2021-09-15 08:07:34',NULL,'AED',NULL,95.00,19,0,0.00,'none',NULL,'[]',1,'[{\"coupans_id\":8,\"code\":\"TK50\",\"date_created\":null,\"date_modified\":null,\"description\":null,\"discount_type\":\"percent\",\"amount\":50,\"expiry_date\":\"2022-02-28 00:00:00\",\"usage_count\":0,\"individual_use\":1,\"product_ids\":\"\",\"exclude_product_ids\":\"\",\"usage_limit\":null,\"usage_limit_per_user\":null,\"limit_usage_to_x_items\":0,\"free_shipping\":0,\"product_categories\":\"\",\"excluded_product_categories\":\"\",\"exclude_sale_items\":0,\"minimum_amount\":\"10.00\",\"maximum_amount\":\"99999999.99\",\"email_restrictions\":\"\",\"used_by\":\",57,57,57,64,57,57\",\"created_at\":\"2021-08-26 17:47:40\",\"updated_at\":null}]',95,'','','',0,'',1,'567180320','567180320','dee259ef-8009-4969-85c9-58939f215228',0,NULL,NULL),(40,0.00,167,'Angelo Calaluan',NULL,'Al Maktoum road Al rigga','Bldg 68, room 604','Dubai','','AL','United Arab Emirates','','angelocalaluan1@gmail.com',NULL,'Angelo Calaluan',NULL,'Al Maktoum road Al rigga','Bldg 68, room 604','Dubai','','AL','United Arab Emirates',NULL,'Angelo Calaluan',NULL,'Al Maktoum road Al rigga','Bldg 68, room 604','Dubai','','AL','United Arab Emirates',0,'Cash on Delivery','','','','','2021-09-15 12:04:28','2021-09-15 12:04:28',NULL,'AED',NULL,5.00,1,0,0.00,'none',NULL,'[]',1,'',0,'','','',0,'',1,'+971582163281','+971582163281','610638ff-c79b-494b-9836-4c70e165604e',0,NULL,NULL),(41,0.00,167,'Angelo Calaluan',NULL,'Al Maktoum road Al rigga','Bldg 68, room 604','Dubai','','AL','United Arab Emirates','','angelocalaluan1@gmail.com',NULL,'Angelo Calaluan',NULL,'Al Maktoum road Al rigga','Bldg 68, room 604','Dubai','','AL','United Arab Emirates',NULL,'Angelo Calaluan',NULL,'Al Maktoum road Al rigga','Bldg 68, room 604','Dubai','','AL','United Arab Emirates',0,'Cash on Delivery','','','','','2021-09-15 12:09:04','2021-09-15 12:09:04',NULL,'AED',NULL,10.00,1,0,0.00,'none',NULL,'[]',1,'',0,'','','',0,'',1,'+971582163281','+971582163281','04c65863-e4f4-4ff1-a44c-fe1392abe105',0,NULL,NULL),(43,0.00,57,'Ali Jaber',NULL,'7','Azizi Feirouz building 508','Dubai','','AL','United Arab Emirates','','ali.jaber@winztime.com',NULL,'Ali Jaber',NULL,'7','Azizi Feirouz building 508','Dubai','','AL','United Arab Emirates',NULL,'Ali Jaber',NULL,'7','Azizi Feirouz building 508','Dubai','','AL','United Arab Emirates',0,'Cash on Delivery','','','','','2021-09-15 16:18:03','2021-09-15 16:18:03',NULL,'AED',NULL,5.00,1,0,0.00,'none',NULL,'[]',1,'',0,'','','',0,'',1,'502801120','502801120','d869bbed-e14c-4852-a042-ede5c25d19f5',0,NULL,NULL),(44,0.00,169,'Harsha bhatia',NULL,'Mankhool - Bur dubai','Silver sands 3 , flat 23 , 5th floor','Dubai','','AL','United Arab Emirates','','harshabhatia0328@gmail.com',NULL,'Harsha bhatia',NULL,'Mankhool - Bur dubai','Silver sands 3 , flat 23 , 5th floor','Dubai','','AL','United Arab Emirates',NULL,'Harsha bhatia',NULL,'Mankhool - Bur dubai','Silver sands 3 , flat 23 , 5th floor','Dubai','','AL','United Arab Emirates',0,'Cash on Delivery','','','','','2021-09-15 17:35:24','2021-09-15 17:35:24',NULL,'AED',NULL,81.00,9,0,0.00,'none',NULL,'[]',1,'[{\"coupans_id\":9,\"code\":\"focp10\",\"date_created\":null,\"date_modified\":null,\"description\":null,\"discount_type\":\"percent\",\"amount\":10,\"expiry_date\":\"2021-10-31 00:00:00\",\"usage_count\":0,\"individual_use\":1,\"product_ids\":\"\",\"exclude_product_ids\":\"\",\"usage_limit\":null,\"usage_limit_per_user\":null,\"limit_usage_to_x_items\":0,\"free_shipping\":0,\"product_categories\":\"\",\"excluded_product_categories\":\"\",\"exclude_sale_items\":0,\"minimum_amount\":\"10.00\",\"maximum_amount\":\"10000.00\",\"email_restrictions\":\"\",\"used_by\":\"\",\"created_at\":\"2021-09-05 14:33:21\",\"updated_at\":\"2021-09-14 08:52:07\"}]',9,'','','',0,'',1,'505629662','505629662','6f326c15-a309-442c-9bc8-22152f67a543',0,NULL,NULL),(45,0.00,57,'Ali Jaber',NULL,'7','Azizi Feirouz building 508','Dubai','','AL','United Arab Emirates','','ali.jaber@winztime.com',NULL,'Ali Jaber',NULL,'7','Azizi Feirouz building 508','Dubai','','AL','United Arab Emirates',NULL,'Ali Jaber',NULL,'7','Azizi Feirouz building 508','Dubai','','AL','United Arab Emirates',0,'Cash on Delivery','','','','','2021-09-15 18:53:36','2021-09-15 18:53:36',NULL,'AED',NULL,5.00,10,0,0.00,'none',NULL,'[]',1,'[{\"coupans_id\":10,\"code\":\"90\",\"date_created\":null,\"date_modified\":null,\"description\":null,\"discount_type\":\"fixed_cart\",\"amount\":90,\"expiry_date\":\"2021-09-30 00:00:00\",\"usage_count\":0,\"individual_use\":0,\"product_ids\":\"\",\"exclude_product_ids\":\"\",\"usage_limit\":null,\"usage_limit_per_user\":null,\"limit_usage_to_x_items\":0,\"free_shipping\":0,\"product_categories\":\"\",\"excluded_product_categories\":\"\",\"exclude_sale_items\":0,\"minimum_amount\":\"2.00\",\"maximum_amount\":\"100.00\",\"email_restrictions\":\"\",\"used_by\":\"\",\"created_at\":\"2021-09-15 18:50:46\",\"updated_at\":null}]',90,'','','',0,'',1,'502801120','502801120','ce11c612-5cea-430d-8aaf-40f7d29fe139',0,NULL,NULL),(46,0.00,164,'Abdul Samad Zainuddin',NULL,'Al qouz 4 Near Unimix','Ajmal perfume Mfg LLC','Dubai','','AL','United Arab Emirates','','samad786saif@yahoo.com',NULL,'Abdul Samad Zainuddin',NULL,'Al qouz 4 Near Unimix','Ajmal perfume Mfg LLC','Dubai','','AL','United Arab Emirates',NULL,'Abdul Samad Zainuddin',NULL,'Al qouz 4 Near Unimix','Ajmal perfume Mfg LLC','Dubai','','AL','United Arab Emirates',0,'Cash on Delivery','','','','','2021-09-16 09:11:39','2021-09-16 09:11:39',NULL,'AED',NULL,5.00,1,0,0.00,'none',NULL,'[]',1,'',0,'','','',0,'',1,'00971505686095','00971505686095','a31d7b54-6851-4808-bfc6-353c0a108d75',0,NULL,NULL),(47,0.00,188,'Jaworski Nacion',NULL,'Al satwa','Nestor blgd','Dubai','','AL','United Arab Emirates','','jawnacion10@gmail.com',NULL,'Jaworski Nacion',NULL,'Al satwa','Nestor blgd','Dubai','','AL','United Arab Emirates',NULL,'Jaworski Nacion',NULL,'Al satwa','Nestor blgd','Dubai','','AL','United Arab Emirates',0,'Cash on Delivery','','','','','2021-09-17 13:55:21','2021-09-17 13:55:21',NULL,'AED',NULL,10.00,1,0,0.00,'none',NULL,'[]',1,'',0,'','','',0,'',1,'545431766','545431766','321c02d6-29e3-4d96-9062-3b1eb7b6677f',0,NULL,NULL),(48,0.00,57,'Ali Jaber',NULL,'7','Azizi Feirouz building 508','Dubai','','AL','United Arab Emirates','','ali.jaber@winztime.com',NULL,'Ali Jaber',NULL,'7','Azizi Feirouz building 508','Dubai','','AL','United Arab Emirates',NULL,'Ali Jaber',NULL,'7','Azizi Feirouz building 508','Dubai','','AL','United Arab Emirates',0,'Cash on Delivery','','','','','2021-09-17 15:29:08','2021-09-17 15:29:08',NULL,'AED',NULL,5.00,1,0,0.00,'none',NULL,'[]',1,'',0,'','','',0,'',1,'502801120','502801120','f16c9ba9-c1a8-481f-8b54-66063812b948',0,NULL,NULL),(49,0.00,195,'Larry Casapao',NULL,'JBR 1','JBR Sadaf 1 PL level / Champion Cleaners','Dubai','','AL','United Arab Emirates','','xjhade83@yahoo.com',NULL,'Larry Casapao',NULL,'JBR 1','JBR Sadaf 1 PL level / Champion Cleaners','Dubai','','AL','United Arab Emirates',NULL,'Larry Casapao',NULL,'JBR 1','JBR Sadaf 1 PL level / Champion Cleaners','Dubai','','AL','United Arab Emirates',0,'Cash on Delivery','','','','','2021-09-17 16:35:57','2021-09-17 16:35:57',NULL,'AED',NULL,5.00,1,0,0.00,'none',NULL,'[]',1,'',0,'','','',0,'',1,'0567280672','0567280672','56c685c4-36d6-48ea-b880-7ebb3747000a',0,NULL,NULL),(50,0.00,156,'Moises Tumang',NULL,'Al Hudeiba','8d al jarsh Bldg. Al Hudeiba Satwa.','Dubai','','AL','United Arab Emirates','','jqsmoises@yahoo.com',NULL,'Moises Tumang',NULL,'Al Hudeiba','8d al jarsh Bldg. Al Hudeiba Satwa.','Dubai','','AL','United Arab Emirates',NULL,'Moises Tumang',NULL,'Al Hudeiba','8d al jarsh Bldg. Al Hudeiba Satwa.','Dubai','','AL','United Arab Emirates',0,'Cash on Delivery','','','','','2021-09-17 20:48:26','2021-09-17 20:48:26',NULL,'AED',NULL,15.00,2,0,0.00,'none',NULL,'[]',1,'',0,'','','',0,'',1,'526534499','526534499','c399090a-9bc6-41e8-b1c7-257d9458679f',0,NULL,NULL),(51,0.00,206,'Farhan Khan',NULL,'Al Bada','City fillet king same building 205 Al satwa','Dubai','','AL','United Arab Emirates','','farhan.khan2058@gmail.com',NULL,'Farhan Khan',NULL,'Al Bada','City fillet king same building 205 Al satwa','Dubai','','AL','United Arab Emirates',NULL,'Farhan Khan',NULL,'Al Bada','City fillet king same building 205 Al satwa','Dubai','','AL','United Arab Emirates',0,'Cash on Delivery','','','','','2021-09-21 12:09:34','2021-09-21 12:09:34',NULL,'AED',NULL,5.00,1,0,0.00,'none',NULL,'[]',1,'',0,'','','',0,'',1,'0567254030','0567254030','80e6bc3d-f0dc-46c8-b924-eb1362574fcb',0,NULL,NULL),(52,0.00,205,'JASPER SAQUILAYAN',NULL,'RAFFLES HOTEL DUBAI UNDERGROUND MAIN PARKING B MINUS 2 PILLAR F2 -2 CARSAFE OFFICE','RAFFLES HOTEL DUBAI / WAFIMALL','Dubai','','AL','United Arab Emirates','','jaspersaquilayan31@gmail.com',NULL,'JASPER SAQUILAYAN',NULL,'RAFFLES HOTEL DUBAI UNDERGROUND MAIN PARKING B MINUS 2 PILLAR F2 -2 CARSAFE OFFICE','RAFFLES HOTEL DUBAI / WAFIMALL','Dubai','','AL','United Arab Emirates',NULL,'JASPER SAQUILAYAN',NULL,'RAFFLES HOTEL DUBAI UNDERGROUND MAIN PARKING B MINUS 2 PILLAR F2 -2 CARSAFE OFFICE','RAFFLES HOTEL DUBAI / WAFIMALL','Dubai','','AL','United Arab Emirates',0,'Cash on Delivery','','','','','2021-09-21 12:14:07','2021-09-21 12:14:07',NULL,'AED',NULL,5.00,1,0,0.00,'none',NULL,'[]',1,'',0,'','','',0,'',1,'0562595598','0562595598','42d8e57b-a7ec-4961-a965-a3660f455150',0,NULL,NULL),(53,0.00,57,'Ali Jaber',NULL,'7','Azizi Feirouz building 508','Dubai','','AL','United Arab Emirates','','ali.jaber@winztime.com',NULL,'Ali Jaber',NULL,'7','Azizi Feirouz building 508','Dubai','','AL','United Arab Emirates',NULL,'Ali Jaber',NULL,'7','Azizi Feirouz building 508','Dubai','','AL','United Arab Emirates',0,'Cash on Delivery','','','','','2021-09-21 16:50:18','2021-09-21 16:50:18',NULL,'AED',NULL,5.00,1,0,0.00,'none',NULL,'[]',1,'',0,'','','',0,'',1,'502801120','502801120','31881616-61fc-4761-850d-66803e3c4e3e',0,NULL,NULL),(54,0.00,214,'Ali Jaber',NULL,'Al Falak','media 1','Dubai','','AL','United Arab Emirates','','a_j48@hotmail.com',NULL,'Ali Jaber',NULL,'Al Falak','media 1','Dubai','','AL','United Arab Emirates',NULL,'Ali Jaber',NULL,'Al Falak','media 1','Dubai','','AL','United Arab Emirates',0,'Cash on Delivery','','','','','2021-09-21 17:26:02','2021-09-21 17:26:02',NULL,'AED',NULL,2.85,29,0,0.00,'none',NULL,'[]',1,'[{\"coupans_id\":11,\"code\":\"90\",\"date_created\":null,\"date_modified\":null,\"description\":null,\"discount_type\":\"percent\",\"amount\":99,\"expiry_date\":\"2021-09-30 00:00:00\",\"usage_count\":0,\"individual_use\":0,\"product_ids\":\"\",\"exclude_product_ids\":\"\",\"usage_limit\":null,\"usage_limit_per_user\":null,\"limit_usage_to_x_items\":0,\"free_shipping\":0,\"product_categories\":\"\",\"excluded_product_categories\":\"\",\"exclude_sale_items\":0,\"minimum_amount\":\"2.00\",\"maximum_amount\":\"10000.00\",\"email_restrictions\":\"\",\"used_by\":\"\",\"created_at\":\"2021-09-21 17:21:18\",\"updated_at\":null}]',282,'','','',0,'',1,'502801120','502801120','9cf376bb-8ec8-4ecc-8edd-a680c333d4fc',0,NULL,NULL),(55,0.00,57,'Ali Jaber',NULL,'7','Azizi Feirouz building 508','Dubai','','AL','United Arab Emirates','','ali.jaber@winztime.com',NULL,'Ali Jaber',NULL,'7','Azizi Feirouz building 508','Dubai','','AL','United Arab Emirates',NULL,'Ali Jaber',NULL,'7','Azizi Feirouz building 508','Dubai','','AL','United Arab Emirates',0,'Cash on Delivery','','','','','2021-09-23 09:43:17','2021-09-23 09:43:17',NULL,'AED',NULL,0.95,10,0,0.00,'none',NULL,'[]',1,'[{\"coupans_id\":11,\"code\":\"90\",\"date_created\":null,\"date_modified\":null,\"description\":null,\"discount_type\":\"percent\",\"amount\":99,\"expiry_date\":\"2021-09-30 00:00:00\",\"usage_count\":0,\"individual_use\":0,\"product_ids\":\"\",\"exclude_product_ids\":\"\",\"usage_limit\":null,\"usage_limit_per_user\":null,\"limit_usage_to_x_items\":0,\"free_shipping\":0,\"product_categories\":\"\",\"excluded_product_categories\":\"\",\"exclude_sale_items\":0,\"minimum_amount\":\"2.00\",\"maximum_amount\":\"10000.00\",\"email_restrictions\":\"\",\"used_by\":\",214\",\"created_at\":\"2021-09-21 17:21:18\",\"updated_at\":null}]',94,'','','',0,'',1,'502801120','502801120','5a7a73cb-32aa-4fff-b104-b4c361d5e0f2',0,NULL,NULL),(56,0.00,222,'SHAHID MEERAN',NULL,'Arab Academy Street., Constriction site (Arab Academy for Science, Technology & Maritime Transport )','Arab Academy constriction site','Sharjah','','AL','United Arab Emirates','','shahidmeeran@gmail.com',NULL,'SHAHID MEERAN',NULL,'Arab Academy Street., Constriction site (Arab Academy for Science, Technology & Maritime Transport )','Arab Academy constriction site','Sharjah','','AL','United Arab Emirates',NULL,'SHAHID MEERAN',NULL,'Arab Academy Street., Constriction site (Arab Academy for Science, Technology & Maritime Transport )','Arab Academy constriction site','Sharjah','','AL','United Arab Emirates',0,'Cash on Delivery','','','','','2021-09-23 12:29:49','2021-09-23 12:29:49',NULL,'AED',NULL,5.00,1,0,0.00,'none',NULL,'[]',1,'',0,'','','',0,'',1,'0555407095','0555407095','9b6b144d-c979-4d86-a727-862714278afc',0,NULL,NULL),(57,0.00,214,'Ali Jaber',NULL,'Al Falak','media 1','Dubai','','AL','United Arab Emirates','','a_j48@hotmail.com',NULL,'Ali Jaber',NULL,'Al Falak','media 1','Dubai','','AL','United Arab Emirates',NULL,'Ali Jaber',NULL,'Al Falak','media 1','Dubai','','AL','United Arab Emirates',0,'Cash on Delivery','','','','','2021-09-26 16:41:16','2021-09-26 16:41:16',NULL,'AED',NULL,1.05,11,0,0.00,'none',NULL,'[]',1,'[{\"coupans_id\":11,\"code\":\"90\",\"date_created\":null,\"date_modified\":null,\"description\":null,\"discount_type\":\"percent\",\"amount\":99,\"expiry_date\":\"2021-09-30 00:00:00\",\"usage_count\":0,\"individual_use\":0,\"product_ids\":\"\",\"exclude_product_ids\":\"\",\"usage_limit\":null,\"usage_limit_per_user\":null,\"limit_usage_to_x_items\":0,\"free_shipping\":0,\"product_categories\":\"\",\"excluded_product_categories\":\"\",\"exclude_sale_items\":0,\"minimum_amount\":\"2.00\",\"maximum_amount\":\"10000.00\",\"email_restrictions\":\"\",\"used_by\":\",214,57\",\"created_at\":\"2021-09-21 17:21:18\",\"updated_at\":null}]',104,'','','',0,'',1,'502801120','502801120','660041de-fdbf-4cc5-8dd5-f5a6d2540335',0,NULL,NULL),(58,0.00,143,'Bhumi Haresh Bhai',NULL,'AL WOROOD STREET 2, DUBAI INVESTMENT PARK 2 ( OPPOSITE DUBAI REFERESHMENT )','RANREA GENERLA TRADING LLC','Dubai','','AL','United Arab Emirates','','bhumikhatri1987@gmail.com',NULL,'Bhumi Haresh Bhai',NULL,'AL WOROOD STREET 2, DUBAI INVESTMENT PARK 2 ( OPPOSITE DUBAI REFERESHMENT )','RANREA GENERLA TRADING LLC','Dubai','','AL','United Arab Emirates',NULL,'Bhumi Haresh Bhai',NULL,'AL WOROOD STREET 2, DUBAI INVESTMENT PARK 2 ( OPPOSITE DUBAI REFERESHMENT )','RANREA GENERLA TRADING LLC','Dubai','','AL','United Arab Emirates',0,'Cash on Delivery','','','','','2021-09-27 15:24:44','2021-09-27 15:24:44',NULL,'AED',NULL,10.00,1,0,0.00,'none',NULL,'[]',1,'',0,'','','',0,'',1,'528908553','528908553','c4585607-9284-4775-8ba6-092662fd39f9',0,NULL,NULL),(59,0.00,141,'Kumar Thapa',NULL,'Al Reem Island,','Sorbonne University Al Reem Island, Abu Dhabi, Gate number 3,','Abu Dhabi','','AL','United Arab Emirates','','kumarthapa001989@yahoo.com',NULL,'Kumar Thapa',NULL,'Al Reem Island,','Sorbonne University Al Reem Island, Abu Dhabi, Gate number 3,','Abu Dhabi','','AL','United Arab Emirates',NULL,'Kumar Thapa',NULL,'Al Reem Island,','Sorbonne University Al Reem Island, Abu Dhabi, Gate number 3,','Abu Dhabi','','AL','United Arab Emirates',0,'Cash on Delivery','','','','','2021-09-28 19:16:04','2021-09-28 19:16:04',NULL,'AED',NULL,40.00,2,0,20.00,'none',NULL,'[]',1,'',0,'','','',0,'',1,'+971561808428','+971561808428','48f626fa-9642-40a7-a272-453de8ca3a3b',0,NULL,NULL),(60,0.00,232,'Sheena Chris',NULL,'Oud Metha','Business Atrium Building, M05, First Solutions Management','Dubai','','AL','United Arab Emirates','','phillipbj@hotmail.com',NULL,'Sheena Chris',NULL,'Oud Metha','Business Atrium Building, M05, First Solutions Management','Dubai','','AL','United Arab Emirates',NULL,'Sheena Chris',NULL,'Oud Metha','Business Atrium Building, M05, First Solutions Management','Dubai','','AL','United Arab Emirates',0,'Cash on Delivery','','','','','2021-09-30 00:10:51','2021-09-30 00:10:51',NULL,'AED',NULL,37.50,5,0,0.00,'none',NULL,'[]',1,'[{\"coupans_id\":13,\"code\":\"chris25\",\"date_created\":null,\"date_modified\":null,\"description\":null,\"discount_type\":\"percent\",\"amount\":25,\"expiry_date\":\"2021-10-01 00:00:00\",\"usage_count\":0,\"individual_use\":0,\"product_ids\":\"\",\"exclude_product_ids\":\"\",\"usage_limit\":null,\"usage_limit_per_user\":null,\"limit_usage_to_x_items\":0,\"free_shipping\":0,\"product_categories\":\"\",\"excluded_product_categories\":\"\",\"exclude_sale_items\":0,\"minimum_amount\":\"10.00\",\"maximum_amount\":\"1000.00\",\"email_restrictions\":\"\",\"used_by\":\"\",\"created_at\":\"2021-09-28 23:16:12\",\"updated_at\":\"2021-09-29 17:07:19\"}]',12,'','','',0,'',1,'0552175964','0552175964','70216fcf-a702-41a1-9a59-d025cd177bac',0,NULL,NULL),(61,0.00,280,'Ali Jaber',NULL,'Al Falak','media 1','Dubai','','AL','United Arab Emirates','','a_j48@hotmail.com',NULL,'Ali Jaber',NULL,'Al Falak','media 1','Dubai','','AL','United Arab Emirates',NULL,'Ali Jaber',NULL,'Al Falak','media 1','Dubai','','AL','United Arab Emirates',0,'Cash on Delivery','','','','','2021-10-03 14:15:28','2021-10-03 14:15:28',NULL,'AED',NULL,2.75,28,0,0.00,'none',NULL,'[]',1,'[{\"coupans_id\":11,\"code\":\"90\",\"date_created\":null,\"date_modified\":null,\"description\":null,\"discount_type\":\"percent\",\"amount\":99,\"expiry_date\":\"2021-10-31 00:00:00\",\"usage_count\":0,\"individual_use\":0,\"product_ids\":\"\",\"exclude_product_ids\":\"\",\"usage_limit\":null,\"usage_limit_per_user\":null,\"limit_usage_to_x_items\":0,\"free_shipping\":0,\"product_categories\":\"\",\"excluded_product_categories\":\"\",\"exclude_sale_items\":0,\"minimum_amount\":\"2.00\",\"maximum_amount\":\"10000.00\",\"email_restrictions\":\"\",\"used_by\":\"\",\"created_at\":\"2021-09-21 17:21:18\",\"updated_at\":\"2021-09-28 09:33:26\"}]',272,'','','',0,'',1,'502801120','502801120','6b24986c-4f42-44d2-88b0-346d53898034',0,NULL,NULL),(62,0.00,57,'Ali Jaber',NULL,'7','Azizi Feirouz building 508','Dubai','','AL','United Arab Emirates','','ali.jaber@winztime.com',NULL,'Ali Jaber',NULL,'7','Azizi Feirouz building 508','Dubai','','AL','United Arab Emirates',NULL,'Ali Jaber',NULL,'7','Azizi Feirouz building 508','Dubai','','AL','United Arab Emirates',0,'Cash on Delivery','','','','','2021-10-03 17:33:26','2021-10-03 17:33:26',NULL,'AED',NULL,1.35,14,0,0.00,'none',NULL,'[]',1,'[{\"coupans_id\":11,\"code\":\"90\",\"date_created\":null,\"date_modified\":null,\"description\":null,\"discount_type\":\"percent\",\"amount\":99,\"expiry_date\":\"2021-10-31 00:00:00\",\"usage_count\":0,\"individual_use\":0,\"product_ids\":\"\",\"exclude_product_ids\":\"\",\"usage_limit\":null,\"usage_limit_per_user\":null,\"limit_usage_to_x_items\":0,\"free_shipping\":0,\"product_categories\":\"\",\"excluded_product_categories\":\"\",\"exclude_sale_items\":0,\"minimum_amount\":\"2.00\",\"maximum_amount\":\"10000.00\",\"email_restrictions\":\"\",\"used_by\":\",280\",\"created_at\":\"2021-09-21 17:21:18\",\"updated_at\":\"2021-09-28 09:33:26\"}]',134,'','','',0,'',1,'502801120','502801120','145bf92b-8028-414b-aaa3-184d13fc3156',0,NULL,NULL),(63,0.00,281,'Ali Jaber',NULL,'Al Falak','media 1','Dubai','','AL','United Arab Emirates','','a_j48@hotmail.com',NULL,'Ali Jaber',NULL,'Al Falak','media 1','Dubai','','AL','United Arab Emirates',NULL,'Ali Jaber',NULL,'Al Falak','media 1','Dubai','','AL','United Arab Emirates',0,'Cash on Delivery','','','','','2021-10-03 17:48:51','2021-10-03 17:48:51',NULL,'AED',NULL,0.50,5,0,0.00,'none',NULL,'[]',1,'[{\"coupans_id\":11,\"code\":\"90\",\"date_created\":null,\"date_modified\":null,\"description\":null,\"discount_type\":\"percent\",\"amount\":99,\"expiry_date\":\"2021-10-31 00:00:00\",\"usage_count\":0,\"individual_use\":0,\"product_ids\":\"\",\"exclude_product_ids\":\"\",\"usage_limit\":null,\"usage_limit_per_user\":null,\"limit_usage_to_x_items\":0,\"free_shipping\":0,\"product_categories\":\"\",\"excluded_product_categories\":\"\",\"exclude_sale_items\":0,\"minimum_amount\":\"2.00\",\"maximum_amount\":\"10000.00\",\"email_restrictions\":\"\",\"used_by\":\",280,57\",\"created_at\":\"2021-09-21 17:21:18\",\"updated_at\":\"2021-09-28 09:33:26\"}]',50,'','','',0,'',1,'0502801120','0502801120','7666bd1d-2a51-47d9-a0ab-331272e6223c',0,NULL,NULL),(64,0.00,282,'Janice Barbacena',NULL,'35 Street','Union Coop Staff Accommodation, L4 Building, Lulu Village, Muhaisnah 4','Dubai','','AL','United Arab Emirates','','janice.mesina@yahoo.com',NULL,'Janice Barbacena',NULL,'35 Street','Union Coop Staff Accommodation, L4 Building, Lulu Village, Muhaisnah 4','Dubai','','AL','United Arab Emirates',NULL,'Janice Barbacena',NULL,'35 Street','Union Coop Staff Accommodation, L4 Building, Lulu Village, Muhaisnah 4','Dubai','','AL','United Arab Emirates',0,'Cash on Delivery','','','','','2021-10-04 11:59:26','2021-10-04 11:59:26',NULL,'AED',NULL,10.00,1,0,0.00,'none',NULL,'[]',1,'',0,'','','',0,'',1,'0559626554','0559626554','b0f2a748-115b-4286-b4ae-7f9e6f43f56e',0,NULL,NULL),(65,0.00,281,'Ali Jaber',NULL,'Al Falak','media 1','Dubai','','AL','United Arab Emirates','','a_j48@hotmail.com',NULL,'Ali Jaber',NULL,'Al Falak','media 1','Dubai','','AL','United Arab Emirates',NULL,'Ali Jaber',NULL,'Al Falak','media 1','Dubai','','AL','United Arab Emirates',0,'Cash on Delivery','','','','','2021-10-04 14:43:40','2021-10-04 14:43:40',NULL,'AED',NULL,1.40,14,0,0.00,'none',NULL,'[]',1,'[{\"coupans_id\":11,\"code\":\"90\",\"date_created\":null,\"date_modified\":null,\"description\":null,\"discount_type\":\"percent\",\"amount\":99,\"expiry_date\":\"2021-10-31 00:00:00\",\"usage_count\":0,\"individual_use\":0,\"product_ids\":\"\",\"exclude_product_ids\":\"\",\"usage_limit\":null,\"usage_limit_per_user\":null,\"limit_usage_to_x_items\":0,\"free_shipping\":0,\"product_categories\":\"\",\"excluded_product_categories\":\"\",\"exclude_sale_items\":0,\"minimum_amount\":\"2.00\",\"maximum_amount\":\"10000.00\",\"email_restrictions\":\"\",\"used_by\":\",280,57,281\",\"created_at\":\"2021-09-21 17:21:18\",\"updated_at\":\"2021-09-28 09:33:26\"}]',139,'','','',0,'',1,'0502801120','0502801120','9c914829-a924-4696-a0ba-b7d507d672c7',0,NULL,NULL),(66,0.00,284,'Divyansh Sharma',NULL,'Deira gold souq','Sherina plaza 2, 104, gold souq metro station','Dubai','','AL','United Arab Emirates','','divyanshthegoodboy@gmail.com',NULL,'Divyansh Sharma',NULL,'Deira gold souq','Sherina plaza 2, 104, gold souq metro station','Dubai','','AL','United Arab Emirates',NULL,'Divyansh Sharma',NULL,'Deira gold souq','Sherina plaza 2, 104, gold souq metro station','Dubai','','AL','United Arab Emirates',0,'Cash on Delivery','','','','','2021-10-04 17:54:03','2021-10-04 17:54:03',NULL,'AED',NULL,5.00,1,0,0.00,'none',NULL,'[]',1,'',0,'','','',0,'',1,'0562759305','0562759305','6424f2f1-d7a6-408c-86d8-b663dbb91bfe',0,NULL,NULL),(67,0.00,288,'Karen Ann Buhay',NULL,'164 Al Dahir St','601 Arabian Gulf Key Bldg','Abu Dhabi','','AL','United Arab Emirates','','karen_ann_buhay@yahoo.com',NULL,'Karen Ann Buhay',NULL,'164 Al Dahir St','601 Arabian Gulf Key Bldg','Abu Dhabi','','AL','United Arab Emirates',NULL,'Karen Ann Buhay',NULL,'164 Al Dahir St','601 Arabian Gulf Key Bldg','Abu Dhabi','','AL','United Arab Emirates',0,'Cash on Delivery','','','','','2021-10-05 10:43:22','2021-10-05 10:43:22',NULL,'AED',NULL,35.00,4,0,0.00,'none',NULL,'[]',1,'',0,'','','',0,'',1,'0568879189','0568879189','c032fe9a-423a-4a63-9854-64ca12f11c8e',0,NULL,NULL),(68,0.00,289,'Tarun Kumar',NULL,'AL WOROOD STREET 2, DUBAI INVESTMENT PARK 2 ( OPPOSITE DUBAI REFERESHMENT )','RANREA GENERAL TRADING LLC','Dubai','','AL','United Arab Emirates','','tarundost123@gmail.com',NULL,'Tarun Kumar',NULL,'AL WOROOD STREET 2, DUBAI INVESTMENT PARK 2 ( OPPOSITE DUBAI REFERESHMENT )','RANREA GENERAL TRADING LLC','Dubai','','AL','United Arab Emirates',NULL,'Tarun Kumar',NULL,'AL WOROOD STREET 2, DUBAI INVESTMENT PARK 2 ( OPPOSITE DUBAI REFERESHMENT )','RANREA GENERAL TRADING LLC','Dubai','','AL','United Arab Emirates',0,'Cash on Delivery','','','','','2021-10-05 16:02:13','2021-10-05 16:02:13',NULL,'AED',NULL,5.00,1,0,0.00,'none',NULL,'[]',1,'',0,'','','',0,'',1,'0559092883','0559092883','739d8e16-c442-4820-87cc-23d208d7e667',0,NULL,NULL),(69,0.00,290,'Rasheed Abdul',NULL,'12 street','Bartawi camp','Dubai','','AL','United Arab Emirates','','Starabdul27@gmail.com',NULL,'Rasheed Abdul',NULL,'12 street','Bartawi camp','Dubai','','AL','United Arab Emirates',NULL,'Rasheed Abdul',NULL,'12 street','Bartawi camp','Dubai','','AL','United Arab Emirates',0,'Cash on Delivery','','','','','2021-10-05 18:35:25','2021-10-05 18:35:25',NULL,'AED',NULL,20.00,2,0,0.00,'none',NULL,'[]',1,'',0,'','','',0,'',1,'567309738','567309738','f947340f-a4b4-4352-85b7-dd1a96f2ee30',0,NULL,NULL),(70,0.00,158,'Arul Pandiyan',NULL,'12 street','BARTAWI','Dubai','','AL','United Arab Emirates','','arulgeethaarulgeetha065@gmail.com',NULL,'Arul Pandiyan',NULL,'12 street','BARTAWI','Dubai','','AL','United Arab Emirates',NULL,'Arul Pandiyan',NULL,'12 street','BARTAWI','Dubai','','AL','United Arab Emirates',0,'Cash on Delivery','','','','','2021-10-05 19:23:53','2021-10-05 19:23:53',NULL,'AED',NULL,20.00,2,0,0.00,'none',NULL,'[]',1,'',0,'','','',0,'',1,'971543630551','971543630551','69dc686a-9e22-46b5-90b3-4a8accbd927e',0,NULL,NULL),(71,0.00,57,'Ali Jaber',NULL,'7','Azizi Feirouz building 508','Dubai','','AL','United Arab Emirates','','ali.jaber@winztime.com',NULL,'Ali Jaber',NULL,'7','Azizi Feirouz building 508','Dubai','','AL','United Arab Emirates',NULL,'Ali Jaber',NULL,'7','Azizi Feirouz building 508','Dubai','','AL','United Arab Emirates',0,'Cash on Delivery','','','','','2021-10-05 20:15:51','2021-10-05 20:15:51',NULL,'AED',NULL,1.00,1,0,0.00,'none',NULL,'[]',1,'[{\"coupans_id\":11,\"code\":\"80\",\"date_created\":null,\"date_modified\":null,\"description\":null,\"discount_type\":\"percent\",\"amount\":80,\"expiry_date\":\"2021-10-31 00:00:00\",\"usage_count\":0,\"individual_use\":0,\"product_ids\":\"\",\"exclude_product_ids\":\"\",\"usage_limit\":null,\"usage_limit_per_user\":null,\"limit_usage_to_x_items\":0,\"free_shipping\":0,\"product_categories\":\"\",\"excluded_product_categories\":\"\",\"exclude_sale_items\":0,\"minimum_amount\":\"2.00\",\"maximum_amount\":\"10000.00\",\"email_restrictions\":\"\",\"used_by\":\"\",\"created_at\":\"2021-09-21 17:21:18\",\"updated_at\":\"2021-10-05 20:13:34\"}]',4,'','','',0,'',1,'502801120','502801120','cbf6a432-7af3-40ea-ade9-8f65c2771f5b',0,NULL,NULL),(72,0.00,57,'Ali Jaber',NULL,'7','Azizi Feirouz building 508','Dubai','','AL','United Arab Emirates','','ali.jaber@winztime.com',NULL,'Ali Jaber',NULL,'7','Azizi Feirouz building 508','Dubai','','AL','United Arab Emirates',NULL,'Ali Jaber',NULL,'7','Azizi Feirouz building 508','Dubai','','AL','United Arab Emirates',0,'Cash on Delivery','','','','','2021-10-05 20:26:50','2021-10-05 20:26:50',NULL,'AED',NULL,1.00,1,0,0.00,'none',NULL,'[]',1,'[{\"coupans_id\":11,\"code\":\"80\",\"date_created\":null,\"date_modified\":null,\"description\":null,\"discount_type\":\"percent\",\"amount\":80,\"expiry_date\":\"2021-10-31 00:00:00\",\"usage_count\":0,\"individual_use\":0,\"product_ids\":\"\",\"exclude_product_ids\":\"\",\"usage_limit\":null,\"usage_limit_per_user\":null,\"limit_usage_to_x_items\":0,\"free_shipping\":0,\"product_categories\":\"\",\"excluded_product_categories\":\"\",\"exclude_sale_items\":0,\"minimum_amount\":\"2.00\",\"maximum_amount\":\"10000.00\",\"email_restrictions\":\"\",\"used_by\":\",57\",\"created_at\":\"2021-09-21 17:21:18\",\"updated_at\":\"2021-10-05 20:13:34\"}]',4,'','','',0,'',1,'502801120','502801120','a87f9875-ffa5-407f-b3e8-1e1b2caaf57b',0,NULL,NULL),(73,0.00,281,'Ali Jaber',NULL,'Al Falak','media 1','Dubai','','AL','United Arab Emirates','','a_j48@hotmail.com',NULL,'Ali Jaber',NULL,'Al Falak','media 1','Dubai','','AL','United Arab Emirates',NULL,'Ali Jaber',NULL,'Al Falak','media 1','Dubai','','AL','United Arab Emirates',0,'Cash on Delivery','','','','','2021-10-06 10:07:21','2021-10-06 10:07:21',NULL,'AED',NULL,1.00,1,0,0.00,'none',NULL,'[]',1,'[{\"coupans_id\":11,\"code\":\"80\",\"date_created\":null,\"date_modified\":null,\"description\":null,\"discount_type\":\"percent\",\"amount\":80,\"expiry_date\":\"2021-10-31 00:00:00\",\"usage_count\":0,\"individual_use\":0,\"product_ids\":\"\",\"exclude_product_ids\":\"\",\"usage_limit\":null,\"usage_limit_per_user\":null,\"limit_usage_to_x_items\":0,\"free_shipping\":0,\"product_categories\":\"\",\"excluded_product_categories\":\"\",\"exclude_sale_items\":0,\"minimum_amount\":\"2.00\",\"maximum_amount\":\"10000.00\",\"email_restrictions\":\"\",\"used_by\":\",57,57\",\"created_at\":\"2021-09-21 17:21:18\",\"updated_at\":\"2021-10-05 20:13:34\"}]',4,'','','',0,'',1,'0502801120','0502801120','66fded47-9f95-4c83-b4dd-e3a9fd69edae',0,NULL,NULL),(74,0.00,64,'Abir Jaber',NULL,'Al furjan','Azizi feiroz apt 508','Dubai','','AL','United Arab Emirates','','abirjaber24@gmail.com',NULL,'Abir Jaber',NULL,'Al furjan','Azizi feiroz apt 508','Dubai','','AL','United Arab Emirates',NULL,'Abir Jaber',NULL,'Al furjan','Azizi feiroz apt 508','Dubai','','AL','United Arab Emirates',0,'Cash on Delivery','','','','','2021-10-06 10:20:48','2021-10-06 10:20:48',NULL,'AED',NULL,5.00,1,0,0.00,'none',NULL,'[]',1,'',0,'','','',0,'',1,'567594147','567594147','d9f443f7-558f-4a6e-8cdb-d49ece9a323c',0,NULL,NULL),(75,0.00,281,'Ali Jaber',NULL,'Al Falak','media 1','Dubai','','AL','United Arab Emirates','','a_j48@hotmail.com',NULL,'Ali Jaber',NULL,'Al Falak','media 1','Dubai','','AL','United Arab Emirates',NULL,'Ali Jaber',NULL,'Al Falak','media 1','Dubai','','AL','United Arab Emirates',0,'Cash on Delivery','','','','','2021-10-06 10:41:01','2021-10-06 10:41:01',NULL,'AED',NULL,8.00,4,0,0.00,'none',NULL,'[]',1,'[{\"coupans_id\":11,\"code\":\"80\",\"date_created\":null,\"date_modified\":null,\"description\":null,\"discount_type\":\"percent\",\"amount\":80,\"expiry_date\":\"2021-10-31 00:00:00\",\"usage_count\":0,\"individual_use\":0,\"product_ids\":\"\",\"exclude_product_ids\":\"\",\"usage_limit\":null,\"usage_limit_per_user\":null,\"limit_usage_to_x_items\":0,\"free_shipping\":0,\"product_categories\":\"\",\"excluded_product_categories\":\"\",\"exclude_sale_items\":0,\"minimum_amount\":\"2.00\",\"maximum_amount\":\"10000.00\",\"email_restrictions\":\"\",\"used_by\":\",57,57,281\",\"created_at\":\"2021-09-21 17:21:18\",\"updated_at\":\"2021-10-05 20:13:34\"}]',32,'','','',0,'',1,'0502801120','0502801120','d977c392-f1cf-4652-bc5d-3020fed7c204',0,NULL,NULL),(76,0.00,300,'Niveen Sibai',NULL,'Business Bay','Clayton Residency Tower, Apartment 1802','Dubai','','AL','United Arab Emirates','','niveensibai@live.com',NULL,'Niveen Sibai',NULL,'Business Bay','Clayton Residency Tower, Apartment 1802','Dubai','','AL','United Arab Emirates',NULL,'Niveen Sibai',NULL,'Business Bay','Clayton Residency Tower, Apartment 1802','Dubai','','AL','United Arab Emirates',0,'Cash on Delivery','','','','','2021-10-06 10:42:01','2021-10-06 10:42:01',NULL,'AED',NULL,10.00,1,0,0.00,'none',NULL,'[]',1,'',0,'','','',0,'',1,'0504749844','0504749844','197fdff7-7d47-4ca4-8470-caf268d172d3',0,NULL,NULL),(77,0.00,57,'Ali Jaber',NULL,'7','Azizi Feirouz building 508','Dubai','','AL','United Arab Emirates','','ali.jaber@winztime.com',NULL,'Ali Jaber',NULL,'7','Azizi Feirouz building 508','Dubai','','AL','United Arab Emirates',NULL,'Ali Jaber',NULL,'7','Azizi Feirouz building 508','Dubai','','AL','United Arab Emirates',0,'Cash on Delivery','','','','','2021-10-06 12:42:35','2021-10-06 12:42:35',NULL,'AED',NULL,2.00,1,0,0.00,'none',NULL,'[]',1,'[{\"coupans_id\":11,\"code\":\"80\",\"date_created\":null,\"date_modified\":null,\"description\":null,\"discount_type\":\"percent\",\"amount\":80,\"expiry_date\":\"2021-10-31 00:00:00\",\"usage_count\":0,\"individual_use\":0,\"product_ids\":\"\",\"exclude_product_ids\":\"\",\"usage_limit\":null,\"usage_limit_per_user\":null,\"limit_usage_to_x_items\":0,\"free_shipping\":0,\"product_categories\":\"\",\"excluded_product_categories\":\"\",\"exclude_sale_items\":0,\"minimum_amount\":\"2.00\",\"maximum_amount\":\"10000.00\",\"email_restrictions\":\"\",\"used_by\":\",57,57,281,281\",\"created_at\":\"2021-09-21 17:21:18\",\"updated_at\":\"2021-10-05 20:13:34\"}]',8,'','','',0,'',1,'502801120','502801120','5aeb42e5-88d7-4415-af6f-f523f445b677',0,NULL,NULL),(78,0.00,290,'Rasheed Abdul',NULL,'12 street','Bartawi camp','Dubai','','AL','United Arab Emirates','','Starabdul27@gmail.com',NULL,'Rasheed Abdul',NULL,'12 street','Bartawi camp','Dubai','','AL','United Arab Emirates',NULL,'Rasheed Abdul',NULL,'12 street','Bartawi camp','Dubai','','AL','United Arab Emirates',0,'Cash on Delivery','','','','','2021-10-06 17:53:16','2021-10-06 17:53:16',NULL,'AED',NULL,20.00,2,0,0.00,'none',NULL,'[]',1,'',0,'','','',0,'',1,'567309738','567309738','e35a7dd7-58e2-4b16-b1bf-995508fc8683',0,NULL,NULL),(79,0.00,290,'Rasheed Abdul',NULL,'12 street','Bartawi camp','Dubai','','AL','United Arab Emirates','','Starabdul27@gmail.com',NULL,'Rasheed Abdul',NULL,'12 street','Bartawi camp','Dubai','','AL','United Arab Emirates',NULL,'Rasheed Abdul',NULL,'12 street','Bartawi camp','Dubai','','AL','United Arab Emirates',0,'Cash on Delivery','','','','','2021-10-08 13:40:56','2021-10-08 13:40:56',NULL,'AED',NULL,20.00,2,0,0.00,'none',NULL,'[]',1,'',0,'','','',0,'',1,'567309738','567309738','28dfb3a2-93ea-442f-910b-010717166285',0,NULL,NULL),(80,0.00,281,'Ali Jaber',NULL,'Al Falak','media 1','Dubai','','AL','United Arab Emirates','','a_j48@hotmail.com',NULL,'Ali Jaber',NULL,'Al Falak','media 1','Dubai','','AL','United Arab Emirates',NULL,'Ali Jaber',NULL,'Al Falak','media 1','Dubai','','AL','United Arab Emirates',0,'Cash on Delivery','','','','','2021-10-08 13:57:33','2021-10-08 13:57:33',NULL,'AED',NULL,1.00,1,0,0.00,'none',NULL,'[]',1,'[{\"coupans_id\":11,\"code\":\"80\",\"date_created\":null,\"date_modified\":null,\"description\":null,\"discount_type\":\"percent\",\"amount\":80,\"expiry_date\":\"2021-10-31 00:00:00\",\"usage_count\":0,\"individual_use\":0,\"product_ids\":\"\",\"exclude_product_ids\":\"\",\"usage_limit\":null,\"usage_limit_per_user\":null,\"limit_usage_to_x_items\":0,\"free_shipping\":0,\"product_categories\":\"\",\"excluded_product_categories\":\"\",\"exclude_sale_items\":0,\"minimum_amount\":\"2.00\",\"maximum_amount\":\"10000.00\",\"email_restrictions\":\"\",\"used_by\":\",57,57,281,281,57\",\"created_at\":\"2021-09-21 17:21:18\",\"updated_at\":\"2021-10-05 20:13:34\"}]',4,'','','',0,'',1,'0502801120','0502801120','728eb351-c336-4f13-9fa4-2be8427f781b',0,NULL,NULL),(81,0.00,281,'Ali Jaber',NULL,'Al Falak','media 1','Dubai','','AL','United Arab Emirates','','a_j48@hotmail.com',NULL,'Ali Jaber',NULL,'Al Falak','media 1','Dubai','','AL','United Arab Emirates',NULL,'Ali Jaber',NULL,'Al Falak','media 1','Dubai','','AL','United Arab Emirates',0,'Cash on Delivery','','','','','2021-10-08 14:01:09','2021-10-08 14:01:09',NULL,'AED',NULL,1.00,1,0,0.00,'none',NULL,'[]',1,'[{\"coupans_id\":11,\"code\":\"80\",\"date_created\":null,\"date_modified\":null,\"description\":null,\"discount_type\":\"percent\",\"amount\":80,\"expiry_date\":\"2021-10-31 00:00:00\",\"usage_count\":0,\"individual_use\":0,\"product_ids\":\"\",\"exclude_product_ids\":\"\",\"usage_limit\":null,\"usage_limit_per_user\":null,\"limit_usage_to_x_items\":0,\"free_shipping\":0,\"product_categories\":\"\",\"excluded_product_categories\":\"\",\"exclude_sale_items\":0,\"minimum_amount\":\"2.00\",\"maximum_amount\":\"10000.00\",\"email_restrictions\":\"\",\"used_by\":\",57,57,281,281,57,281\",\"created_at\":\"2021-09-21 17:21:18\",\"updated_at\":\"2021-10-05 20:13:34\"}]',4,'','','',0,'',1,'0502801120','0502801120','caa56e35-ffac-48f0-b551-654904e08f57',0,NULL,NULL),(82,0.00,310,'Jem Margoux',NULL,'Al Nahda street','Al Qadesia D block','Sharjah','','AL','United Arab Emirates','','jemmargoux@gmail.com',NULL,'Jem Margoux',NULL,'Al Nahda street','Al Qadesia D block','Sharjah','','AL','United Arab Emirates',NULL,'Jem Margoux',NULL,'Al Nahda street','Al Qadesia D block','Sharjah','','AL','United Arab Emirates',0,'Cash on Delivery','','','','','2021-10-11 14:25:22','2021-10-11 14:25:22',NULL,'AED',NULL,10.00,1,0,0.00,'none',NULL,'[]',1,'',0,'','','',0,'',1,'0585196874','0585196874','4064a227-1416-4a85-b0ab-233da0f4526b',0,NULL,NULL),(83,0.00,281,'Ali Jaber',NULL,'Al Falak','media 1','Dubai','','AL','Dubai','','a_j48@hotmail.com',NULL,'Ali Jaber',NULL,'Al Falak','media 1','Dubai','','AL','Dubai',NULL,'Ali Jaber',NULL,'Al Falak','media 1','Dubai','','AL','0',0,'Cash on Delivery','','','','','2021-10-13 20:29:47','2021-10-13 20:29:47',NULL,'AED',NULL,2.00,1,0,0.00,'none',NULL,'[]',1,'[{\"coupans_id\":11,\"code\":\"80\",\"date_created\":null,\"date_modified\":null,\"description\":null,\"discount_type\":\"percent\",\"amount\":80,\"expiry_date\":\"2021-10-31 00:00:00\",\"usage_count\":0,\"individual_use\":0,\"product_ids\":\"\",\"exclude_product_ids\":\"\",\"usage_limit\":null,\"usage_limit_per_user\":null,\"limit_usage_to_x_items\":0,\"free_shipping\":0,\"product_categories\":\"\",\"excluded_product_categories\":\"\",\"exclude_sale_items\":0,\"minimum_amount\":\"2.00\",\"maximum_amount\":\"10000.00\",\"email_restrictions\":\"\",\"used_by\":\",57,57,281,281,57,281,281\",\"created_at\":\"2021-09-21 17:21:18\",\"updated_at\":\"2021-10-05 20:13:34\"}]',8,'','','',0,'',1,' 0502801120',' 0502801120','89f0d8a4-a797-47f7-ae60-d4213d498bc6',0,NULL,NULL),(84,0.00,316,'Abdullag rebaine',NULL,'university of sharjah','university of sharjah dorms M13E','Sharjah','','AL','United Arab Emirates','','blackstar_abood@hotmail.com',NULL,'Abdullag rebaine',NULL,'university of sharjah','university of sharjah dorms M13E','Sharjah','','AL','United Arab Emirates',NULL,'Abdullag rebaine',NULL,'university of sharjah','university of sharjah dorms M13E','Sharjah','','AL','United Arab Emirates',0,'Cash on Delivery','','','','','2021-10-15 22:09:29','2021-10-15 22:09:29',NULL,'AED',NULL,35.00,2,0,20.00,'none',NULL,'[]',1,'',0,'','','',0,'',1,' 0505854476',' 0505854476','7a973160-cd2b-4cde-a26c-5ae7d3edfd27',0,NULL,NULL),(85,0.00,281,'Ali Jaber',NULL,'Al Falak','media 1','Dubai','','AL','Dubai','','a_j48@hotmail.com',NULL,'Ali Jaber',NULL,'Al Falak','media 1','Dubai','','AL','Dubai',NULL,'Ali Jaber',NULL,'Al Falak','media 1','Dubai','','AL','0',0,'Cash on Delivery','','','','','2021-10-16 20:55:19','2021-10-16 20:55:19',NULL,'AED',NULL,20.00,2,0,0.00,'none',NULL,'[]',1,'',0,'','','',0,'',1,' 0502801120',' 0502801120','cf73b962-08e6-4baf-909e-29bd3a7306d2',0,NULL,NULL),(86,0.00,317,'Ali Jaber',NULL,'Al Falak','Media 1','Dubai','','AL','United Arab Emirates','','ali.jaber@winztime.com',NULL,'Ali Jaber',NULL,'Al Falak','Media 1','Dubai','','AL','United Arab Emirates',NULL,'Ali Jaber',NULL,'Al Falak','Media 1','Dubai','','AL','United Arab Emirates',0,'Cash on Delivery','','','','','2021-10-17 09:43:02','2021-10-17 09:43:02',NULL,'AED',NULL,1.00,1,0,0.00,'none',NULL,'[]',1,'[{\"coupans_id\":11,\"code\":\"80\",\"date_created\":null,\"date_modified\":null,\"description\":null,\"discount_type\":\"percent\",\"amount\":80,\"expiry_date\":\"2021-10-31 00:00:00\",\"usage_count\":0,\"individual_use\":0,\"product_ids\":\"\",\"exclude_product_ids\":\"\",\"usage_limit\":null,\"usage_limit_per_user\":null,\"limit_usage_to_x_items\":0,\"free_shipping\":0,\"product_categories\":\"\",\"excluded_product_categories\":\"\",\"exclude_sale_items\":0,\"minimum_amount\":\"2.00\",\"maximum_amount\":\"10000.00\",\"email_restrictions\":\"\",\"used_by\":\",57,57,281,281,57,281,281,281\",\"created_at\":\"2021-09-21 17:21:18\",\"updated_at\":\"2021-10-05 20:13:34\"}]',4,'','','',0,'',1,' 502801120',' 502801120','b0b31f6a-6b76-4d9b-9381-6352e54a2f67',0,NULL,NULL),(87,0.00,323,'Ramalingam Krishnamoorthy',NULL,'Rigga','Grand central hotel','Dubai','','AL','United Arab Emirates','','Krishnamoorthysubash52@gmail.com',NULL,'Ramalingam Krishnamoorthy',NULL,'Rigga','Grand central hotel','Dubai','','AL','United Arab Emirates',NULL,'Ramalingam Krishnamoorthy',NULL,'Rigga','Grand central hotel','Dubai','','AL','United Arab Emirates',0,'Cash on Delivery','','','','','2021-10-22 20:31:18','2021-10-22 20:31:18',NULL,'AED',NULL,5.00,1,0,0.00,'none',NULL,'[]',1,'',0,'','','',0,'',1,' 0556417465',' 0556417465','87d98257-d1c4-42bc-b7ea-ed5641c137f3',0,NULL,NULL),(88,0.00,281,'Ali Jaber',NULL,'Al Falak','media 1','Dubai','','AL','Dubai','','a_j48@hotmail.com',NULL,'Ali Jaber',NULL,'Al Falak','media 1','Dubai','','AL','Dubai',NULL,'Ali Jaber',NULL,'Al Falak','media 1','Dubai','','AL','0',0,'Cash on Delivery','','','','','2021-10-24 15:07:28','2021-10-24 15:07:28',NULL,'AED',NULL,7.00,4,0,0.00,'none',NULL,'[]',1,'[{\"coupans_id\":11,\"code\":\"80\",\"date_created\":null,\"date_modified\":null,\"description\":null,\"discount_type\":\"percent\",\"amount\":80,\"expiry_date\":\"2021-10-31 00:00:00\",\"usage_count\":0,\"individual_use\":0,\"product_ids\":\"\",\"exclude_product_ids\":\"\",\"usage_limit\":null,\"usage_limit_per_user\":null,\"limit_usage_to_x_items\":0,\"free_shipping\":0,\"product_categories\":\"\",\"excluded_product_categories\":\"\",\"exclude_sale_items\":0,\"minimum_amount\":\"2.00\",\"maximum_amount\":\"10000.00\",\"email_restrictions\":\"\",\"used_by\":\",57,57,281,281,57,281,281,281,317\",\"created_at\":\"2021-09-21 17:21:18\",\"updated_at\":\"2021-10-05 20:13:34\"}]',28,'','','',0,'',1,' 0502801120',' 0502801120','0a347c13-7aa0-472c-88b1-4b42e1a029b9',0,NULL,NULL),(89,0.00,332,'Md Rakib Ur Raihan',NULL,'Opposite to Al Khaima hotel, Deira,  Dubai','Shaker Cafeteria building','Dubai','','AL','United Arab Emirates','','rakiburraihan818@gmail.com',NULL,'Md Rakib Ur Raihan',NULL,'Opposite to Al Khaima hotel, Deira,  Dubai','Shaker Cafeteria building','Dubai','','AL','United Arab Emirates',NULL,'Md Rakib Ur Raihan',NULL,'Opposite to Al Khaima hotel, Deira,  Dubai','Shaker Cafeteria building','Dubai','','AL','United Arab Emirates',0,'Cash on Delivery','','','','','2021-10-26 03:15:47','2021-10-26 03:15:47',NULL,'AED',NULL,5.00,1,0,0.00,'none',NULL,'[]',1,'',0,'','','',0,'',1,' 564696171',' 564696171','bdde132d-e3ff-4af9-881e-93003170c863',0,NULL,NULL),(90,0.00,332,'Md Rakib Ur Raihan',NULL,'Opposite to Al Khaima hotel, Deira,  Dubai','Shaker Cafeteria building','Dubai','','AL','United Arab Emirates','','rakiburraihan818@gmail.com',NULL,'Md Rakib Ur Raihan',NULL,'Opposite to Al Khaima hotel, Deira,  Dubai','Shaker Cafeteria building','Dubai','','AL','United Arab Emirates',NULL,'Md Rakib Ur Raihan',NULL,'Opposite to Al Khaima hotel, Deira,  Dubai','Shaker Cafeteria building','Dubai','','AL','United Arab Emirates',0,'Cash on Delivery','','','','','2021-10-26 03:19:24','2021-10-26 03:19:24',NULL,'AED',NULL,10.00,1,0,0.00,'none',NULL,'[]',1,'',0,'','','',0,'',1,' 564696171',' 564696171','356210a0-b3e5-4ec4-a04f-18985587d3b7',0,NULL,NULL),(91,0.00,332,'Md Rakib Ur Raihan',NULL,'Opposite to Al Khaima hotel, Deira,  Dubai','Shaker Cafeteria building','Dubai','','AL','United Arab Emirates','','rakiburraihan818@gmail.com',NULL,'Md Rakib Ur Raihan',NULL,'Opposite to Al Khaima hotel, Deira,  Dubai','Shaker Cafeteria building','Dubai','','AL','United Arab Emirates',NULL,'Md Rakib Ur Raihan',NULL,'Opposite to Al Khaima hotel, Deira,  Dubai','Shaker Cafeteria building','Dubai','','AL','United Arab Emirates',0,'Cash on Delivery','','','','','2021-10-26 03:23:43','2021-10-26 03:23:43',NULL,'AED',NULL,20.00,2,0,0.00,'none',NULL,'[]',1,'',0,'','','',0,'',1,' 564696171',' 564696171','3ed1745b-867a-4b85-870b-c779ccf393ac',0,NULL,NULL),(92,0.00,332,'Md Rakib Ur Raihan',NULL,'Opposite to Al Khaima hotel, Deira,  Dubai','Shaker Cafeteria building','Dubai','','AL','United Arab Emirates','','rakiburraihan818@gmail.com',NULL,'Md Rakib Ur Raihan',NULL,'Opposite to Al Khaima hotel, Deira,  Dubai','Shaker Cafeteria building','Dubai','','AL','United Arab Emirates',NULL,'Md Rakib Ur Raihan',NULL,'Opposite to Al Khaima hotel, Deira,  Dubai','Shaker Cafeteria building','Dubai','','AL','United Arab Emirates',0,'Cash on Delivery','','','','','2021-10-26 04:09:35','2021-10-26 04:09:35',NULL,'AED',NULL,5.00,1,0,0.00,'none',NULL,'[]',1,'',0,'','','',0,'',1,' 564696171',' 564696171','a26a2476-891d-4eb1-9827-09865017e952',0,NULL,NULL),(93,0.00,332,'Md Rakib Ur Raihan',NULL,'Opposite to Al Khaima hotel, Deira,  Dubai','Shaker Cafeteria building','Dubai','','AL','United Arab Emirates','','rakiburraihan818@gmail.com',NULL,'Md Rakib Ur Raihan',NULL,'Opposite to Al Khaima hotel, Deira,  Dubai','Shaker Cafeteria building','Dubai','','AL','United Arab Emirates',NULL,'Md Rakib Ur Raihan',NULL,'Opposite to Al Khaima hotel, Deira,  Dubai','Shaker Cafeteria building','Dubai','','AL','United Arab Emirates',0,'Cash on Delivery','','','','','2021-10-26 10:38:05','2021-10-26 10:38:05',NULL,'AED',NULL,5.00,1,0,0.00,'none',NULL,'[]',1,'',0,'','','',0,'',1,' 564696171',' 564696171','ebe412fb-cc71-40e9-a094-289b337e8429',0,NULL,NULL),(94,0.00,332,'Md Rakib Ur Raihan',NULL,'Opposite to Al Khaima hotel, Deira,  Dubai','Shaker Cafeteria building','Dubai','','AL','United Arab Emirates','','rakiburraihan818@gmail.com',NULL,'Md Rakib Ur Raihan',NULL,'Opposite to Al Khaima hotel, Deira,  Dubai','Shaker Cafeteria building','Dubai','','AL','United Arab Emirates',NULL,'Md Rakib Ur Raihan',NULL,'Opposite to Al Khaima hotel, Deira,  Dubai','Shaker Cafeteria building','Dubai','','AL','United Arab Emirates',0,'Cash on Delivery','','','','','2021-10-26 15:23:45','2021-10-26 15:23:45',NULL,'AED',NULL,5.00,1,0,0.00,'none',NULL,'[]',1,'',0,'','','',0,'',1,' 564696171',' 564696171','e70a138a-9df0-4e4b-8e91-c172f1b9c8f7',0,NULL,NULL),(95,0.00,332,'Md Rakib Ur Raihan',NULL,'Opposite to Al Khaima hotel, Deira,  Dubai','Shaker Cafeteria building','Dubai','','AL','United Arab Emirates','','rakiburraihan818@gmail.com',NULL,'Md Rakib Ur Raihan',NULL,'Opposite to Al Khaima hotel, Deira,  Dubai','Shaker Cafeteria building','Dubai','','AL','United Arab Emirates',NULL,'Md Rakib Ur Raihan',NULL,'Opposite to Al Khaima hotel, Deira,  Dubai','Shaker Cafeteria building','Dubai','','AL','United Arab Emirates',0,'Cash on Delivery','','','','','2021-10-26 15:31:51','2021-10-26 15:31:51',NULL,'AED',NULL,10.00,1,0,0.00,'none',NULL,'[]',1,'',0,'','','',0,'',1,' 564696171',' 564696171','b1c91eb8-9443-4003-9d04-264d576b5697',0,NULL,NULL),(96,0.00,332,'Md Rakib Ur Raihan',NULL,'Opposite to Al Khaima hotel, Deira,  Dubai','Shaker Cafeteria building','Dubai','','AL','United Arab Emirates','','rakiburraihan818@gmail.com',NULL,'Md Rakib Ur Raihan',NULL,'Opposite to Al Khaima hotel, Deira,  Dubai','Shaker Cafeteria building','Dubai','','AL','United Arab Emirates',NULL,'Md Rakib Ur Raihan',NULL,'Opposite to Al Khaima hotel, Deira,  Dubai','Shaker Cafeteria building','Dubai','','AL','United Arab Emirates',0,'Cash on Delivery','','','','','2021-10-27 00:21:01','2021-10-27 00:21:01',NULL,'AED',NULL,5.00,1,0,0.00,'none',NULL,'[]',1,'',0,'','','',0,'',1,' 564696171',' 564696171','233fd4a2-4554-449e-b69d-57da5b832b32',0,NULL,NULL),(97,0.00,281,'Ali Jaber',NULL,'Al Falak','media 1','Dubai','','AL','Dubai','','a_j48@hotmail.com',NULL,'Ali Jaber',NULL,'Al Falak','media 1','Dubai','','AL','Dubai',NULL,'Ali Jaber',NULL,'Al Falak','media 1','Dubai','','AL','0',0,'Cash on Delivery','','','','','2021-10-27 07:25:05','2021-10-27 07:25:05',NULL,'AED',NULL,1.00,1,0,0.00,'none',NULL,'[]',1,'[{\"coupans_id\":11,\"code\":\"80\",\"date_created\":null,\"date_modified\":null,\"description\":null,\"discount_type\":\"percent\",\"amount\":80,\"expiry_date\":\"2021-10-31 00:00:00\",\"usage_count\":0,\"individual_use\":0,\"product_ids\":\"\",\"exclude_product_ids\":\"\",\"usage_limit\":null,\"usage_limit_per_user\":null,\"limit_usage_to_x_items\":0,\"free_shipping\":0,\"product_categories\":\"\",\"excluded_product_categories\":\"\",\"exclude_sale_items\":0,\"minimum_amount\":\"2.00\",\"maximum_amount\":\"10000.00\",\"email_restrictions\":\"\",\"used_by\":\",57,57,281,281,57,281,281,281,317,281\",\"created_at\":\"2021-09-21 17:21:18\",\"updated_at\":\"2021-10-05 20:13:34\"}]',4,'','','',0,'',1,' 0502801120',' 0502801120','d5a8be71-bf49-4e33-9c16-374849ee5532',0,NULL,NULL),(98,0.00,281,'Ali Jaber',NULL,'Al Falak','media 1','Dubai','','AL','Dubai','','a_j48@hotmail.com',NULL,'Ali Jaber',NULL,'Al Falak','media 1','Dubai','','AL','Dubai',NULL,'Ali Jaber',NULL,'Al Falak','media 1','Dubai','','AL','0',0,'Cash on Delivery','','','','','2021-10-27 07:28:15','2021-10-27 07:28:15',NULL,'AED',NULL,1.00,1,0,0.00,'none',NULL,'[]',1,'[{\"coupans_id\":11,\"code\":\"80\",\"date_created\":null,\"date_modified\":null,\"description\":null,\"discount_type\":\"percent\",\"amount\":80,\"expiry_date\":\"2021-10-31 00:00:00\",\"usage_count\":0,\"individual_use\":0,\"product_ids\":\"\",\"exclude_product_ids\":\"\",\"usage_limit\":null,\"usage_limit_per_user\":null,\"limit_usage_to_x_items\":0,\"free_shipping\":0,\"product_categories\":\"\",\"excluded_product_categories\":\"\",\"exclude_sale_items\":0,\"minimum_amount\":\"2.00\",\"maximum_amount\":\"10000.00\",\"email_restrictions\":\"\",\"used_by\":\",57,57,281,281,57,281,281,281,317,281,281\",\"created_at\":\"2021-09-21 17:21:18\",\"updated_at\":\"2021-10-05 20:13:34\"}]',4,'','','',0,'',1,' 0502801120',' 0502801120','fe6ad501-7a0b-413d-94c4-e47ae6b692c9',0,NULL,NULL),(99,0.00,281,'Ali Jaber',NULL,'Al Falak','media 1','Dubai','','AL','Dubai','','a_j48@hotmail.com',NULL,'Ali Jaber',NULL,'Al Falak','media 1','Dubai','','AL','Dubai',NULL,'Ali Jaber',NULL,'Al Falak','media 1','Dubai','','AL','0',0,'Cash on Delivery','','','','','2021-10-27 07:34:34','2021-10-27 07:34:34',NULL,'AED',NULL,1.00,1,0,0.00,'none',NULL,'[]',1,'[{\"coupans_id\":11,\"code\":\"80\",\"date_created\":null,\"date_modified\":null,\"description\":null,\"discount_type\":\"percent\",\"amount\":80,\"expiry_date\":\"2021-10-31 00:00:00\",\"usage_count\":0,\"individual_use\":0,\"product_ids\":\"\",\"exclude_product_ids\":\"\",\"usage_limit\":null,\"usage_limit_per_user\":null,\"limit_usage_to_x_items\":0,\"free_shipping\":0,\"product_categories\":\"\",\"excluded_product_categories\":\"\",\"exclude_sale_items\":0,\"minimum_amount\":\"2.00\",\"maximum_amount\":\"10000.00\",\"email_restrictions\":\"\",\"used_by\":\",57,57,281,281,57,281,281,281,317,281,281,281\",\"created_at\":\"2021-09-21 17:21:18\",\"updated_at\":\"2021-10-05 20:13:34\"}]',4,'','','',0,'',1,' 0502801120',' 0502801120','22d75f1b-d670-4508-a749-f8ddb101da56',0,NULL,NULL),(100,0.00,333,'Girish Agnani',NULL,'16a','903 al rostamani','Dubai','','AL','United Arab Emirates','','agnanigirish@gmail.com',NULL,'Girish Agnani',NULL,'16a','903 al rostamani','Dubai','','AL','United Arab Emirates',NULL,'Girish Agnani',NULL,'16a','903 al rostamani','Dubai','','AL','United Arab Emirates',0,'Cash on Delivery','','','','','2021-10-27 13:00:35','2021-10-27 13:00:35',NULL,'AED',NULL,15.00,2,0,0.00,'none',NULL,'[]',1,'',0,'','','',0,'',1,' 0501269270',' 0501269270','ec18ba88-a7b8-4feb-a686-8d10ab7c4bcb',0,NULL,NULL),(101,0.00,332,'Md Rakib Ur Raihan',NULL,'Opposite to Al Khaima hotel, Deira,  Dubai','Shaker Cafeteria building','Dubai','','AL','United Arab Emirates','','rakiburraihan818@gmail.com',NULL,'Md Rakib Ur Raihan',NULL,'Opposite to Al Khaima hotel, Deira,  Dubai','Shaker Cafeteria building','Dubai','','AL','United Arab Emirates',NULL,'Md Rakib Ur Raihan',NULL,'Opposite to Al Khaima hotel, Deira,  Dubai','Shaker Cafeteria building','Dubai','','AL','United Arab Emirates',0,'Cash on Delivery','','','','','2021-10-28 00:46:11','2021-10-28 00:46:11',NULL,'AED',NULL,5.00,1,0,0.00,'none',NULL,'[]',1,'',0,'','','',0,'',1,' 564696171',' 564696171','96e9edea-4848-4177-aa86-e1f1e62aaa81',0,NULL,NULL),(102,0.00,282,'Janice Barbacena',NULL,'35 Street','Union Coop Staff Accommodation, L4 Building, Lulu Village, Muhaisnah 4','Dubai','','AL','Dubai','','janice.mesina@yahoo.com',NULL,'Janice Barbacena',NULL,'35 Street','Union Coop Staff Accommodation, L4 Building, Lulu Village, Muhaisnah 4','Dubai','','AL','Dubai',NULL,'Janice Barbacena',NULL,'35 Street','Union Coop Staff Accommodation, L4 Building, Lulu Village, Muhaisnah 4','Dubai','','AL','0',0,'Cash on Delivery','','','','','2021-10-28 12:06:42','2021-10-28 12:06:42',NULL,'AED',NULL,20.00,2,0,0.00,'none',NULL,'[]',1,'',0,'','','',0,'',1,' 0559626554',' 0559626554','58d6431a-1517-45a5-b5eb-c348f6e80d04',0,NULL,NULL),(103,0.00,334,'Janice Mesina',NULL,'Lulu Village, Muhaisnah 4','Block L4, Building R293','Dubai','','AL','United Arab Emirates','','nicemesi14@gmail.com',NULL,'Janice Mesina',NULL,'Lulu Village, Muhaisnah 4','Block L4, Building R293','Dubai','','AL','United Arab Emirates',NULL,'Janice Mesina',NULL,'Lulu Village, Muhaisnah 4','Block L4, Building R293','Dubai','','AL','United Arab Emirates',0,'Cash on Delivery','','','','','2021-10-28 12:51:54','2021-10-28 12:51:54',NULL,'AED',NULL,5.00,1,0,0.00,'none',NULL,'[]',1,'',0,'','','',0,'',1,' 0509741484',' 0509741484','35b22162-2f92-48d9-82ac-67e22b98bc98',0,NULL,NULL),(104,0.00,141,'Kumar Thapa',NULL,'Al Reem Island,','Sorbonne University Al Reem Island, Abu Dhabi, Gate number 3,','Abu Dhabi','','AL','Dubai','','kumarthapa001989@yahoo.com',NULL,'Kumar Thapa',NULL,'Al Reem Island,','Sorbonne University Al Reem Island, Abu Dhabi, Gate number 3,','Abu Dhabi','','AL','Dubai',NULL,'Kumar Thapa',NULL,'Al Reem Island,','Sorbonne University Al Reem Island, Abu Dhabi, Gate number 3,','Abu Dhabi','','AL','0',0,'Cash on Delivery','','','','','2021-10-28 12:57:47','2021-10-28 12:57:47',NULL,'AED',NULL,16.00,2,0,0.00,'none',NULL,'[]',1,'[{\"coupans_id\":9,\"code\":\"Kumar20\",\"date_created\":null,\"date_modified\":null,\"description\":null,\"discount_type\":\"percent\",\"amount\":20,\"expiry_date\":\"2021-10-31 00:00:00\",\"usage_count\":0,\"individual_use\":1,\"product_ids\":\"\",\"exclude_product_ids\":\"\",\"usage_limit\":null,\"usage_limit_per_user\":null,\"limit_usage_to_x_items\":0,\"free_shipping\":0,\"product_categories\":\"\",\"excluded_product_categories\":\"\",\"exclude_sale_items\":0,\"minimum_amount\":\"10.00\",\"maximum_amount\":\"10000.00\",\"email_restrictions\":\"\",\"used_by\":\"\",\"created_at\":\"2021-09-05 12:33:21\",\"updated_at\":\"2021-10-28 12:52:32\"}]',4,'','','',0,'',1,' +971561808428',' +971561808428','9fded4b2-4631-4403-95f8-9c2e6c477bd8',0,NULL,NULL),(105,0.00,282,'Janice Barbacena',NULL,'35 Street','Union Coop Staff Accommodation, L4 Building, Lulu Village, Muhaisnah 4','Dubai','','AL','Dubai','','janice.mesina@yahoo.com',NULL,'Janice Barbacena',NULL,'35 Street','Union Coop Staff Accommodation, L4 Building, Lulu Village, Muhaisnah 4','Dubai','','AL','Dubai',NULL,'Janice Barbacena',NULL,'35 Street','Union Coop Staff Accommodation, L4 Building, Lulu Village, Muhaisnah 4','Dubai','','AL','0',0,'Cash on Delivery','','','','','2021-10-28 13:03:02','2021-10-28 13:03:02',NULL,'AED',NULL,20.00,2,0,0.00,'none',NULL,'[]',1,'',0,'','','',0,'',1,' 0559626554',' 0559626554','af26d23f-d1ea-47d8-8d4d-0d3daeb54955',0,NULL,NULL),(106,0.00,332,'Md Rakib Ur Raihan',NULL,'Opposite to Al Khaima hotel, Deira,  Dubai','Shaker Cafeteria building','Dubai','','AL','United Arab Emirates','','rakiburraihan818@gmail.com',NULL,'Md Rakib Ur Raihan',NULL,'Opposite to Al Khaima hotel, Deira,  Dubai','Shaker Cafeteria building','Dubai','','AL','United Arab Emirates',NULL,'Md Rakib Ur Raihan',NULL,'Opposite to Al Khaima hotel, Deira,  Dubai','Shaker Cafeteria building','Dubai','','AL','United Arab Emirates',0,'Cash on Delivery','','','','','2021-10-29 03:47:09','2021-10-29 03:47:09',NULL,'AED',NULL,5.00,1,0,0.00,'none',NULL,'[]',1,'',0,'','','',0,'',1,' 564696171',' 564696171','7477cd5b-e9ed-408f-a565-c010423cfc49',0,NULL,NULL),(107,0.00,336,'Mary Ann Ocampo',NULL,'Al Qusais 1','14 Sheikh Colony, Building 14','Dubai','','AL','United Arab Emirates','','nathaliesheinne26@gmail.com',NULL,'Mary Ann Ocampo',NULL,'Al Qusais 1','14 Sheikh Colony, Building 14','Dubai','','AL','United Arab Emirates',NULL,'Mary Ann Ocampo',NULL,'Al Qusais 1','14 Sheikh Colony, Building 14','Dubai','','AL','United Arab Emirates',0,'Cash on Delivery','','','','','2021-10-29 04:48:22','2021-10-29 04:48:22',NULL,'AED',NULL,5.00,1,0,0.00,'none',NULL,'[]',1,'',0,'','','',0,'',1,' 556554504',' 556554504','91b2509b-ff8b-4a9f-98a2-120152cde621',0,NULL,NULL),(108,0.00,336,'Mary Ann Ocampo',NULL,'Al Qusais 1','14 Sheikh Colony, Building 14','Dubai','','AL','United Arab Emirates','','nathaliesheinne26@gmail.com',NULL,'Mary Ann Ocampo',NULL,'Al Qusais 1','14 Sheikh Colony, Building 14','Dubai','','AL','United Arab Emirates',NULL,'Mary Ann Ocampo',NULL,'Al Qusais 1','14 Sheikh Colony, Building 14','Dubai','','AL','United Arab Emirates',0,'Cash on Delivery','','','','','2021-10-29 04:59:14','2021-10-29 04:59:14',NULL,'AED',NULL,20.00,2,0,0.00,'none',NULL,'[]',1,'',0,'','','',0,'',1,' 556554504',' 556554504','e2e42446-3550-4c41-be1c-055e156c3832',0,NULL,NULL),(109,0.00,338,'Momin Mohamed qasim Mustafa',NULL,'Sonapur','18st Union Coop Staff Accommodation Big Camp','Dubai','','AL','United Arab Emirates','','qasim4momin@gmail.com',NULL,'Momin Mohamed qasim Mustafa',NULL,'Sonapur','18st Union Coop Staff Accommodation Big Camp','Dubai','','AL','United Arab Emirates',NULL,'Momin Mohamed qasim Mustafa',NULL,'Sonapur','18st Union Coop Staff Accommodation Big Camp','Dubai','','AL','United Arab Emirates',0,'Cash on Delivery','','','','','2021-10-29 06:06:16','2021-10-29 06:06:16',NULL,'AED',NULL,5.00,1,0,0.00,'none',NULL,'[]',1,'',0,'','','',0,'',1,' 0529088094',' 0529088094','98dcf0ca-1ba3-4e1d-afe6-16b9ae264607',0,NULL,NULL),(110,0.00,338,'Momin Mohamed qasim Mustafa',NULL,'Sonapur','18st Union Coop Staff Accommodation Big Camp','Dubai','','AL','United Arab Emirates','','qasim4momin@gmail.com',NULL,'Momin Mohamed qasim Mustafa',NULL,'Sonapur','18st Union Coop Staff Accommodation Big Camp','Dubai','','AL','United Arab Emirates',NULL,'Momin Mohamed qasim Mustafa',NULL,'Sonapur','18st Union Coop Staff Accommodation Big Camp','Dubai','','AL','United Arab Emirates',0,'Cash on Delivery','','','','','2021-10-29 06:18:01','2021-10-29 06:18:01',NULL,'AED',NULL,15.00,2,0,0.00,'none',NULL,'[]',1,'',0,'','','',0,'',1,' 0529088094',' 0529088094','613da4d4-9a3e-40ca-aee3-4a2e63334190',0,NULL,NULL),(111,0.00,282,'Janice Barbacena',NULL,'35 Street','Union Coop Staff Accommodation, L4 Building, Lulu Village, Muhaisnah 4','Dubai','','AL','Dubai','','janice.mesina@yahoo.com',NULL,'Janice Barbacena',NULL,'35 Street','Union Coop Staff Accommodation, L4 Building, Lulu Village, Muhaisnah 4','Dubai','','AL','Dubai',NULL,'Janice Barbacena',NULL,'35 Street','Union Coop Staff Accommodation, L4 Building, Lulu Village, Muhaisnah 4','Dubai','','AL','0',0,'Cash on Delivery','','','','','2021-10-29 08:36:52','2021-10-29 08:36:52',NULL,'AED',NULL,40.00,4,0,0.00,'none',NULL,'[]',1,'',0,'','','',0,'',1,' 0559626554',' 0559626554','07fc1385-f840-43ae-9e58-6eaa8af0c924',0,NULL,NULL),(112,0.00,334,'Janice Mesina',NULL,'Lulu Village, Muhaisnah 4','Block L4, Building R293','Dubai','','AL','United Arab Emirates','','nicemesi14@gmail.com',NULL,'Janice Mesina',NULL,'Lulu Village, Muhaisnah 4','Block L4, Building R293','Dubai','','AL','United Arab Emirates',NULL,'Janice Mesina',NULL,'Lulu Village, Muhaisnah 4','Block L4, Building R293','Dubai','','AL','United Arab Emirates',0,'Cash on Delivery','','','','','2021-10-29 11:07:34','2021-10-29 11:07:34',NULL,'AED',NULL,15.00,2,0,0.00,'none',NULL,'[]',1,'',0,'','','',0,'',1,' 50 974 1484',' 50 974 1484','0a4c1620-3383-4ead-9f58-8480cc651854',0,NULL,NULL),(113,0.00,282,'Janice Barbacena',NULL,'35 Street','Union Coop Staff Accommodation, L4 Building, Lulu Village, Muhaisnah 4','Dubai','','AL','Dubai','','janice.mesina@yahoo.com',NULL,'Janice Barbacena',NULL,'35 Street','Union Coop Staff Accommodation, L4 Building, Lulu Village, Muhaisnah 4','Dubai','','AL','Dubai',NULL,'Janice Barbacena',NULL,'35 Street','Union Coop Staff Accommodation, L4 Building, Lulu Village, Muhaisnah 4','Dubai','','AL','0',0,'Cash on Delivery','','','','','2021-10-29 11:20:21','2021-10-29 11:20:21',NULL,'AED',NULL,35.00,4,0,0.00,'none',NULL,'[]',1,'',0,'','','',0,'',1,' 0559626554',' 0559626554','f81fadf7-d142-4bee-a87d-343b85e58543',0,NULL,NULL),(114,0.00,332,'Md Rakib Ur Raihan',NULL,'Opposite to Al Khaima hotel, Deira,  Dubai','Shaker Cafeteria building','Dubai','','AL','United Arab Emirates','','rakiburraihan818@gmail.com',NULL,'Md Rakib Ur Raihan',NULL,'Opposite to Al Khaima hotel, Deira,  Dubai','Shaker Cafeteria building','Dubai','','AL','United Arab Emirates',NULL,'Md Rakib Ur Raihan',NULL,'Opposite to Al Khaima hotel, Deira,  Dubai','Shaker Cafeteria building','Dubai','','AL','United Arab Emirates',0,'Cash on Delivery','','','','','2021-10-29 20:41:38','2021-10-29 20:41:38',NULL,'AED',NULL,5.00,1,0,0.00,'none',NULL,'[]',1,'',0,'','','',0,'',1,' 564696171',' 564696171','64ca0336-ce2e-47ae-93e0-d5bf63984ec1',0,NULL,NULL),(115,0.00,340,'Irfan Deen',NULL,'Sonapur','Union Coop Staff Accommodation','Dubai','','AL','United Arab Emirates','','ecinaj14@icloud.com',NULL,'Irfan Deen',NULL,'Sonapur','Union Coop Staff Accommodation','Dubai','','AL','United Arab Emirates',NULL,'Irfan Deen',NULL,'Sonapur','Union Coop Staff Accommodation','Dubai','','AL','United Arab Emirates',0,'Cash on Delivery','','','','','2021-10-30 04:46:30','2021-10-30 04:46:30',NULL,'AED',NULL,5.00,1,0,0.00,'none',NULL,'[]',1,'',0,'','','',0,'',1,' 553220659',' 553220659','0b2829d0-57bd-4e2c-9a5f-d49d64a538f1',0,NULL,NULL),(116,0.00,340,'Irfan Deen',NULL,'Sonapur','Union Coop Staff Accommodation','Dubai','','AL','United Arab Emirates','','ecinaj14@icloud.com',NULL,'Irfan Deen',NULL,'Sonapur','Union Coop Staff Accommodation','Dubai','','AL','United Arab Emirates',NULL,'Irfan Deen',NULL,'Sonapur','Union Coop Staff Accommodation','Dubai','','AL','United Arab Emirates',0,'Cash on Delivery','','','','','2021-10-30 04:51:38','2021-10-30 04:51:38',NULL,'AED',NULL,15.00,2,0,0.00,'none',NULL,'[]',1,'',0,'','','',0,'',1,' 553220659',' 553220659','fab86f33-ff29-4856-b44a-f2b0de0d6e4f',0,NULL,NULL),(117,0.00,344,'Hermora Adilon',NULL,'Wasel building','Lulu village','Dubai','','AL','United Arab Emirates','','hera.adilon86@gmail.com',NULL,'Hermora Adilon',NULL,'Wasel building','Lulu village','Dubai','','AL','United Arab Emirates',NULL,'Hermora Adilon',NULL,'Wasel building','Lulu village','Dubai','','AL','United Arab Emirates',0,'Cash on Delivery','','','','','2021-10-30 23:14:35','2021-10-30 23:14:35',NULL,'AED',NULL,5.00,1,0,0.00,'none',NULL,'[]',1,'',0,'','','',0,'',1,' 0528971511',' 0528971511','acf33e4c-c9bc-415a-9d1e-03af487b767d',0,NULL,NULL),(118,0.00,332,'Md Rakib Ur Raihan',NULL,'Opposite to Al Khaima hotel, Deira,  Dubai','Shaker Cafeteria building','Dubai','','AL','United Arab Emirates','','rakiburraihan818@gmail.com',NULL,'Md Rakib Ur Raihan',NULL,'Opposite to Al Khaima hotel, Deira,  Dubai','Shaker Cafeteria building','Dubai','','AL','United Arab Emirates',NULL,'Md Rakib Ur Raihan',NULL,'Opposite to Al Khaima hotel, Deira,  Dubai','Shaker Cafeteria building','Dubai','','AL','United Arab Emirates',0,'Cash on Delivery','','','','','2021-10-31 01:12:26','2021-10-31 01:12:26',NULL,'AED',NULL,5.00,1,0,0.00,'none',NULL,'[]',1,'',0,'','','',0,'',1,' 564696171',' 564696171','38cc05e1-09e0-44f6-9033-d39d1e419c05',0,NULL,NULL),(119,0.00,347,'Manylyn Benedictos',NULL,'32b street al tawar 1','Villa5','Dubai','','AL','United Arab Emirates','','benedictoslen@gmail.com',NULL,'Manylyn Benedictos',NULL,'32b street al tawar 1','Villa5','Dubai','','AL','United Arab Emirates',NULL,'Manylyn Benedictos',NULL,'32b street al tawar 1','Villa5','Dubai','','AL','United Arab Emirates',0,'Cash on Delivery','','','','','2021-10-31 02:27:39','2021-10-31 02:27:39',NULL,'AED',NULL,5.00,1,0,0.00,'none',NULL,'[]',1,'',0,'','','',0,'',1,' 0553378054',' 0553378054','7a56f45b-9eab-478e-9ac2-3fb4b26a99eb',0,NULL,NULL),(120,0.00,282,'Janice Barbacena',NULL,'35 Street','Union Coop Staff Accommodation, L4 Building, Lulu Village, Muhaisnah 4','Dubai','','AL','Dubai','','janice.mesina@yahoo.com',NULL,'Janice Barbacena',NULL,'35 Street','Union Coop Staff Accommodation, L4 Building, Lulu Village, Muhaisnah 4','Dubai','','AL','Dubai',NULL,'Janice Barbacena',NULL,'35 Street','Union Coop Staff Accommodation, L4 Building, Lulu Village, Muhaisnah 4','Dubai','','AL','0',0,'Cash on Delivery','','','','','2021-10-31 10:52:43','2021-10-31 10:52:43',NULL,'AED',NULL,85.00,7,0,20.00,'none',NULL,'[]',1,'',0,'','','',0,'',1,' 0559626554',' 0559626554','382db3dd-f720-41f6-9481-97b2549dbedc',0,NULL,NULL),(121,0.00,346,'Maryjane Usama',NULL,'36','Villa 25','Dubai','','AL','United Arab Emirates','','mj_honeydwrench90@yahoo.com',NULL,'Maryjane Usama',NULL,'36','Villa 25','Dubai','','AL','United Arab Emirates',NULL,'Maryjane Usama',NULL,'36','Villa 25','Dubai','','AL','United Arab Emirates',0,'Cash on Delivery','','','','','2021-10-31 11:27:08','2021-10-31 11:27:08',NULL,'AED',NULL,5.00,1,0,0.00,'none',NULL,'[]',1,'',0,'','','',0,'',1,' 0528843593',' 0528843593','d564ba96-50b2-4c7c-b328-a83d636f7d4f',0,NULL,NULL),(122,0.00,332,'Md Rakib Ur Raihan',NULL,'Opposite to Al Khaima hotel, Deira,  Dubai','Shaker Cafeteria building','Dubai','','AL','United Arab Emirates','','rakiburraihan818@gmail.com',NULL,'Md Rakib Ur Raihan',NULL,'Opposite to Al Khaima hotel, Deira,  Dubai','Shaker Cafeteria building','Dubai','','AL','United Arab Emirates',NULL,'Md Rakib Ur Raihan',NULL,'Opposite to Al Khaima hotel, Deira,  Dubai','Shaker Cafeteria building','Dubai','','AL','United Arab Emirates',0,'Cash on Delivery','','','','','2021-10-31 15:06:40','2021-10-31 15:06:40',NULL,'AED',NULL,20.00,2,0,0.00,'none',NULL,'[]',1,'',0,'','','',0,'',1,' 564696171',' 564696171','23f10229-129e-4f5f-95ff-cdc4e043f7ab',0,NULL,NULL),(123,0.00,350,'naluis lury',NULL,'lulu village','building L4','Dubai','','AL','United Arab Emirates','','lambayanjewelricky@gmail.com',NULL,'naluis lury',NULL,'lulu village','building L4','Dubai','','AL','United Arab Emirates',NULL,'naluis lury',NULL,'lulu village','building L4','Dubai','','AL','United Arab Emirates',0,'Cash on Delivery','','','','','2021-11-01 05:33:33','2021-11-01 05:33:33',NULL,'AED',NULL,5.00,1,0,0.00,'none',NULL,'[]',1,'',0,'','','',0,'',1,' 551816232',' 551816232','4de01f2c-02f8-4655-8213-e15083d46dd5',0,NULL,NULL),(124,0.00,332,'Md Rakib Ur Raihan',NULL,'Opposite to Al Khaima hotel, Deira,  Dubai','Shaker Cafeteria building','Dubai','','AL','United Arab Emirates','','rakiburraihan818@gmail.com',NULL,'Md Rakib Ur Raihan',NULL,'Opposite to Al Khaima hotel, Deira,  Dubai','Shaker Cafeteria building','Dubai','','AL','United Arab Emirates',NULL,'Md Rakib Ur Raihan',NULL,'Opposite to Al Khaima hotel, Deira,  Dubai','Shaker Cafeteria building','Dubai','','AL','United Arab Emirates',0,'Cash on Delivery','','','','','2021-11-01 15:02:28','2021-11-01 15:02:28',NULL,'AED',NULL,5.00,1,0,0.00,'none',NULL,'[]',1,'',0,'','','',0,'',1,' 564696171',' 564696171','6797d04d-c44b-4bf3-978f-b8b2ebccd9a7',0,NULL,NULL),(125,0.00,281,'Ali Jaber',NULL,'Al Falak','media 1','Dubai','','AL','Dubai','','a_j48@hotmail.com',NULL,'Ali Jaber',NULL,'Al Falak','media 1','Dubai','','AL','Dubai',NULL,'Ali Jaber',NULL,'Al Falak','media 1','Dubai','','AL','0',0,'Cash on Delivery','','','','','2021-11-01 23:14:13','2021-11-01 23:14:13',NULL,'AED',NULL,1.00,1,0,0.00,'none',NULL,'[]',1,'[{\"coupans_id\":11,\"code\":\"80\",\"date_created\":null,\"date_modified\":null,\"description\":null,\"discount_type\":\"percent\",\"amount\":80,\"expiry_date\":\"2021-12-31 00:00:00\",\"usage_count\":0,\"individual_use\":0,\"product_ids\":\"\",\"exclude_product_ids\":\"\",\"usage_limit\":null,\"usage_limit_per_user\":null,\"limit_usage_to_x_items\":0,\"free_shipping\":0,\"product_categories\":\"\",\"excluded_product_categories\":\"\",\"exclude_sale_items\":0,\"minimum_amount\":\"2.00\",\"maximum_amount\":\"10000.00\",\"email_restrictions\":\"\",\"used_by\":\"\",\"created_at\":\"2021-09-21 17:21:18\",\"updated_at\":\"2021-11-01 12:52:12\"}]',4,'','','',0,'',1,' 0502801120',' 0502801120','e70e1a88-f5b0-44ae-9ae5-8976b64d2214',0,NULL,NULL),(126,0.00,281,'Ali Jaber',NULL,'Al Falak','media 1','Dubai','','AL','Dubai','','a_j48@hotmail.com',NULL,'Ali Jaber',NULL,'Al Falak','media 1','Dubai','','AL','Dubai',NULL,'Ali Jaber',NULL,'Al Falak','media 1','Dubai','','AL','0',0,'Cash on Delivery','','','','','2021-11-01 23:22:28','2021-11-01 23:22:28',NULL,'AED',NULL,1.00,1,0,0.00,'none',NULL,'[]',1,'[{\"coupans_id\":11,\"code\":\"80\",\"date_created\":null,\"date_modified\":null,\"description\":null,\"discount_type\":\"percent\",\"amount\":80,\"expiry_date\":\"2021-12-31 00:00:00\",\"usage_count\":0,\"individual_use\":0,\"product_ids\":\"\",\"exclude_product_ids\":\"\",\"usage_limit\":null,\"usage_limit_per_user\":null,\"limit_usage_to_x_items\":0,\"free_shipping\":0,\"product_categories\":\"\",\"excluded_product_categories\":\"\",\"exclude_sale_items\":0,\"minimum_amount\":\"2.00\",\"maximum_amount\":\"10000.00\",\"email_restrictions\":\"\",\"used_by\":\",281\",\"created_at\":\"2021-09-21 17:21:18\",\"updated_at\":\"2021-11-01 12:52:12\"}]',4,'','','',0,'',1,' 0502801120',' 0502801120','98acea59-0d20-45d5-b735-23152c33eac6',0,NULL,NULL),(127,0.00,317,'Ali Jaber',NULL,'Al Falak','Media 1','Dubai','','AL','United Arab Emirates','','ali.jaber@winztime.com',NULL,'Ali Jaber',NULL,'Al Falak','Media 1','Dubai','','AL','United Arab Emirates',NULL,'Ali Jaber',NULL,'Al Falak','Media 1','Dubai','','AL','United Arab Emirates',0,'Cash on Delivery','','','','','2021-11-02 12:07:30','2021-11-02 12:07:30',NULL,'AED',NULL,1.00,1,0,0.00,'none',NULL,'[]',1,'[{\"coupans_id\":11,\"code\":\"80\",\"date_created\":null,\"date_modified\":null,\"description\":null,\"discount_type\":\"percent\",\"amount\":80,\"expiry_date\":\"2021-12-31 00:00:00\",\"usage_count\":0,\"individual_use\":0,\"product_ids\":\"\",\"exclude_product_ids\":\"\",\"usage_limit\":null,\"usage_limit_per_user\":null,\"limit_usage_to_x_items\":0,\"free_shipping\":0,\"product_categories\":\"\",\"excluded_product_categories\":\"\",\"exclude_sale_items\":0,\"minimum_amount\":\"2.00\",\"maximum_amount\":\"10000.00\",\"email_restrictions\":\"\",\"used_by\":\",281,281\",\"created_at\":\"2021-09-21 17:21:18\",\"updated_at\":\"2021-11-01 12:52:12\"}]',4,'','','',0,'',1,' 502801120',' 502801120','c840c742-0562-464f-a374-4c9b770dd992',0,NULL,NULL),(128,0.00,361,'Gupta Poonam',NULL,'Damascus Street','606 kasco tower Damascus Street Qusais Industrial Area 3 Qusais','Dubai','','AL','United Arab Emirates','','poonamgupta808@gmail.com',NULL,'Gupta Poonam',NULL,'Damascus Street','606 kasco tower Damascus Street Qusais Industrial Area 3 Qusais','Dubai','','AL','United Arab Emirates',NULL,'Gupta Poonam',NULL,'Damascus Street','606 kasco tower Damascus Street Qusais Industrial Area 3 Qusais','Dubai','','AL','United Arab Emirates',0,'Cash on Delivery','','','','','2021-11-02 14:52:03','2021-11-02 14:52:03',NULL,'AED',NULL,30.00,1,0,20.00,'none',NULL,'[]',1,'',0,'','','',0,'',1,' 0581783012',' 0581783012','7669a3d4-40e4-4686-9987-44f88d6d10b3',0,NULL,NULL),(129,0.00,64,'Abir Jaber',NULL,'Al furjan','Azizi feiroz apt 508','Dubai','','AL','Dubai','','abirjaber24@gmail.com',NULL,'Abir Jaber',NULL,'Al furjan','Azizi feiroz apt 508','Dubai','','AL','Dubai',NULL,'Abir Jaber',NULL,'Al furjan','Azizi feiroz apt 508','Dubai','','AL','0',0,'Cash on Delivery','','','','','2021-11-02 16:26:00','2021-11-02 16:26:00',NULL,'AED',NULL,20.00,2,0,0.00,'none',NULL,'[]',1,'',0,'','','',0,'',1,' 567594147',' 567594147','2039f292-01d6-4399-8b14-edcf368673ff',0,NULL,NULL),(130,0.00,332,'Md Rakib Ur Raihan',NULL,'Opposite to Al Khaima hotel, Deira,  Dubai','Shaker Cafeteria building','Dubai','','AL','United Arab Emirates','','rakiburraihan818@gmail.com',NULL,'Md Rakib Ur Raihan',NULL,'Opposite to Al Khaima hotel, Deira,  Dubai','Shaker Cafeteria building','Dubai','','AL','United Arab Emirates',NULL,'Md Rakib Ur Raihan',NULL,'Opposite to Al Khaima hotel, Deira,  Dubai','Shaker Cafeteria building','Dubai','','AL','United Arab Emirates',0,'Cash on Delivery','','','','','2021-11-03 00:56:45','2021-11-03 00:56:45',NULL,'AED',NULL,5.00,1,0,0.00,'none',NULL,'[]',1,'',0,'','','',0,'',1,' 564696171',' 564696171','0999ed00-6152-4516-aa3b-ef070fc0d73f',0,NULL,NULL),(131,0.00,362,'Amir Abdullah',NULL,'air port road','Al Fajer business center. Garhoud dubai','Dubai','','AL','United Arab Emirates','','uff_yeah@hotmail.com',NULL,'Amir Abdullah',NULL,'air port road','Al Fajer business center. Garhoud dubai','Dubai','','AL','United Arab Emirates',NULL,'Amir Abdullah',NULL,'air port road','Al Fajer business center. Garhoud dubai','Dubai','','AL','United Arab Emirates',0,'Cash on Delivery','','','','','2021-11-03 19:25:27','2021-11-03 19:25:27',NULL,'AED',NULL,50.00,5,0,0.00,'none',NULL,'[]',1,'',0,'','','',0,'',1,' 0505886259',' 0505886259','eea2a759-afcc-4d8c-90a3-52cb5566ce67',0,NULL,NULL),(132,0.00,282,'Janice Barbacena',NULL,'35 Street','Union Coop Staff Accommodation, L4 Building, Lulu Village, Muhaisnah 4','Dubai','','AL','Dubai','','janice.mesina@yahoo.com',NULL,'Janice Barbacena',NULL,'35 Street','Union Coop Staff Accommodation, L4 Building, Lulu Village, Muhaisnah 4','Dubai','','AL','Dubai',NULL,'Janice Barbacena',NULL,'35 Street','Union Coop Staff Accommodation, L4 Building, Lulu Village, Muhaisnah 4','Dubai','','AL','0',0,'Cash on Delivery','','','','','2021-11-03 21:06:46','2021-11-03 21:06:46',NULL,'AED',NULL,115.00,10,0,20.00,'none',NULL,'[]',1,'',0,'','','',0,'',1,' 0559626554',' 0559626554','9656c179-0396-40df-b597-98ed67ca47c7',0,NULL,NULL),(133,0.00,332,'Md Rakib Ur Raihan',NULL,'Opposite to Al Khaima hotel, Deira,  Dubai','Shaker Cafeteria building','Dubai','','AL','United Arab Emirates','','rakiburraihan818@gmail.com',NULL,'Md Rakib Ur Raihan',NULL,'Opposite to Al Khaima hotel, Deira,  Dubai','Shaker Cafeteria building','Dubai','','AL','United Arab Emirates',NULL,'Md Rakib Ur Raihan',NULL,'Opposite to Al Khaima hotel, Deira,  Dubai','Shaker Cafeteria building','Dubai','','AL','United Arab Emirates',0,'Cash on Delivery','','','','','2021-11-04 12:34:19','2021-11-04 12:34:19',NULL,'AED',NULL,5.00,1,0,0.00,'none',NULL,'[]',1,'',0,'','','',0,'',1,' 564696171',' 564696171','2fe80f09-6589-401b-943b-cd5e723c2e63',0,NULL,NULL),(134,0.00,281,'Ali Jaber',NULL,'Al Falak','media 1','Dubai','','AL','Dubai','','a_j48@hotmail.com',NULL,'Ali Jaber',NULL,'Al Falak','media 1','Dubai','','AL','Dubai',NULL,'Ali Jaber',NULL,'Al Falak','media 1','Dubai','','AL','0',0,'Cash on Delivery','','','','','2021-11-05 07:31:44','2021-11-05 07:31:44',NULL,'AED',NULL,1.00,1,0,0.00,'none',NULL,'[]',1,'[{\"coupans_id\":11,\"code\":\"80\",\"date_created\":null,\"date_modified\":null,\"description\":null,\"discount_type\":\"percent\",\"amount\":80,\"expiry_date\":\"2021-12-31 00:00:00\",\"usage_count\":0,\"individual_use\":0,\"product_ids\":\"\",\"exclude_product_ids\":\"\",\"usage_limit\":null,\"usage_limit_per_user\":null,\"limit_usage_to_x_items\":0,\"free_shipping\":0,\"product_categories\":\"\",\"excluded_product_categories\":\"\",\"exclude_sale_items\":0,\"minimum_amount\":\"2.00\",\"maximum_amount\":\"10000.00\",\"email_restrictions\":\"\",\"used_by\":\",281,281,317\",\"created_at\":\"2021-09-21 17:21:18\",\"updated_at\":\"2021-11-01 12:52:12\"}]',4,'','','',0,'',1,' 0502801120',' 0502801120','0beb90b2-464c-434e-957f-7af40295e632',0,NULL,NULL),(135,0.00,365,'Nasser Youssef',NULL,'9 b street','Home 13','Dubai','','AL','United Arab Emirates','','ae_dxb@hotmail.com',NULL,'Nasser Youssef',NULL,'9 b street','Home 13','Dubai','','AL','United Arab Emirates',NULL,'Nasser Youssef',NULL,'9 b street','Home 13','Dubai','','AL','United Arab Emirates',0,'Cash on Delivery','','','','','2021-11-05 08:51:30','2021-11-05 08:51:30',NULL,'AED',NULL,30.00,1,0,20.00,'none',NULL,'[]',1,'',0,'','','',0,'',1,' 0562919932',' 0562919932','0644dfd6-5dd3-4bb3-b2f2-1e7065eaada1',0,NULL,NULL),(136,0.00,281,'Ali Jaber',NULL,'Al Falak','media 1','Dubai','','AL','Dubai','','a_j48@hotmail.com',NULL,'Ali Jaber',NULL,'Al Falak','media 1','Dubai','','AL','Dubai',NULL,'Ali Jaber',NULL,'Al Falak','media 1','Dubai','','AL','0',0,'Cash on Delivery','','','','','2021-11-05 09:56:51','2021-11-05 09:56:51',NULL,'AED',NULL,30.00,1,0,20.00,'none',NULL,'[]',1,'',0,'','','',0,'',1,' 0502801120',' 0502801120','9dbf1c6f-fb99-49ec-bad4-fa02877835e8',0,NULL,NULL),(137,0.00,282,'Janice Barbacena',NULL,'35 Street','Union Coop Staff Accommodation, L4 Building, Lulu Village, Muhaisnah 4','Dubai','','AL','Dubai','','janice.mesina@yahoo.com',NULL,'Janice Barbacena',NULL,'35 Street','Union Coop Staff Accommodation, L4 Building, Lulu Village, Muhaisnah 4','Dubai','','AL','Dubai',NULL,'Janice Barbacena',NULL,'35 Street','Union Coop Staff Accommodation, L4 Building, Lulu Village, Muhaisnah 4','Dubai','','AL','0',0,'Cash on Delivery','','','','','2021-11-05 10:05:25','2021-11-05 10:05:25',NULL,'AED',NULL,5.00,1,0,0.00,'none',NULL,'[]',1,'',0,'','','',0,'',1,' 0559626554',' 0559626554','daf3c0a4-512c-4e52-93f8-ff0161af399e',0,NULL,NULL),(138,0.00,368,'Ali jamil',NULL,'7','Azizi Feirouz building 508','Dubai','','AL','United Arab Emirates','','kingali24@hotmail.com',NULL,'Ali jamil',NULL,'7','Azizi Feirouz building 508','Dubai','','AL','United Arab Emirates',NULL,'Ali jamil',NULL,'7','Azizi Feirouz building 508','Dubai','','AL','United Arab Emirates',0,'Cash on Delivery','','','','','2021-11-05 19:40:11','2021-11-05 19:40:11',NULL,'AED',NULL,1.00,1,0,0.00,'none',NULL,'[]',1,'[{\"coupans_id\":11,\"code\":\"80\",\"date_created\":null,\"date_modified\":null,\"description\":null,\"discount_type\":\"percent\",\"amount\":80,\"expiry_date\":\"2021-12-31 00:00:00\",\"usage_count\":0,\"individual_use\":0,\"product_ids\":\"\",\"exclude_product_ids\":\"\",\"usage_limit\":null,\"usage_limit_per_user\":null,\"limit_usage_to_x_items\":0,\"free_shipping\":0,\"product_categories\":\"\",\"excluded_product_categories\":\"\",\"exclude_sale_items\":0,\"minimum_amount\":\"2.00\",\"maximum_amount\":\"10000.00\",\"email_restrictions\":\"\",\"used_by\":\",281,281,317,281\",\"created_at\":\"2021-09-21 17:21:18\",\"updated_at\":\"2021-11-01 12:52:12\"}]',4,'','','',0,'',1,' 502801120',' 502801120','db20f8a2-4d22-42e4-8795-00d9623aa17c',0,NULL,NULL),(139,0.00,81,'Majid Ali Khan',NULL,'Damascus Street Qusais Dubai','Al Fahad 4 apartment 112','Dubai','','AL','Dubai','','Alimajid539@Gmail.com',NULL,'Majid Ali Khan',NULL,'Damascus Street Qusais Dubai','Al Fahad 4 apartment 112','Dubai','','AL','Dubai',NULL,'Majid Ali Khan',NULL,'Damascus Street Qusais Dubai','Al Fahad 4 apartment 112','Dubai','','AL','0',0,'Cash on Delivery','','','','','2021-11-06 10:53:06','2021-11-06 10:53:06',NULL,'AED',NULL,30.00,3,0,0.00,'none',NULL,'[]',1,'',0,'','','',0,'',1,' 0528378448',' 0528378448','9d4b8bab-ca6c-48d9-9b83-d6e6179cedb6',0,NULL,NULL),(140,0.00,371,'Sunil Mirchandani',NULL,'Al fahidi street','Bank of Baroda Bldg flat # 707','Dubai','','AL','United Arab Emirates','','perfecto@emirates.net.ae',NULL,'Sunil Mirchandani',NULL,'Al fahidi street','Bank of Baroda Bldg flat # 707','Dubai','','AL','United Arab Emirates',NULL,'Sunil Mirchandani',NULL,'Al fahidi street','Bank of Baroda Bldg flat # 707','Dubai','','AL','United Arab Emirates',0,'Cash on Delivery','','','','','2021-11-06 12:05:54','2021-11-06 12:05:54',NULL,'AED',NULL,5.00,1,0,0.00,'none',NULL,'[]',1,'',0,'','','',0,'',1,' 0551049019',' 0551049019','f5cbe132-bb88-4ff2-b4ae-4a703bb684c8',0,NULL,NULL),(141,0.00,372,'Mohamed AlGhafri',NULL,'129st','Villa 41','Dubai','','AL','United Arab Emirates','','Alghafry889@hotmail.com',NULL,'Mohamed AlGhafri',NULL,'129st','Villa 41','Dubai','','AL','United Arab Emirates',NULL,'Mohamed AlGhafri',NULL,'129st','Villa 41','Dubai','','AL','United Arab Emirates',0,'Cash on Delivery','','','','','2021-11-06 13:32:30','2021-11-06 13:32:30',NULL,'AED',NULL,5.00,1,0,0.00,'none',NULL,'[]',1,'',0,'','','',0,'',1,' 0567000021',' 0567000021','4c608dee-6e93-4a28-a8f6-1efd53d17f6c',0,NULL,NULL),(142,0.00,373,'Boby TA',NULL,'Hamdan','Kodak building 304','Abu Dhabi','','AL','United Arab Emirates','','bobyta03@gmail.com',NULL,'Boby TA',NULL,'Hamdan','Kodak building 304','Abu Dhabi','','AL','United Arab Emirates',NULL,'Boby TA',NULL,'Hamdan','Kodak building 304','Abu Dhabi','','AL','United Arab Emirates',0,'Cash on Delivery','','','','','2021-11-06 13:51:54','2021-11-06 13:51:54',NULL,'AED',NULL,5.00,1,0,0.00,'none',NULL,'[]',1,'',0,'','','',0,'',1,' 0502657109',' 0502657109','0035ebe9-bcb0-43b4-af40-cc4c23f8451a',0,NULL,NULL),(143,0.00,375,'Deepa Boby',NULL,'Hamdan','Kodak building 304','Abu Dhabi','','AL','United Arab Emirates','','marysara884@gmail.com',NULL,'Deepa Boby',NULL,'Hamdan','Kodak building 304','Abu Dhabi','','AL','United Arab Emirates',NULL,'Deepa Boby',NULL,'Hamdan','Kodak building 304','Abu Dhabi','','AL','United Arab Emirates',0,'Cash on Delivery','','','','','2021-11-06 14:09:13','2021-11-06 14:09:13',NULL,'AED',NULL,15.00,2,0,0.00,'none',NULL,'[]',1,'',0,'','','',0,'',1,' 0559823128',' 0559823128','0d8dda4c-5e96-4950-9b24-8d6170d555e8',0,NULL,NULL),(144,0.00,332,'Md Rakib Ur Raihan',NULL,'Opposite to Al Khaima hotel, Deira,  Dubai','Shaker Cafeteria building','Dubai','','AL','United Arab Emirates','','rakiburraihan818@gmail.com',NULL,'Md Rakib Ur Raihan',NULL,'Opposite to Al Khaima hotel, Deira,  Dubai','Shaker Cafeteria building','Dubai','','AL','United Arab Emirates',NULL,'Md Rakib Ur Raihan',NULL,'Opposite to Al Khaima hotel, Deira,  Dubai','Shaker Cafeteria building','Dubai','','AL','United Arab Emirates',0,'Cash on Delivery','','','','','2021-11-06 15:55:41','2021-11-06 15:55:41',NULL,'AED',NULL,5.00,1,0,0.00,'none',NULL,'[]',1,'',0,'','','',0,'',1,' 564696171',' 564696171','d5896187-8ee6-44ef-b485-7ea761b15b2a',0,NULL,NULL),(145,0.00,332,'Md Rakib Ur Raihan',NULL,'Opposite to Al Khaima hotel, Deira,  Dubai','Shaker Cafeteria building','Dubai','','AL','United Arab Emirates','','rakiburraihan818@gmail.com',NULL,'Md Rakib Ur Raihan',NULL,'Opposite to Al Khaima hotel, Deira,  Dubai','Shaker Cafeteria building','Dubai','','AL','United Arab Emirates',NULL,'Md Rakib Ur Raihan',NULL,'Opposite to Al Khaima hotel, Deira,  Dubai','Shaker Cafeteria building','Dubai','','AL','United Arab Emirates',0,'Cash on Delivery','','','','','2021-11-06 15:58:19','2021-11-06 15:58:19',NULL,'AED',NULL,25.00,3,0,0.00,'none',NULL,'[]',1,'',0,'','','',0,'',1,' 564696171',' 564696171','21141106-7848-4d52-b123-31b09984a045',0,NULL,NULL),(146,0.00,232,'Sheena Chris',NULL,'Oud Metha','Business Atrium Building, M05, First Solutions Management','Dubai','','AL','Dubai','','phillipbj@hotmail.com',NULL,'Sheena Chris',NULL,'Oud Metha','Business Atrium Building, M05, First Solutions Management','Dubai','','AL','Dubai',NULL,'Sheena Chris',NULL,'Oud Metha','Business Atrium Building, M05, First Solutions Management','Dubai','','AL','0',0,'Cash on Delivery','','','','','2021-11-06 21:15:11','2021-11-06 21:15:11',NULL,'AED',NULL,20.00,2,0,0.00,'none',NULL,'[]',1,'',0,'','','',0,'',1,' 0552175964',' 0552175964','98f7e703-8a48-41a8-a292-119d1b985ee8',0,NULL,NULL),(147,0.00,376,'Rohit Balchandani',NULL,'44','Villa 8b behind eppco','Dubai','','AL','United Arab Emirates','','rohit-b@live.com',NULL,'Rohit Balchandani',NULL,'44','Villa 8b behind eppco','Dubai','','AL','United Arab Emirates',NULL,'Rohit Balchandani',NULL,'44','Villa 8b behind eppco','Dubai','','AL','United Arab Emirates',0,'Cash on Delivery','','','','','2021-11-06 21:21:10','2021-11-06 21:21:10',NULL,'AED',NULL,65.00,7,0,0.00,'none',NULL,'[]',1,'',0,'','','',0,'',1,' 559996789',' 559996789','7739a3b2-66d6-4566-bc3d-023f8fd3c8b6',0,NULL,NULL),(148,0.00,377,'PANDURANG DHARGALKAR',NULL,'Al twar, Al nadha Street','Union coop','Dubai','','AL','United Arab Emirates','','pddhargalkar1234@gmail.com',NULL,'PANDURANG DHARGALKAR',NULL,'Al twar, Al nadha Street','Union coop','Dubai','','AL','United Arab Emirates',NULL,'PANDURANG DHARGALKAR',NULL,'Al twar, Al nadha Street','Union coop','Dubai','','AL','United Arab Emirates',0,'Cash on Delivery','','','','','2021-11-06 21:55:47','2021-11-06 21:55:47',NULL,'AED',NULL,5.00,1,0,0.00,'none',NULL,'[]',1,'',0,'','','',0,'',1,' 0551780658',' 0551780658','19de1d0a-08f6-4fa6-9445-c9c5521e4bd2',0,NULL,NULL),(149,0.00,378,'Abdullh Alteneiji',NULL,'Alfasel','Alfasel villa321/28','Fujairah','','AL','United Arab Emirates','','Abdullah.krj88@gmail.com',NULL,'Abdullh Alteneiji',NULL,'Alfasel','Alfasel villa321/28','Fujairah','','AL','United Arab Emirates',NULL,'Abdullh Alteneiji',NULL,'Alfasel','Alfasel villa321/28','Fujairah','','AL','United Arab Emirates',0,'Cash on Delivery','','','','','2021-11-07 01:51:03','2021-11-07 01:51:03',NULL,'AED',NULL,55.00,4,0,20.00,'none',NULL,'[]',1,'',0,'','','',0,'',1,' 0504908088',' 0504908088','653ef062-bbbd-4602-bd1a-ed6df66481ea',0,NULL,NULL),(150,0.00,361,'Gupta Poonam',NULL,'Damascus Street','606 kasco tower Damascus Street Qusais Industrial Area 3 Qusais','Dubai','','AL','United Arab Emirates','','poonamgupta808@gmail.com',NULL,'Gupta Poonam',NULL,'Damascus Street','606 kasco tower Damascus Street Qusais Industrial Area 3 Qusais','Dubai','','AL','United Arab Emirates',NULL,'Gupta Poonam',NULL,'Damascus Street','606 kasco tower Damascus Street Qusais Industrial Area 3 Qusais','Dubai','','AL','United Arab Emirates',0,'Cash on Delivery','','','','','2021-11-07 11:18:51','2021-11-07 11:18:51',NULL,'AED',NULL,55.00,4,0,20.00,'none',NULL,'[]',1,'',0,'','','',0,'',1,' 0581783012',' 0581783012','0a33fd2b-7f37-4146-916c-c751614de661',0,NULL,NULL),(151,0.00,332,'Md Rakib Ur Raihan',NULL,'Opposite to Al Khaima hotel, Deira,  Dubai','Shaker Cafeteria building','Dubai','','AL','United Arab Emirates','','rakiburraihan818@gmail.com',NULL,'Md Rakib Ur Raihan',NULL,'Opposite to Al Khaima hotel, Deira,  Dubai','Shaker Cafeteria building','Dubai','','AL','United Arab Emirates',NULL,'Md Rakib Ur Raihan',NULL,'Opposite to Al Khaima hotel, Deira,  Dubai','Shaker Cafeteria building','Dubai','','AL','United Arab Emirates',0,'Cash on Delivery','','','','','2021-11-08 00:46:57','2021-11-08 00:46:57',NULL,'AED',NULL,5.00,1,0,0.00,'none',NULL,'[]',1,'',0,'','','',0,'',1,' 564696171',' 564696171','cdce159a-6071-41f3-a7e2-b8a5bc461117',0,NULL,NULL),(152,0.00,332,'Md Rakib Ur Raihan',NULL,'Opposite to Al Khaima hotel, Deira,  Dubai','Shaker Cafeteria building','Dubai','','AL','United Arab Emirates','','rakiburraihan818@gmail.com',NULL,'Md Rakib Ur Raihan',NULL,'Opposite to Al Khaima hotel, Deira,  Dubai','Shaker Cafeteria building','Dubai','','AL','United Arab Emirates',NULL,'Md Rakib Ur Raihan',NULL,'Opposite to Al Khaima hotel, Deira,  Dubai','Shaker Cafeteria building','Dubai','','AL','United Arab Emirates',0,'Cash on Delivery','','','','','2021-11-08 00:49:26','2021-11-08 00:49:26',NULL,'AED',NULL,15.00,2,0,0.00,'none',NULL,'[]',1,'',0,'','','',0,'',1,' 564696171',' 564696171','c4d8fb2b-e810-4d69-a52b-673594963428',0,NULL,NULL),(153,0.00,382,'shahrukh khan',NULL,'32','abdullah al gobash building room no 108','Dubai','','AL','United Arab Emirates','','SHAHRUKH@MALTAAUTO.AE',NULL,'shahrukh khan',NULL,'32','abdullah al gobash building room no 108','Dubai','','AL','United Arab Emirates',NULL,'shahrukh khan',NULL,'32','abdullah al gobash building room no 108','Dubai','','AL','United Arab Emirates',0,'Cash on Delivery','','','','','2021-11-08 19:07:03','2021-11-08 19:07:03',NULL,'AED',NULL,25.00,3,0,0.00,'none',NULL,'[]',1,'',0,'','','',0,'',1,' 0501735178',' 0501735178','85b978f6-8285-4ba3-8c08-6c8a3fd8638a',0,NULL,NULL),(154,0.00,282,'Janice Barbacena',NULL,'35 Street','Union Coop Staff Accommodation, L4 Building, Lulu Village, Muhaisnah 4','Dubai','','AL','Dubai','','janice.mesina@yahoo.com',NULL,'Janice Barbacena',NULL,'35 Street','Union Coop Staff Accommodation, L4 Building, Lulu Village, Muhaisnah 4','Dubai','','AL','Dubai',NULL,'Janice Barbacena',NULL,'35 Street','Union Coop Staff Accommodation, L4 Building, Lulu Village, Muhaisnah 4','Dubai','','AL','0',0,'Cash on Delivery','','','','','2021-11-08 19:52:01','2021-11-08 19:52:01',NULL,'AED',NULL,25.00,3,0,0.00,'none',NULL,'[]',1,'',0,'','','',0,'',1,' 0559626554',' 0559626554','9cce336f-61bd-41e3-af55-2d9c457ed8ba',0,NULL,NULL),(155,0.00,332,'Md Rakib Ur Raihan',NULL,'Opposite to Al Khaima hotel, Deira,  Dubai','Shaker Cafeteria building','Dubai','','AL','United Arab Emirates','','rakiburraihan818@gmail.com',NULL,'Md Rakib Ur Raihan',NULL,'Opposite to Al Khaima hotel, Deira,  Dubai','Shaker Cafeteria building','Dubai','','AL','United Arab Emirates',NULL,'Md Rakib Ur Raihan',NULL,'Opposite to Al Khaima hotel, Deira,  Dubai','Shaker Cafeteria building','Dubai','','AL','United Arab Emirates',0,'Cash on Delivery','','','','','2021-11-08 20:19:02','2021-11-08 20:19:02',NULL,'AED',NULL,5.00,1,0,0.00,'none',NULL,'[]',1,'',0,'','','',0,'',1,' 564696171',' 564696171','92c786e9-cac2-4aab-a5f0-6be70f7ed9a0',0,NULL,NULL),(156,0.00,281,'Ali Jaber',NULL,'Al Falak','media 1','Dubai','','AL','Dubai','','a_j48@hotmail.com',NULL,'Ali Jaber',NULL,'Al Falak','media 1','Dubai','','AL','Dubai',NULL,'Ali Jaber',NULL,'Al Falak','media 1','Dubai','','AL','0',0,'Cash on Delivery','','','','','2021-11-09 17:01:03','2021-11-09 17:01:03',NULL,'AED',NULL,1.60,8,0,0.00,'none',NULL,'[]',1,'[{\"coupans_id\":11,\"code\":\"98\",\"date_created\":null,\"date_modified\":null,\"description\":null,\"discount_type\":\"percent\",\"amount\":98,\"expiry_date\":\"2021-12-31 00:00:00\",\"usage_count\":0,\"individual_use\":0,\"product_ids\":\"\",\"exclude_product_ids\":\"\",\"usage_limit\":null,\"usage_limit_per_user\":null,\"limit_usage_to_x_items\":0,\"free_shipping\":0,\"product_categories\":\"\",\"excluded_product_categories\":\"\",\"exclude_sale_items\":0,\"minimum_amount\":\"2.00\",\"maximum_amount\":\"10000.00\",\"email_restrictions\":\"\",\"used_by\":\"\",\"created_at\":\"2021-09-21 17:21:18\",\"updated_at\":\"2021-11-09 09:39:05\"}]',78,'','','',0,'',1,' 0502801120',' 0502801120','73029144-f3b1-4486-ad81-6f6cff26316c',0,NULL,NULL),(157,0.00,223,'OMAR ELSERTY',NULL,'Bedayet El Manial','7, floor 2, appartment 3','Cairo','','AL','Egypt','','omarelserty@gmail.com',NULL,'OMAR ELSERTY',NULL,'Bedayet El Manial','7, floor 2, appartment 3','Cairo','','AL','Egypt',NULL,'OMAR ELSERTY',NULL,'Bedayet El Manial','7, floor 2, appartment 3','Cairo','','AL','Egypt',0,'Cash on Delivery','','','','','2021-11-09 17:11:10','2021-11-09 17:11:10',NULL,'AED',NULL,30.00,3,0,0.00,'none',NULL,'[]',1,'',0,'','','',0,'',1,' 01002877721',' 01002877721','f5f63d69-acfe-4ecb-876b-a3296d805086',0,NULL,NULL),(158,0.00,362,'Amir Abdullah',NULL,'air port road','Al Fajer business center. Garhoud dubai','Dubai','','AL','United Arab Emirates','','uff_yeah@hotmail.com',NULL,'Amir Abdullah',NULL,'air port road','Al Fajer business center. Garhoud dubai','Dubai','','AL','United Arab Emirates',NULL,'Amir Abdullah',NULL,'air port road','Al Fajer business center. Garhoud dubai','Dubai','','AL','United Arab Emirates',0,'Cash on Delivery','','','','','2021-11-09 17:24:10','2021-11-09 17:24:10',NULL,'AED',NULL,65.00,7,0,0.00,'none',NULL,'[]',1,'',0,'','','',0,'',1,' 0505886259',' 0505886259','1028d278-bb32-4ae6-b1ad-646e1841f971',0,NULL,NULL),(159,0.00,281,'Ali Jaber',NULL,'Al Falak','media 1','Dubai','','AL','Dubai','','a_j48@hotmail.com',NULL,'Ali Jaber',NULL,'Al Falak','media 1','Dubai','','AL','Dubai',NULL,'Ali Jaber',NULL,'Al Falak','media 1','Dubai','','AL','0',0,'Cash on Delivery','','','','','2021-11-09 17:26:27','2021-11-09 17:26:27',NULL,'AED',NULL,1.70,9,0,0.00,'none',NULL,'[]',1,'[{\"coupans_id\":11,\"code\":\"98\",\"date_created\":null,\"date_modified\":null,\"description\":null,\"discount_type\":\"percent\",\"amount\":98,\"expiry_date\":\"2021-12-31 00:00:00\",\"usage_count\":0,\"individual_use\":0,\"product_ids\":\"\",\"exclude_product_ids\":\"\",\"usage_limit\":null,\"usage_limit_per_user\":null,\"limit_usage_to_x_items\":0,\"free_shipping\":0,\"product_categories\":\"\",\"excluded_product_categories\":\"\",\"exclude_sale_items\":0,\"minimum_amount\":\"2.00\",\"maximum_amount\":\"10000.00\",\"email_restrictions\":\"\",\"used_by\":\",281\",\"created_at\":\"2021-09-21 17:21:18\",\"updated_at\":\"2021-11-09 09:39:05\"}]',83,'','','',0,'',1,' 0502801120',' 0502801120','8e226245-5fb2-492c-8028-70cf7c38b137',0,NULL,NULL),(160,0.00,381,'Ali jamil',NULL,'Al Falak','media 1','Dubai','','AL','United Arab Emirates','','kingali24@hotmail.com',NULL,'Ali jamil',NULL,'Al Falak','media 1','Dubai','','AL','United Arab Emirates',NULL,'Ali jamil',NULL,'Al Falak','media 1','Dubai','','AL','United Arab Emirates',0,'Cash on Delivery','','','','','2021-11-09 18:21:53','2021-11-09 18:21:53',NULL,'AED',NULL,1.70,9,0,0.00,'none',NULL,'[]',1,'[{\"coupans_id\":11,\"code\":\"98\",\"date_created\":null,\"date_modified\":null,\"description\":null,\"discount_type\":\"percent\",\"amount\":98,\"expiry_date\":\"2021-12-31 00:00:00\",\"usage_count\":0,\"individual_use\":0,\"product_ids\":\"\",\"exclude_product_ids\":\"\",\"usage_limit\":null,\"usage_limit_per_user\":null,\"limit_usage_to_x_items\":0,\"free_shipping\":0,\"product_categories\":\"\",\"excluded_product_categories\":\"\",\"exclude_sale_items\":0,\"minimum_amount\":\"2.00\",\"maximum_amount\":\"10000.00\",\"email_restrictions\":\"\",\"used_by\":\",281,281\",\"created_at\":\"2021-09-21 17:21:18\",\"updated_at\":\"2021-11-09 09:39:05\"}]',83,'','','',0,'',1,' 502801120',' 502801120','fce9f639-e2d2-47ca-bc0b-21b9fa21e37e',0,NULL,NULL),(161,0.00,332,'Md Rakib Ur Raihan',NULL,'Opposite to Al Khaima hotel, Deira,  Dubai','Shaker Cafeteria building','Dubai','','AL','United Arab Emirates','','rakiburraihan818@gmail.com',NULL,'Md Rakib Ur Raihan',NULL,'Opposite to Al Khaima hotel, Deira,  Dubai','Shaker Cafeteria building','Dubai','','AL','United Arab Emirates',NULL,'Md Rakib Ur Raihan',NULL,'Opposite to Al Khaima hotel, Deira,  Dubai','Shaker Cafeteria building','Dubai','','AL','United Arab Emirates',0,'Cash on Delivery','','','','','2021-11-09 20:59:30','2021-11-09 20:59:30',NULL,'AED',NULL,10.00,1,0,0.00,'none',NULL,'[]',1,'',0,'','','',0,'',1,' 564696171',' 564696171','69acc342-282a-4859-b8e8-63b39bdd9d5a',0,NULL,NULL),(162,0.00,385,'Hardikkumar Shingala',NULL,'Al kouz 3','Gold and diamond park','Dubai','','AL','United Arab Emirates','','hardikshingala85@gmail.com',NULL,'Hardikkumar Shingala',NULL,'Al kouz 3','Gold and diamond park','Dubai','','AL','United Arab Emirates',NULL,'Hardikkumar Shingala',NULL,'Al kouz 3','Gold and diamond park','Dubai','','AL','United Arab Emirates',0,'Cash on Delivery','','','','','2021-11-10 00:30:36','2021-11-10 00:30:36',NULL,'AED',NULL,30.00,3,0,0.00,'none',NULL,'[]',1,'',0,'','','',0,'',1,' 0589348590',' 0589348590','b8145939-7d10-4c2f-9bb3-e9a42f6367a1',0,NULL,NULL),(163,0.00,281,'Ali Jaber',NULL,'Al Falak','media 1','Dubai','','AL','Dubai','','a_j48@hotmail.com',NULL,'Ali Jaber',NULL,'Al Falak','media 1','Dubai','','AL','Dubai',NULL,'Ali Jaber',NULL,'Al Falak','media 1','Dubai','','AL','0',0,'Cash on Delivery','','','','','2021-11-10 10:36:48','2021-11-10 10:36:48',NULL,'AED',NULL,1.70,9,0,0.00,'none',NULL,'[]',1,'[{\"coupans_id\":11,\"code\":\"98\",\"date_created\":null,\"date_modified\":null,\"description\":null,\"discount_type\":\"percent\",\"amount\":98,\"expiry_date\":\"2021-12-31 00:00:00\",\"usage_count\":0,\"individual_use\":0,\"product_ids\":\"\",\"exclude_product_ids\":\"\",\"usage_limit\":null,\"usage_limit_per_user\":null,\"limit_usage_to_x_items\":0,\"free_shipping\":0,\"product_categories\":\"\",\"excluded_product_categories\":\"\",\"exclude_sale_items\":0,\"minimum_amount\":\"2.00\",\"maximum_amount\":\"10000.00\",\"email_restrictions\":\"\",\"used_by\":\",281,281,381\",\"created_at\":\"2021-09-21 17:21:18\",\"updated_at\":\"2021-11-09 09:39:05\"}]',83,'','','',0,'',1,' 0502801120',' 0502801120','e5a08441-48f2-4796-9c81-253378ce30ce',0,NULL,NULL),(164,0.00,361,'Gupta Poonam',NULL,'Damascus Street','606 kasco tower Damascus Street Qusais Industrial Area 3 Qusais','Dubai','','AL','United Arab Emirates','','poonamgupta808@gmail.com',NULL,'Gupta Poonam',NULL,'Damascus Street','606 kasco tower Damascus Street Qusais Industrial Area 3 Qusais','Dubai','','AL','United Arab Emirates',NULL,'Gupta Poonam',NULL,'Damascus Street','606 kasco tower Damascus Street Qusais Industrial Area 3 Qusais','Dubai','','AL','United Arab Emirates',0,'Cash on Delivery','','','','','2021-11-10 15:30:09','2021-11-10 15:30:09',NULL,'AED',NULL,5.00,1,0,0.00,'none',NULL,'[]',1,'',0,'','','',0,'',1,' 0581783012',' 0581783012','da9b3ed9-9987-456f-9c32-59c27780e586',0,NULL,NULL),(165,0.00,281,'Ali Jaber',NULL,'Al Falak','media 1','Dubai','','AL','Dubai','','a_j48@hotmail.com',NULL,'Ali Jaber',NULL,'Al Falak','media 1','Dubai','','AL','Dubai',NULL,'Ali Jaber',NULL,'Al Falak','media 1','Dubai','','AL','0',0,'Cash on Delivery','','','','','2021-11-11 11:31:33','2021-11-11 11:31:33',NULL,'AED',NULL,0.60,3,0,0.00,'none',NULL,'[]',1,'[{\"coupans_id\":11,\"code\":\"98\",\"date_created\":null,\"date_modified\":null,\"description\":null,\"discount_type\":\"percent\",\"amount\":98,\"expiry_date\":\"2021-12-31 00:00:00\",\"usage_count\":0,\"individual_use\":0,\"product_ids\":\"\",\"exclude_product_ids\":\"\",\"usage_limit\":null,\"usage_limit_per_user\":null,\"limit_usage_to_x_items\":0,\"free_shipping\":0,\"product_categories\":\"\",\"excluded_product_categories\":\"\",\"exclude_sale_items\":0,\"minimum_amount\":\"2.00\",\"maximum_amount\":\"10000.00\",\"email_restrictions\":\"\",\"used_by\":\",281,281,381,281\",\"created_at\":\"2021-09-21 17:21:18\",\"updated_at\":\"2021-11-09 09:39:05\"}]',29,'','','',0,'',1,' 0502801120',' 0502801120','dae59cb8-94d1-455c-a28b-022f9c7e3275',0,NULL,NULL),(166,0.00,381,'Ali jamil',NULL,'Al Falak','media 1','Dubai','','AL','United Arab Emirates','','kingali24@hotmail.com',NULL,'Ali jamil',NULL,'Al Falak','media 1','Dubai','','AL','United Arab Emirates',NULL,'Ali jamil',NULL,'Al Falak','media 1','Dubai','','AL','United Arab Emirates',0,'Cash on Delivery','','','','','2021-11-11 11:38:20','2021-11-11 11:38:20',NULL,'AED',NULL,0.60,3,0,0.00,'none',NULL,'[]',1,'[{\"coupans_id\":11,\"code\":\"98\",\"date_created\":null,\"date_modified\":null,\"description\":null,\"discount_type\":\"percent\",\"amount\":98,\"expiry_date\":\"2021-12-31 00:00:00\",\"usage_count\":0,\"individual_use\":0,\"product_ids\":\"\",\"exclude_product_ids\":\"\",\"usage_limit\":null,\"usage_limit_per_user\":null,\"limit_usage_to_x_items\":0,\"free_shipping\":0,\"product_categories\":\"\",\"excluded_product_categories\":\"\",\"exclude_sale_items\":0,\"minimum_amount\":\"2.00\",\"maximum_amount\":\"10000.00\",\"email_restrictions\":\"\",\"used_by\":\",281,281,381,281,281\",\"created_at\":\"2021-09-21 17:21:18\",\"updated_at\":\"2021-11-09 09:39:05\"}]',29,'','','',0,'',1,' 502801120',' 502801120','d0498d7f-df9f-4f5b-a85a-115a44f0b0d4',0,NULL,NULL),(167,0.00,282,'Janice Barbacena',NULL,'35 Street','Union Coop Staff Accommodation, L4 Building, Lulu Village, Muhaisnah 4','Dubai','','AL','Dubai','','janice.mesina@yahoo.com',NULL,'Janice Barbacena',NULL,'35 Street','Union Coop Staff Accommodation, L4 Building, Lulu Village, Muhaisnah 4','Dubai','','AL','Dubai',NULL,'Janice Barbacena',NULL,'35 Street','Union Coop Staff Accommodation, L4 Building, Lulu Village, Muhaisnah 4','Dubai','','AL','0',0,'Cash on Delivery','','','','','2021-11-11 20:08:14','2021-11-11 20:08:14',NULL,'AED',NULL,40.00,2,0,20.00,'none',NULL,'[]',1,'',0,'','','',0,'',1,' 0559626554',' 0559626554','63568fde-5e4f-47ee-98ff-ff6fc87195ba',0,NULL,NULL),(168,0.00,399,'Ali Jaber',NULL,'Al Falak','media 1','Dubai','','AL','United Arab Emirates','','kingali24@hotmail.com',NULL,'Ali Jaber',NULL,'Al Falak','media 1','Dubai','','AL','United Arab Emirates',NULL,'Ali Jaber',NULL,'Al Falak','media 1','Dubai','','AL','United Arab Emirates',0,'Cash on Delivery','','','','','2021-11-13 11:45:57','2021-11-13 11:45:57',NULL,'AED',NULL,1.00,5,0,0.00,'none',NULL,'[]',1,'[{\"coupans_id\":11,\"code\":\"98\",\"date_created\":null,\"date_modified\":null,\"description\":null,\"discount_type\":\"percent\",\"amount\":98,\"expiry_date\":\"2021-12-31 00:00:00\",\"usage_count\":0,\"individual_use\":0,\"product_ids\":\"\",\"exclude_product_ids\":\"\",\"usage_limit\":null,\"usage_limit_per_user\":null,\"limit_usage_to_x_items\":0,\"free_shipping\":0,\"product_categories\":\"\",\"excluded_product_categories\":\"\",\"exclude_sale_items\":0,\"minimum_amount\":\"2.00\",\"maximum_amount\":\"10000.00\",\"email_restrictions\":\"\",\"used_by\":\",281,281,381,281,281,381\",\"created_at\":\"2021-09-21 17:21:18\",\"updated_at\":\"2021-11-09 09:39:05\"}]',49,'','','',0,'',1,' 502801120',' 502801120','ef3d9182-f3f0-4fd5-9f40-4430a1d50d8c',0,NULL,NULL),(169,0.00,401,'Ali Jaber',NULL,'Al Falak','Media 1','Dubai','','AL','United Arab Emirates','','kingali24@hotmail.com',NULL,'Ali Jaber',NULL,'Al Falak','Media 1','Dubai','','AL','United Arab Emirates',NULL,'Ali Jaber',NULL,'Al Falak','Media 1','Dubai','','AL','United Arab Emirates',0,'Cash on Delivery','','','','','2021-11-15 10:43:33','2021-11-15 10:43:33',NULL,'AED',NULL,2.60,13,0,0.00,'none',NULL,'[]',1,'[{\"coupans_id\":11,\"code\":\"98\",\"date_created\":null,\"date_modified\":null,\"description\":null,\"discount_type\":\"percent\",\"amount\":98,\"expiry_date\":\"2021-12-31 00:00:00\",\"usage_count\":0,\"individual_use\":0,\"product_ids\":\"\",\"exclude_product_ids\":\"\",\"usage_limit\":null,\"usage_limit_per_user\":null,\"limit_usage_to_x_items\":0,\"free_shipping\":0,\"product_categories\":\"\",\"excluded_product_categories\":\"\",\"exclude_sale_items\":0,\"minimum_amount\":\"2.00\",\"maximum_amount\":\"10000.00\",\"email_restrictions\":\"\",\"used_by\":\",281,281,381,281,281,381,399\",\"created_at\":\"2021-09-21 17:21:18\",\"updated_at\":\"2021-11-09 09:39:05\"}]',127,'','','',0,'',1,' 502801120',' 502801120','a48c5e06-9a75-4a98-8240-33810919125b',0,NULL,NULL),(170,0.00,401,'Ali Jaber',NULL,'Al Falak','Media 1','Dubai','','AL','United Arab Emirates','','kingali24@hotmail.com',NULL,'Ali Jaber',NULL,'Al Falak','Media 1','Dubai','','AL','United Arab Emirates',NULL,'Ali Jaber',NULL,'Al Falak','Media 1','Dubai','','AL','United Arab Emirates',0,'Cash on Delivery','','','','','2021-11-15 10:50:22','2021-11-15 10:50:22',NULL,'AED',NULL,1.20,6,0,0.00,'none',NULL,'[]',1,'[{\"coupans_id\":11,\"code\":\"98\",\"date_created\":null,\"date_modified\":null,\"description\":null,\"discount_type\":\"percent\",\"amount\":98,\"expiry_date\":\"2021-12-31 00:00:00\",\"usage_count\":0,\"individual_use\":0,\"product_ids\":\"\",\"exclude_product_ids\":\"\",\"usage_limit\":null,\"usage_limit_per_user\":null,\"limit_usage_to_x_items\":0,\"free_shipping\":0,\"product_categories\":\"\",\"excluded_product_categories\":\"\",\"exclude_sale_items\":0,\"minimum_amount\":\"2.00\",\"maximum_amount\":\"10000.00\",\"email_restrictions\":\"\",\"used_by\":\",281,281,381,281,281,381,399,401\",\"created_at\":\"2021-09-21 17:21:18\",\"updated_at\":\"2021-11-09 09:39:05\"}]',59,'','','',0,'',1,' 502801120',' 502801120','88369082-d3d3-4e2e-b530-f4e02fd0156a',0,NULL,NULL),(171,0.00,332,'Md Rakib Ur Raihan',NULL,'Opposite to Al Khaima hotel, Deira,  Dubai','Shaker Cafeteria building','Dubai','','AL','United Arab Emirates','','rakiburraihan818@gmail.com',NULL,'Md Rakib Ur Raihan',NULL,'Opposite to Al Khaima hotel, Deira,  Dubai','Shaker Cafeteria building','Dubai','','AL','United Arab Emirates',NULL,'Md Rakib Ur Raihan',NULL,'Opposite to Al Khaima hotel, Deira,  Dubai','Shaker Cafeteria building','Dubai','','AL','United Arab Emirates',0,'Cash on Delivery','','','','','2021-11-16 01:34:47','2021-11-16 01:34:47',NULL,'AED',NULL,20.00,2,0,0.00,'none',NULL,'[]',1,'',0,'','','',0,'',1,' 564696171',' 564696171','5cd8c384-f5d4-4b8b-862c-e620c42f549a',0,NULL,NULL),(172,0.00,281,'Ali Jaber',NULL,'Al Falak','media 1','Dubai','','AL','Dubai','','a_j48@hotmail.com',NULL,'Ali Jaber',NULL,'Al Falak','media 1','Dubai','','AL','Dubai',NULL,'Ali Jaber',NULL,'Al Falak','media 1','Dubai','','AL','0',0,'Cash on Delivery','','','','','2021-11-17 15:08:16','2021-11-17 15:08:16',NULL,'AED',NULL,5.00,2,100,0.00,'none',NULL,'[]',1,'',0,'','','',0,'',1,' 0502801120',' 0502801120','bd1a3956-d91e-4213-baa1-d101bc5993be',0,NULL,NULL),(173,0.00,388,'Rishab goyal',NULL,'Digimantra office','IT building','mohali','','AL','India','','rishab.rishab@digimantra.com',NULL,'Rishab goyal',NULL,'Digimantra office','IT building','mohali','','AL','India',NULL,'Rishab goyal',NULL,'Digimantra office','IT building','mohali','','AL','India',0,'Cash on Delivery','','','','','2021-11-17 15:17:13','2021-11-17 15:17:13',NULL,'AED',NULL,0.00,3,300,0.00,'none',NULL,'[]',1,'',0,'','','',0,'',1,' 09876543210',' 09876543210','0',0,NULL,NULL),(174,0.00,401,'Ali Jaber',NULL,'Al Falak','Media 1','Dubai','','AL','United Arab Emirates','','kingali24@hotmail.com',NULL,'Ali Jaber',NULL,'Al Falak','Media 1','Dubai','','AL','United Arab Emirates',NULL,'Ali Jaber',NULL,'Al Falak','Media 1','Dubai','','AL','United Arab Emirates',0,'Cash on Delivery','','','','','2021-11-17 15:30:26','2021-11-17 15:30:26',NULL,'AED',NULL,0.00,2,200,0.00,'none',NULL,'[]',1,'',0,'','','',0,'',1,' 502801120',' 502801120','0',0,NULL,NULL);
/*!40000 ALTER TABLE `orders` ENABLE KEYS */;
UNLOCK TABLES;

--
-- Table structure for table `orders_products`
--

DROP TABLE IF EXISTS `orders_products`;
/*!40101 SET @saved_cs_client     = @@character_set_client */;
/*!40101 SET character_set_client = utf8 */;
CREATE TABLE `orders_products` (
  `orders_products_id` int(11) NOT NULL AUTO_INCREMENT,
  `orders_id` int(11) NOT NULL,
  `products_id` int(11) NOT NULL,
  `campaign_id` int(11) DEFAULT NULL,
  `products_model` varchar(12) COLLATE utf8_unicode_ci DEFAULT NULL,
  `products_name` varchar(64) COLLATE utf8_unicode_ci NOT NULL,
  `products_price` decimal(15,2) NOT NULL,
  `final_price` decimal(15,2) NOT NULL,
  `products_tax` decimal(7,0) NOT NULL,
  `products_quantity` int(11) NOT NULL,
  PRIMARY KEY (`orders_products_id`),
  KEY `idx_orders_products_orders_id` (`orders_id`),
  KEY `idx_orders_products_products_id` (`products_id`)
) ENGINE=InnoDB AUTO_INCREMENT=229 DEFAULT CHARSET=utf8 COLLATE=utf8_unicode_ci;
/*!40101 SET character_set_client = @saved_cs_client */;

--
-- Dumping data for table `orders_products`
--

LOCK TABLES `orders_products` WRITE;
/*!40000 ALTER TABLE `orders_products` DISABLE KEYS */;
INSERT INTO `orders_products` VALUES (1,1,43,6,NULL,'Purple Gym Towel',375.00,375.00,1,1),(8,8,7,8,NULL,'Wrist Band',30.00,30.00,1,1),(9,9,7,8,NULL,'Wrist Band',30.00,30.00,1,1),(13,11,42,11,NULL,'Skipping Rope',40.00,40.00,1,1),(14,12,42,11,NULL,'Skipping Rope',40.00,40.00,1,1),(15,13,7,8,NULL,'Wrist Band',30.00,30.00,1,1),(16,14,47,12,NULL,'Winztime Pencil',5.00,5.00,1,1),(17,15,47,12,NULL,'Winztime Pencil',5.00,5.00,1,1),(18,16,47,12,NULL,'Winztime Pencil',5.00,5.00,1,1),(19,17,9,14,NULL,'Anti Stress Ball',20.00,20.00,1,1),(22,20,42,17,NULL,'Skipping Rope',40.00,40.00,1,1),(23,21,13,7,NULL,'Gym Bottle',95.00,95.00,1,1),(26,24,13,16,NULL,'Gym Bottle',95.00,95.00,1,1),(27,25,44,15,NULL,'Gym Towel',50.00,50.00,1,1),(28,26,47,12,NULL,'Winztime Pencil',5.00,10.00,1,2),(29,27,47,12,NULL,'Winztime Pencil',5.00,5.00,1,1),(30,28,7,13,NULL,'Wrist Band',10.00,10.00,1,1),(31,29,47,12,NULL,'Winztime Pencil',5.00,5.00,1,1),(32,30,7,13,NULL,'Wrist Band',10.00,10.00,1,1),(33,31,47,12,NULL,'Winztime Pencil',5.00,5.00,1,1),(34,32,47,12,NULL,'Winztime Pencil',5.00,10.00,1,2),(35,33,47,12,NULL,'Winztime Pencil',5.00,20.00,1,4),(36,34,47,12,NULL,'Winztime Pencil',5.00,5.00,1,1),(37,34,7,13,NULL,'Wrist Band',10.00,10.00,1,1),(38,35,47,12,NULL,'Winztime Pencil',5.00,5.00,1,1),(39,36,47,12,NULL,'Winztime Pencil',5.00,5.00,1,1),(40,37,47,12,NULL,'Winztime Pencil',5.00,10.00,1,2),(41,38,47,12,NULL,'Winztime Pencil',5.00,5.00,1,1),(42,39,7,13,NULL,'Wrist Band',10.00,190.00,1,19),(43,40,47,12,NULL,'Winztime Pencil',5.00,5.00,1,1),(44,41,7,13,NULL,'Wrist Band',10.00,10.00,1,1),(46,43,47,12,NULL,'Winztime Pencil',5.00,5.00,1,1),(47,44,47,12,NULL,'Winztime Pencil',5.00,15.00,1,3),(48,44,42,17,NULL,'Skipping Rope',20.00,40.00,1,2),(49,44,7,13,NULL,'Wrist Band',10.00,20.00,1,2),(50,44,9,14,NULL,'Anti Stress Ball',15.00,15.00,1,1),(51,45,45,21,NULL,'Gym Bottle',95.00,95.00,1,1),(52,46,47,12,NULL,'Winztime Pencil',5.00,5.00,1,1),(53,47,47,12,NULL,'Winztime Pencil',5.00,10.00,1,2),(54,48,47,12,NULL,'Winztime Pencil',5.00,5.00,1,1),(55,49,47,12,NULL,'Winztime Pencil',5.00,5.00,1,1),(56,50,47,12,NULL,'Winztime Pencil',5.00,15.00,1,3),(57,51,47,12,NULL,'Winztime Pencil',5.00,5.00,1,1),(58,52,47,12,NULL,'Winztime Pencil',5.00,5.00,1,1),(59,53,47,12,NULL,'Winztime Pencil',5.00,5.00,1,1),(60,54,45,23,NULL,'Gym Bottle',95.00,285.00,1,3),(61,55,45,23,NULL,'Gym Bottle',95.00,95.00,1,1),(62,56,47,12,NULL,'Winztime Pencil',5.00,5.00,1,1),(63,57,47,12,NULL,'Winztime Pencil',5.00,10.00,1,2),(64,57,45,23,NULL,'Gym Bottle',95.00,95.00,1,1),(65,58,47,12,NULL,'Winztime Pencil',5.00,10.00,1,2),(66,59,42,17,NULL,'Skipping Rope',20.00,20.00,1,1),(67,60,47,12,NULL,'Winztime Pencil',5.00,5.00,1,1),(68,60,42,17,NULL,'Skipping Rope',20.00,20.00,1,1),(69,60,7,13,NULL,'Wrist Band',10.00,10.00,1,1),(70,60,9,14,NULL,'Anti Stress Ball',15.00,15.00,1,1),(71,61,47,12,NULL,'Winztime Pencil',5.00,10.00,1,2),(72,61,45,23,NULL,'Gym Bottle',95.00,190.00,1,2),(73,61,42,17,NULL,'Skipping Rope',20.00,40.00,1,2),(74,61,7,13,NULL,'Wrist Band',10.00,20.00,1,2),(75,61,9,14,NULL,'Anti Stress Ball',15.00,15.00,1,1),(76,62,45,23,NULL,'Gym Bottle',95.00,95.00,1,1),(77,62,42,17,NULL,'Skipping Rope',20.00,20.00,1,1),(78,62,7,13,NULL,'Wrist Band',10.00,20.00,1,2),(79,63,47,12,NULL,'Winztime Pencil',5.00,15.00,1,3),(80,63,42,17,NULL,'Skipping Rope',20.00,20.00,1,1),(81,63,9,14,NULL,'Anti Stress Ball',15.00,15.00,1,1),(82,64,47,12,NULL,'Winztime Pencil',5.00,10.00,1,2),(83,65,42,17,NULL,'Skipping Rope',20.00,80.00,1,4),(84,65,9,14,NULL,'Anti Stress Ball',15.00,60.00,1,4),(85,66,47,12,NULL,'Winztime Pencil',5.00,5.00,1,1),(86,67,47,12,NULL,'Winztime Pencil',5.00,5.00,1,1),(87,67,42,17,NULL,'Skipping Rope',20.00,20.00,1,1),(88,67,7,13,NULL,'Wrist Band',10.00,10.00,1,1),(89,68,47,12,NULL,'Winztime Pencil',5.00,5.00,1,1),(90,69,42,17,NULL,'Skipping Rope',20.00,20.00,1,1),(91,70,42,17,NULL,'Skipping Rope',20.00,20.00,1,1),(92,71,47,12,NULL,'Winztime Pencil',5.00,5.00,1,1),(93,72,47,12,NULL,'Winztime Pencil',5.00,5.00,1,1),(94,73,47,12,NULL,'Winztime Pencil',5.00,5.00,1,1),(95,74,47,12,NULL,'Winztime Pencil',5.00,5.00,1,1),(96,75,42,17,NULL,'Skipping Rope',20.00,40.00,1,2),(97,76,7,13,NULL,'Wrist Band',10.00,10.00,1,1),(98,77,7,13,NULL,'Wrist Band',10.00,10.00,1,1),(99,78,42,17,NULL,'Skipping Rope',20.00,20.00,1,1),(100,79,42,17,NULL,'Skipping Rope',20.00,20.00,1,1),(101,80,47,12,NULL,'Winztime Pencil',5.00,5.00,1,1),(102,81,47,12,NULL,'Winztime Pencil',5.00,5.00,1,1),(103,82,47,12,NULL,'Winztime Pencil',5.00,10.00,1,2),(104,83,47,12,NULL,'Winztime Pencil',5.00,10.00,1,2),(105,84,9,14,NULL,'Anti Stress Ball',15.00,15.00,1,1),(106,85,42,17,NULL,'Skipping Rope',20.00,20.00,1,1),(107,86,47,12,NULL,'Winztime Pencil',5.00,5.00,1,1),(108,87,47,12,NULL,'Winztime Pencil',5.00,5.00,1,1),(109,88,47,12,NULL,'Winztime Pencil',5.00,5.00,1,1),(110,88,42,17,NULL,'Skipping Rope',20.00,20.00,1,1),(111,88,7,13,NULL,'Wrist Band',10.00,10.00,1,1),(112,89,47,12,NULL,'Winztime Pencil',5.00,5.00,1,1),(113,90,7,13,NULL,'Wrist Band',10.00,10.00,1,1),(114,91,42,17,NULL,'Skipping Rope',20.00,20.00,1,1),(115,92,47,12,NULL,'Winztime Pencil',5.00,5.00,1,1),(116,93,47,12,NULL,'Winztime Pencil',5.00,5.00,1,1),(117,94,47,12,NULL,'Winztime Pencil',5.00,5.00,1,1),(118,95,7,13,NULL,'Wrist Band',10.00,10.00,1,1),(119,96,47,12,NULL,'Winztime Pencil',5.00,5.00,1,1),(120,97,47,12,NULL,'Winztime Pencil',5.00,5.00,1,1),(121,98,47,12,NULL,'Winztime Pencil',5.00,5.00,1,1),(122,99,47,12,NULL,'Winztime Pencil',5.00,5.00,1,1),(123,100,47,12,NULL,'Winztime Pencil',5.00,5.00,1,1),(124,100,7,13,NULL,'Wrist Band',10.00,10.00,1,1),(125,101,47,12,NULL,'Winztime Pencil',5.00,5.00,1,1),(126,102,42,17,NULL,'Skipping Rope',20.00,20.00,1,1),(127,103,47,12,NULL,'Winztime Pencil',5.00,5.00,1,1),(128,104,47,12,NULL,'Winztime Pencil',5.00,20.00,1,4),(129,105,42,17,NULL,'Skipping Rope',20.00,20.00,1,1),(130,106,47,12,NULL,'Winztime Pencil',5.00,5.00,1,1),(131,107,47,12,NULL,'Winztime Pencil',5.00,5.00,1,1),(132,108,42,17,NULL,'Skipping Rope',20.00,20.00,1,1),(133,109,47,12,NULL,'Winztime Pencil',5.00,5.00,1,1),(134,110,47,12,NULL,'Winztime Pencil',5.00,5.00,1,1),(135,110,7,13,NULL,'Wrist Band',10.00,10.00,1,1),(136,111,42,17,NULL,'Skipping Rope',20.00,40.00,1,2),(137,112,47,12,NULL,'Winztime Pencil',5.00,5.00,1,1),(138,112,7,13,NULL,'Wrist Band',10.00,10.00,1,1),(139,113,47,12,NULL,'Winztime Pencil',5.00,5.00,1,1),(140,113,42,17,NULL,'Skipping Rope',20.00,20.00,1,1),(141,113,7,13,NULL,'Wrist Band',10.00,10.00,1,1),(142,114,47,12,NULL,'Winztime Pencil',5.00,5.00,1,1),(143,115,47,12,NULL,'Winztime Pencil',5.00,5.00,1,1),(144,116,47,12,NULL,'Winztime Pencil',5.00,5.00,1,1),(145,116,7,13,NULL,'Wrist Band',10.00,10.00,1,1),(146,117,47,12,NULL,'Winztime Pencil',5.00,5.00,1,1),(147,118,47,12,NULL,'Winztime Pencil',5.00,5.00,1,1),(148,119,47,12,NULL,'Winztime Pencil',5.00,5.00,1,1),(149,120,42,17,NULL,'Skipping Rope',20.00,40.00,1,2),(150,120,7,13,NULL,'Wrist Band',10.00,10.00,1,1),(151,120,9,14,NULL,'Anti Stress Ball',15.00,15.00,1,1),(152,121,47,12,NULL,'Winztime Pencil',5.00,5.00,1,1),(153,122,42,17,NULL,'Skipping Rope',20.00,20.00,1,1),(154,123,47,12,NULL,'Winztime Pencil',5.00,5.00,1,1),(155,124,47,12,NULL,'Winztime Pencil',5.00,5.00,1,1),(156,125,47,12,NULL,'Winztime Pencil',5.00,5.00,1,1),(157,126,47,12,NULL,'Winztime Pencil',5.00,5.00,1,1),(158,127,47,12,NULL,'Winztime Pencil',5.00,5.00,1,1),(159,128,7,13,NULL,'Wrist Band',10.00,10.00,1,1),(160,129,7,13,NULL,'Wrist Band',10.00,20.00,1,2),(161,130,47,12,NULL,'Winztime Pencil',5.00,5.00,1,1),(162,131,47,12,NULL,'Winztime Pencil',5.00,5.00,1,1),(163,131,42,17,NULL,'Skipping Rope',20.00,20.00,1,1),(164,131,7,13,NULL,'Wrist Band',10.00,10.00,1,1),(165,131,9,14,NULL,'Anti Stress Ball',15.00,15.00,1,1),(166,132,42,17,NULL,'Skipping Rope',20.00,60.00,1,3),(167,132,7,13,NULL,'Wrist Band',10.00,20.00,1,2),(168,132,9,14,NULL,'Anti Stress Ball',15.00,15.00,1,1),(169,133,47,12,NULL,'Winztime Pencil',5.00,5.00,1,1),(170,134,47,12,NULL,'Winztime Pencil',5.00,5.00,1,1),(171,135,7,13,NULL,'Wrist Band',10.00,10.00,1,1),(172,136,7,13,NULL,'Wrist Band',10.00,10.00,1,1),(173,137,47,12,NULL,'Winztime Pencil',5.00,5.00,1,1),(174,138,47,12,NULL,'Winztime Pencil',5.00,5.00,1,1),(175,139,7,13,NULL,'Wrist Band',10.00,30.00,1,3),(176,140,47,12,NULL,'Winztime Pencil',5.00,5.00,1,1),(177,141,47,12,NULL,'Winztime Pencil',5.00,5.00,1,1),(178,142,47,12,NULL,'Winztime Pencil',5.00,5.00,1,1),(179,143,9,14,NULL,'Anti Stress Ball',15.00,15.00,1,1),(180,144,47,12,NULL,'Winztime Pencil',5.00,5.00,1,1),(181,145,47,12,NULL,'Winztime Pencil',5.00,25.00,1,5),(182,146,42,17,NULL,'Skipping Rope',20.00,20.00,1,1),(183,147,47,12,NULL,'Winztime Pencil',5.00,20.00,1,4),(184,147,42,17,NULL,'Skipping Rope',20.00,20.00,1,1),(185,147,7,13,NULL,'Wrist Band',10.00,10.00,1,1),(186,147,9,14,NULL,'Anti Stress Ball',15.00,15.00,1,1),(187,148,47,12,NULL,'Winztime Pencil',5.00,5.00,1,1),(188,149,47,12,NULL,'Winztime Pencil',5.00,15.00,1,3),(189,149,7,13,NULL,'Wrist Band',10.00,20.00,1,2),(190,150,42,17,NULL,'Skipping Rope',20.00,20.00,1,1),(191,150,9,14,NULL,'Anti Stress Ball',15.00,15.00,1,1),(192,151,47,12,NULL,'Winztime Pencil',5.00,5.00,1,1),(193,152,9,14,NULL,'Anti Stress Ball',15.00,15.00,1,1),(194,153,47,12,NULL,'Winztime Pencil',5.00,25.00,1,5),(195,154,47,12,NULL,'Winztime Pencil',5.00,5.00,1,1),(196,154,42,17,NULL,'Skipping Rope',20.00,20.00,1,1),(197,155,47,12,NULL,'Winztime Pencil',5.00,5.00,1,1),(198,156,12,20,NULL,'Gym Bag',50.00,50.00,1,1),(199,156,44,35,NULL,'Gym Towel',30.00,30.00,1,1),(200,157,44,35,NULL,'Gym Towel',30.00,30.00,1,1),(201,158,47,12,NULL,'Winztime Pencil',5.00,5.00,1,1),(202,158,42,17,NULL,'Skipping Rope',20.00,20.00,1,1),(203,158,7,13,NULL,'Wrist Band',10.00,10.00,1,1),(204,158,44,35,NULL,'Gym Towel',30.00,30.00,1,1),(205,159,12,20,NULL,'Gym Bag',50.00,50.00,1,1),(206,159,42,17,NULL,'Skipping Rope',20.00,20.00,1,1),(207,159,9,14,NULL,'Anti Stress Ball',15.00,15.00,1,1),(208,160,12,20,NULL,'Gym Bag',50.00,50.00,1,1),(209,160,42,17,NULL,'Skipping Rope',20.00,20.00,1,1),(210,160,9,14,NULL,'Anti Stress Ball',15.00,15.00,1,1),(211,161,47,12,NULL,'Winztime Pencil',5.00,10.00,1,2),(212,162,47,12,NULL,'Winztime Pencil',5.00,10.00,1,2),(213,162,7,13,NULL,'Wrist Band',10.00,20.00,1,2),(214,163,12,34,NULL,'Gym Bag',50.00,50.00,1,1),(215,163,42,32,NULL,'Skipping Rope',20.00,20.00,1,1),(216,163,9,33,NULL,'Anti Stress Ball',15.00,15.00,1,1),(217,164,47,12,NULL,'Winztime Pencil',5.00,5.00,1,1),(218,165,7,13,NULL,'Wrist Band',10.00,30.00,1,3),(219,166,7,13,NULL,'Wrist Band',10.00,30.00,1,3),(220,167,42,32,NULL,'Skipping Rope',20.00,20.00,1,1),(221,168,12,34,NULL,'Gym Bag',50.00,50.00,1,1),(222,169,12,34,NULL,'Gym Bag',50.00,100.00,1,2),(223,169,44,35,NULL,'Gym Towel',30.00,30.00,1,1),(224,170,44,35,NULL,'Gym Towel',30.00,60.00,1,2),(225,171,42,32,NULL,'Skipping Rope',20.00,20.00,1,1),(226,172,9,33,NULL,'Anti Stress Ball',15.00,15.00,1,1),(227,173,9,33,NULL,'Anti Stress Ball',15.00,30.00,1,2),(228,174,42,32,NULL,'Skipping Rope',20.00,20.00,1,1);
/*!40000 ALTER TABLE `orders_products` ENABLE KEYS */;
UNLOCK TABLES;

--
-- Table structure for table `orders_products_attributes`
--

DROP TABLE IF EXISTS `orders_products_attributes`;
/*!40101 SET @saved_cs_client     = @@character_set_client */;
/*!40101 SET character_set_client = utf8 */;
CREATE TABLE `orders_products_attributes` (
  `orders_products_attributes_id` int(11) NOT NULL AUTO_INCREMENT,
  `orders_id` int(11) NOT NULL,
  `orders_products_id` int(11) NOT NULL,
  `products_id` int(11) NOT NULL,
  `products_options` varchar(32) COLLATE utf8_unicode_ci NOT NULL,
  `products_options_values` varchar(32) COLLATE utf8_unicode_ci NOT NULL,
  `options_values_price` decimal(15,2) NOT NULL,
  `price_prefix` char(1) COLLATE utf8_unicode_ci NOT NULL,
  PRIMARY KEY (`orders_products_attributes_id`),
  KEY `idx_orders_products_att_orders_id` (`orders_id`)
) ENGINE=InnoDB DEFAULT CHARSET=utf8 COLLATE=utf8_unicode_ci;
/*!40101 SET character_set_client = @saved_cs_client */;

--
-- Dumping data for table `orders_products_attributes`
--

LOCK TABLES `orders_products_attributes` WRITE;
/*!40000 ALTER TABLE `orders_products_attributes` DISABLE KEYS */;
/*!40000 ALTER TABLE `orders_products_attributes` ENABLE KEYS */;
UNLOCK TABLES;

--
-- Table structure for table `orders_status`
--

DROP TABLE IF EXISTS `orders_status`;
/*!40101 SET @saved_cs_client     = @@character_set_client */;
/*!40101 SET character_set_client = utf8 */;
CREATE TABLE `orders_status` (
  `orders_status_id` int(11) NOT NULL AUTO_INCREMENT,
  `public_flag` int(11) DEFAULT '0',
  `downloads_flag` int(11) DEFAULT '0',
  `role_id` int(11) DEFAULT NULL,
  PRIMARY KEY (`orders_status_id`)
) ENGINE=InnoDB AUTO_INCREMENT=5 DEFAULT CHARSET=utf8 COLLATE=utf8_unicode_ci;
/*!40101 SET character_set_client = @saved_cs_client */;

--
-- Dumping data for table `orders_status`
--

LOCK TABLES `orders_status` WRITE;
/*!40000 ALTER TABLE `orders_status` DISABLE KEYS */;
INSERT INTO `orders_status` VALUES (1,0,0,2),(2,0,0,2),(3,0,0,2),(4,0,0,2);
/*!40000 ALTER TABLE `orders_status` ENABLE KEYS */;
UNLOCK TABLES;

--
-- Table structure for table `orders_status_description`
--

DROP TABLE IF EXISTS `orders_status_description`;
/*!40101 SET @saved_cs_client     = @@character_set_client */;
/*!40101 SET character_set_client = utf8 */;
CREATE TABLE `orders_status_description` (
  `orders_status_description_id` int(11) NOT NULL AUTO_INCREMENT,
  `orders_status_id` int(11) NOT NULL,
  `orders_status_name` varchar(191) COLLATE utf8_unicode_ci NOT NULL,
  `language_id` int(11) NOT NULL,
  PRIMARY KEY (`orders_status_description_id`)
) ENGINE=InnoDB AUTO_INCREMENT=5 DEFAULT CHARSET=utf8 COLLATE=utf8_unicode_ci;
/*!40101 SET character_set_client = @saved_cs_client */;

--
-- Dumping data for table `orders_status_description`
--

LOCK TABLES `orders_status_description` WRITE;
/*!40000 ALTER TABLE `orders_status_description` DISABLE KEYS */;
INSERT INTO `orders_status_description` VALUES (1,1,'Pending',1),(2,2,'Completed',1),(3,3,'Cancel',1),(4,4,'Return',1);
/*!40000 ALTER TABLE `orders_status_description` ENABLE KEYS */;
UNLOCK TABLES;

--
-- Table structure for table `orders_status_history`
--

DROP TABLE IF EXISTS `orders_status_history`;
/*!40101 SET @saved_cs_client     = @@character_set_client */;
/*!40101 SET character_set_client = utf8 */;
CREATE TABLE `orders_status_history` (
  `orders_status_history_id` int(11) NOT NULL AUTO_INCREMENT,
  `orders_id` int(11) NOT NULL,
  `orders_status_id` int(11) NOT NULL,
  `date_added` datetime NOT NULL,
  `customer_notified` int(11) DEFAULT '0',
  `comments` text COLLATE utf8_unicode_ci,
  PRIMARY KEY (`orders_status_history_id`),
  KEY `idx_orders_status_history_orders_id` (`orders_id`)
) ENGINE=InnoDB AUTO_INCREMENT=447 DEFAULT CHARSET=utf8 COLLATE=utf8_unicode_ci;
/*!40101 SET character_set_client = @saved_cs_client */;

--
-- Dumping data for table `orders_status_history`
--

LOCK TABLES `orders_status_history` WRITE;
/*!40000 ALTER TABLE `orders_status_history` DISABLE KEYS */;
INSERT INTO `orders_status_history` VALUES (1,1,1,'2021-07-01 06:14:58',1,''),(2,2,1,'2021-07-03 02:07:04',1,''),(3,3,1,'2021-07-04 12:12:07',1,''),(4,4,1,'2021-07-05 05:15:47',1,''),(5,5,1,'2021-07-05 05:16:13',1,''),(6,6,1,'2021-07-05 05:19:37',1,''),(7,7,1,'2021-07-05 05:20:12',1,''),(8,8,1,'2021-07-05 05:21:32',1,''),(9,9,1,'2021-07-05 05:22:35',1,''),(10,10,1,'2021-07-05 05:23:33',1,''),(11,11,1,'2021-07-05 05:31:52',1,''),(12,12,1,'2021-07-05 08:04:37',1,''),(13,13,1,'2021-07-06 02:22:15',1,''),(14,14,1,'2021-07-06 02:27:36',1,''),(15,15,1,'2021-07-06 03:22:02',1,''),(16,16,1,'2021-07-06 03:24:25',1,''),(17,17,1,'2021-07-06 03:26:05',1,''),(18,18,1,'2021-07-06 03:30:56',1,''),(19,19,1,'2021-07-06 03:31:48',1,''),(20,20,1,'2021-07-06 09:50:13',1,''),(21,21,1,'2021-07-06 09:55:16',1,''),(22,22,1,'2021-07-06 09:56:34',1,''),(23,23,1,'2021-07-06 09:59:29',1,''),(24,24,1,'2021-07-06 10:01:43',1,''),(25,25,1,'2021-07-06 10:02:28',1,''),(26,26,1,'2021-07-06 10:02:40',1,''),(27,27,1,'2021-07-06 10:03:41',1,''),(28,28,1,'2021-07-06 10:04:27',1,''),(29,29,1,'2021-07-06 10:05:35',1,''),(30,30,1,'2021-07-06 10:07:59',1,''),(31,31,1,'2021-07-06 10:08:30',1,''),(32,32,1,'2021-07-06 10:25:53',1,''),(33,33,1,'2021-07-06 10:56:55',1,''),(34,34,1,'2021-07-06 11:11:16',1,''),(35,35,1,'2021-07-06 11:13:34',1,''),(36,36,1,'2021-07-06 11:15:13',1,''),(37,37,1,'2021-07-06 11:15:17',1,''),(38,38,1,'2021-07-06 11:20:18',1,''),(39,39,1,'2021-07-06 11:25:16',1,''),(40,40,1,'2021-07-06 11:27:47',1,''),(41,41,1,'2021-07-06 11:28:25',1,''),(42,42,1,'2021-07-06 11:59:34',1,''),(43,43,1,'2021-07-06 12:01:07',1,''),(44,44,1,'2021-07-06 12:02:29',1,''),(45,45,1,'2021-07-06 12:04:13',1,''),(46,46,1,'2021-07-06 01:25:21',1,''),(47,47,1,'2021-07-06 01:27:39',1,''),(48,48,1,'2021-07-06 01:35:00',1,''),(49,49,1,'2021-07-06 01:36:39',1,''),(50,50,1,'2021-07-06 01:36:56',1,''),(51,51,1,'2021-07-06 01:37:08',1,''),(52,52,1,'2021-07-06 01:37:43',1,''),(53,53,1,'2021-07-06 01:39:01',1,''),(54,54,1,'2021-07-06 01:39:27',1,''),(55,55,1,'2021-07-06 01:40:35',1,''),(56,56,1,'2021-07-06 01:48:19',1,''),(57,57,1,'2021-07-06 01:52:27',1,''),(58,58,1,'2021-07-06 01:54:47',1,''),(59,59,1,'2021-07-06 01:58:30',1,''),(60,60,1,'2021-07-06 02:05:52',1,''),(61,61,1,'2021-07-06 02:23:55',1,''),(62,62,1,'2021-07-06 02:32:51',1,''),(63,63,1,'2021-07-06 02:33:31',1,''),(64,64,1,'2021-07-06 02:34:00',1,''),(65,65,1,'2021-07-06 02:34:10',1,''),(66,66,1,'2021-07-06 02:34:58',1,''),(67,67,1,'2021-07-06 02:35:02',1,''),(68,68,1,'2021-07-06 02:36:18',1,''),(69,69,1,'2021-07-06 02:38:55',1,''),(70,70,1,'2021-07-06 02:39:57',1,''),(71,71,1,'2021-07-06 02:40:54',1,''),(72,72,1,'2021-07-06 02:41:09',1,''),(73,73,1,'2021-07-06 02:42:13',1,''),(74,74,1,'2021-07-06 02:44:38',1,''),(75,75,1,'2021-07-06 02:47:50',1,''),(76,76,1,'2021-07-06 02:48:03',1,''),(77,77,1,'2021-07-06 02:50:08',1,''),(78,78,1,'2021-07-06 02:51:41',1,''),(79,79,1,'2021-07-06 02:58:18',1,''),(80,80,1,'2021-07-06 03:00:39',1,''),(81,81,1,'2021-07-06 03:01:39',1,''),(82,82,1,'2021-07-06 03:06:10',1,''),(83,83,1,'2021-07-06 03:37:27',1,''),(84,84,1,'2021-07-06 04:17:18',1,''),(85,85,1,'2021-07-06 04:18:41',1,''),(86,86,1,'2021-07-06 04:19:21',1,''),(87,87,1,'2021-07-06 04:20:22',1,''),(88,88,1,'2021-07-06 04:21:23',1,''),(89,89,1,'2021-07-06 04:25:28',1,''),(90,90,1,'2021-07-06 05:29:41',1,''),(91,91,1,'2021-07-06 05:38:18',1,''),(92,92,1,'2021-07-06 05:53:32',1,''),(93,93,1,'2021-07-06 06:06:48',1,''),(94,94,1,'2021-07-06 06:28:22',1,''),(95,95,1,'2021-07-06 08:01:28',1,''),(96,96,1,'2021-07-06 08:21:52',1,''),(97,97,1,'2021-07-06 08:52:05',1,''),(98,98,1,'2021-07-06 09:14:58',1,''),(99,99,1,'2021-07-07 10:22:39',1,''),(100,100,1,'2021-07-07 03:51:59',1,''),(101,101,1,'2021-07-07 06:40:26',1,''),(102,102,1,'2021-07-07 06:53:45',1,''),(103,103,1,'2021-07-07 07:38:15',1,''),(104,104,1,'2021-07-07 07:38:41',1,''),(105,105,1,'2021-07-07 07:43:40',1,''),(106,106,1,'2021-07-07 07:55:19',1,''),(107,107,1,'2021-07-07 08:00:44',1,''),(108,108,1,'2021-07-07 08:03:08',1,''),(109,109,1,'2021-07-07 08:04:49',1,''),(110,110,1,'2021-07-07 08:10:51',1,''),(111,111,1,'2021-07-07 08:17:11',1,''),(112,112,1,'2021-07-07 08:35:58',1,''),(113,113,1,'2021-07-07 08:37:45',1,''),(114,114,1,'2021-07-07 08:45:00',1,''),(115,115,1,'2021-07-07 09:17:09',1,''),(116,116,1,'2021-07-07 09:43:26',1,''),(117,117,1,'2021-07-08 11:38:41',1,''),(118,118,1,'2021-07-08 12:21:00',1,''),(119,119,1,'2021-07-08 12:23:50',1,''),(120,120,1,'2021-07-08 01:30:07',1,''),(121,121,1,'2021-07-08 01:42:29',1,''),(122,122,1,'2021-07-08 01:43:31',1,''),(123,123,1,'2021-07-08 01:44:38',1,''),(124,124,1,'2021-07-08 01:45:14',1,''),(125,125,1,'2021-07-08 01:45:44',1,''),(126,126,1,'2021-07-08 01:47:59',1,''),(127,127,1,'2021-07-08 01:49:33',1,''),(128,128,1,'2021-07-08 01:50:01',1,''),(129,129,1,'2021-07-08 01:50:48',1,''),(130,130,1,'2021-07-08 01:53:11',1,''),(131,131,1,'2021-07-08 02:01:20',1,''),(132,132,1,'2021-07-08 02:03:58',1,''),(133,133,1,'2021-07-08 02:04:45',1,''),(134,134,1,'2021-07-08 02:06:20',1,''),(135,135,1,'2021-07-08 02:06:43',1,''),(136,136,1,'2021-07-08 02:09:16',1,''),(137,137,1,'2021-07-08 02:09:22',1,''),(138,138,1,'2021-07-08 02:10:33',1,''),(139,139,1,'2021-07-08 02:11:59',1,''),(140,140,1,'2021-07-08 02:13:36',1,''),(141,141,1,'2021-07-08 02:14:36',1,''),(142,142,1,'2021-07-08 02:14:44',1,''),(143,143,1,'2021-07-08 02:16:43',1,''),(144,144,1,'2021-07-08 02:19:24',1,''),(145,145,1,'2021-07-08 02:27:51',1,''),(146,146,1,'2021-07-08 02:31:18',1,''),(147,147,1,'2021-07-08 02:31:27',1,''),(148,148,1,'2021-07-08 02:31:48',1,''),(149,149,1,'2021-07-08 02:32:57',1,''),(150,150,1,'2021-07-08 02:40:35',1,''),(151,151,1,'2021-07-08 02:41:34',1,''),(152,152,1,'2021-07-08 02:48:20',1,''),(153,153,1,'2021-07-08 03:01:38',1,''),(154,154,1,'2021-07-08 03:01:42',1,''),(155,155,1,'2021-07-08 03:03:48',1,''),(156,156,1,'2021-07-08 03:21:52',1,''),(157,157,1,'2021-07-08 03:23:23',1,''),(158,158,1,'2021-07-08 03:24:57',1,''),(159,159,1,'2021-07-08 03:26:54',1,''),(160,160,1,'2021-07-08 03:29:30',1,''),(161,161,1,'2021-07-08 03:50:39',1,''),(162,162,1,'2021-07-08 03:55:11',1,''),(163,163,1,'2021-07-08 03:59:33',1,''),(164,164,1,'2021-07-08 04:01:07',1,''),(165,165,1,'2021-07-08 04:09:36',1,''),(166,166,1,'2021-07-08 04:11:46',1,''),(167,167,1,'2021-07-08 04:15:12',1,''),(168,168,1,'2021-07-08 04:17:53',1,''),(169,169,1,'2021-07-08 04:18:12',1,''),(170,170,1,'2021-07-08 04:27:01',1,''),(171,171,1,'2021-07-08 04:43:58',1,''),(172,172,1,'2021-07-08 04:44:18',1,''),(173,1,1,'2021-07-08 04:58:10',1,''),(174,2,1,'2021-07-08 04:59:44',1,''),(175,3,1,'2021-07-08 05:01:20',1,''),(176,4,1,'2021-07-08 05:03:58',1,''),(177,5,1,'2021-07-08 05:08:58',1,''),(178,6,1,'2021-07-08 05:11:48',1,''),(179,7,1,'2021-07-08 05:14:30',1,''),(180,8,1,'2021-07-08 05:15:24',1,''),(181,9,1,'2021-07-08 05:15:26',1,''),(182,10,1,'2021-07-08 05:16:40',1,''),(183,11,1,'2021-07-08 05:18:28',1,''),(184,12,1,'2021-07-08 05:19:03',1,''),(185,13,1,'2021-07-08 05:20:22',1,''),(186,14,1,'2021-07-08 05:22:07',1,''),(187,15,1,'2021-07-08 05:22:36',1,''),(188,16,1,'2021-07-08 05:23:25',1,''),(189,17,1,'2021-07-08 05:25:22',1,''),(190,18,1,'2021-07-08 05:28:52',1,''),(191,19,1,'2021-07-08 05:31:18',1,''),(192,20,1,'2021-07-08 05:53:39',1,''),(193,21,1,'2021-07-08 05:53:42',1,''),(194,22,1,'2021-07-08 05:55:12',1,''),(195,23,1,'2021-07-08 05:58:19',1,''),(196,24,1,'2021-07-08 05:59:19',1,''),(197,25,1,'2021-07-08 06:00:33',1,''),(198,26,1,'2021-07-08 06:17:44',1,''),(199,27,1,'2021-07-08 06:19:09',1,''),(200,28,1,'2021-07-08 06:26:17',1,''),(201,29,1,'2021-07-08 06:27:07',1,''),(202,30,1,'2021-07-08 06:27:45',1,''),(203,31,1,'2021-07-08 06:30:07',1,''),(204,32,1,'2021-07-08 06:30:59',1,''),(205,33,1,'2021-07-08 06:31:13',1,''),(206,34,1,'2021-07-08 06:32:45',1,''),(207,35,1,'2021-07-08 06:33:14',1,''),(208,36,1,'2021-07-08 06:36:41',1,''),(209,37,1,'2021-07-08 06:37:52',1,''),(210,38,1,'2021-07-08 06:55:59',1,''),(211,1,1,'2021-07-09 03:28:00',1,''),(212,2,1,'2021-07-09 03:40:49',1,''),(213,1,1,'2021-07-11 11:55:07',1,''),(214,2,1,'2021-07-11 11:57:08',1,''),(215,3,1,'2021-07-11 11:58:55',1,''),(216,4,1,'2021-07-11 12:02:39',1,''),(217,5,1,'2021-07-11 12:02:50',1,''),(218,6,1,'2021-07-11 12:03:06',1,''),(219,7,1,'2021-07-11 12:03:28',1,''),(220,8,1,'2021-07-11 12:18:48',1,''),(221,9,1,'2021-07-11 12:21:50',1,''),(222,10,1,'2021-07-11 12:39:16',1,''),(223,11,1,'2021-07-11 02:41:22',1,''),(224,12,1,'2021-07-11 03:09:08',1,''),(225,13,1,'2021-07-11 04:00:52',1,''),(226,14,1,'2021-07-11 04:06:06',1,''),(227,15,1,'2021-07-11 04:07:41',1,''),(228,16,1,'2021-07-11 04:16:16',1,''),(229,17,1,'2021-07-11 04:19:44',1,''),(230,18,1,'2021-07-11 04:26:13',1,''),(231,19,1,'2021-07-11 04:32:12',1,''),(232,20,1,'2021-07-11 04:35:07',1,''),(233,21,1,'2021-07-11 04:41:09',1,''),(234,22,1,'2021-07-11 04:46:01',1,''),(235,23,1,'2021-07-11 04:51:09',1,''),(236,24,1,'2021-07-11 05:20:19',1,''),(237,1,1,'2021-07-12 11:04:12',1,''),(238,2,1,'2021-07-12 11:16:20',1,''),(239,3,1,'2021-07-12 02:18:41',1,''),(240,4,1,'2021-07-12 02:30:48',1,''),(241,5,1,'2021-07-12 02:56:13',1,''),(242,6,1,'2021-07-12 02:58:06',1,''),(243,7,1,'2021-07-12 03:00:38',1,''),(244,8,1,'2021-07-12 03:02:45',1,''),(245,9,1,'2021-07-12 03:08:12',1,''),(246,10,1,'2021-07-12 03:49:28',1,''),(247,11,1,'2021-07-12 03:54:05',1,''),(248,12,1,'2021-07-12 06:36:30',1,''),(249,1,1,'2021-07-13 12:47:16',1,''),(250,2,1,'2021-07-13 01:53:20',1,''),(251,1,1,'2021-07-13 04:29:43',1,''),(252,2,1,'2021-07-15 03:53:24',1,''),(253,3,1,'2021-07-15 03:54:41',1,''),(254,4,1,'2021-07-15 03:55:48',1,''),(255,5,1,'2021-07-15 03:56:58',1,''),(256,6,1,'2021-07-15 03:57:40',1,''),(257,7,1,'2021-07-15 03:58:45',1,''),(258,8,1,'2021-07-26 01:22:41',1,''),(259,9,1,'2021-07-26 01:31:04',1,''),(260,4,2,'2021-08-01 05:19:54',1,NULL),(261,3,2,'2021-08-02 12:22:02',1,NULL),(262,10,1,'2021-08-10 01:23:51',1,''),(263,11,1,'2021-08-31 02:46:50',1,''),(264,12,1,'2021-08-31 03:37:32',1,''),(265,13,1,'2021-08-31 07:08:41',1,''),(266,14,1,'2021-09-02 09:48:52',1,''),(267,15,1,'2021-09-03 02:18:29',1,''),(268,13,2,'2021-09-03 03:09:50',1,NULL),(269,12,2,'2021-09-03 03:10:18',1,NULL),(270,16,1,'2021-09-05 09:10:18',1,''),(271,17,1,'2021-09-05 11:12:25',1,''),(272,18,1,'2021-09-05 04:08:50',1,''),(273,19,1,'2021-09-05 04:39:57',1,''),(274,20,1,'2021-09-05 06:26:22',1,''),(275,21,1,'2021-09-07 11:06:26',1,''),(276,22,1,'2021-09-07 11:35:45',1,''),(277,23,1,'2021-09-07 11:57:07',1,''),(278,24,1,'2021-09-07 01:04:09',1,''),(279,25,1,'2021-09-07 01:56:39',1,''),(280,26,1,'2021-09-11 10:21:49',1,''),(281,27,1,'2021-09-12 12:17:18',1,''),(282,28,1,'2021-09-12 08:16:36',1,''),(283,29,1,'2021-09-12 08:31:14',1,''),(284,1,2,'2021-09-12 10:18:19',1,NULL),(285,8,2,'2021-09-12 10:19:17',1,NULL),(286,9,2,'2021-09-12 10:19:49',1,NULL),(287,11,2,'2021-09-12 10:20:19',1,NULL),(288,30,1,'2021-09-13 01:12:23',1,''),(289,31,1,'2021-09-13 06:22:35',1,''),(290,32,1,'2021-09-13 07:27:07',1,''),(291,33,1,'2021-09-13 10:30:35',1,''),(292,34,1,'2021-09-13 11:38:51',1,''),(293,35,1,'2021-09-14 12:42:13',1,''),(294,36,1,'2021-09-14 01:00:37',1,''),(295,37,1,'2021-09-14 10:58:13',1,''),(296,38,1,'2021-09-14 10:28:34',1,''),(297,39,1,'2021-09-15 08:07:34',1,''),(298,40,1,'2021-09-15 12:04:28',1,''),(299,41,1,'2021-09-15 12:09:04',1,''),(300,42,1,'2021-09-15 12:43:17',1,''),(301,17,2,'2021-09-15 02:36:53',1,NULL),(302,16,2,'2021-09-15 02:37:20',1,NULL),(303,21,2,'2021-09-15 02:38:07',1,NULL),(304,24,2,'2021-09-15 02:39:00',1,NULL),(305,42,2,'2021-09-15 02:45:04',1,NULL),(306,25,2,'2021-09-15 02:49:31',1,NULL),(307,42,2,'2021-09-15 02:50:25',1,NULL),(308,42,2,'2021-09-15 02:50:57',1,NULL),(309,42,2,'2021-09-15 03:01:47',1,NULL),(310,42,2,'2021-09-15 03:02:01',1,NULL),(311,42,2,'2021-09-15 03:18:27',1,NULL),(312,42,3,'2021-09-15 03:18:44',1,NULL),(313,43,1,'2021-09-15 04:18:03',1,''),(314,43,2,'2021-09-15 04:33:15',1,NULL),(315,44,1,'2021-09-15 05:35:24',1,''),(316,45,1,'2021-09-15 06:53:36',1,''),(317,45,2,'2021-09-15 07:01:13',1,NULL),(318,46,1,'2021-09-16 09:11:39',1,''),(319,47,1,'2021-09-17 01:55:21',1,''),(320,48,1,'2021-09-17 03:29:08',1,''),(321,49,1,'2021-09-17 04:35:57',1,''),(322,50,1,'2021-09-17 08:48:26',1,''),(323,51,1,'2021-09-21 12:09:34',1,''),(324,52,1,'2021-09-21 12:14:07',1,''),(325,53,1,'2021-09-21 04:50:18',1,''),(326,54,1,'2021-09-21 05:26:02',1,''),(327,55,1,'2021-09-23 09:43:17',1,''),(328,56,1,'2021-09-23 12:29:49',1,''),(329,57,1,'2021-09-26 04:41:16',1,''),(330,58,1,'2021-09-27 03:24:44',1,''),(331,59,1,'2021-09-28 07:16:04',1,''),(332,60,1,'2021-09-30 12:10:51',1,''),(333,61,1,'2021-10-03 02:15:28',1,''),(334,62,1,'2021-10-03 05:33:26',1,''),(335,63,1,'2021-10-03 05:48:51',1,''),(336,64,1,'2021-10-04 11:59:26',1,''),(337,65,1,'2021-10-04 02:43:40',1,''),(338,66,1,'2021-10-04 05:54:03',1,''),(339,67,1,'2021-10-05 10:43:22',1,''),(340,68,1,'2021-10-05 04:02:13',1,''),(341,69,1,'2021-10-05 06:35:25',1,''),(342,70,1,'2021-10-05 07:23:53',1,''),(343,71,1,'2021-10-05 08:15:51',1,''),(344,72,1,'2021-10-05 08:26:50',1,''),(345,73,1,'2021-10-06 10:07:21',1,''),(346,74,1,'2021-10-06 10:20:48',1,''),(347,75,1,'2021-10-06 10:41:01',1,''),(348,76,1,'2021-10-06 10:42:01',1,''),(349,77,1,'2021-10-06 12:42:35',1,''),(350,78,1,'2021-10-06 05:53:16',1,''),(351,79,1,'2021-10-08 01:40:56',1,''),(352,80,1,'2021-10-08 01:57:33',1,''),(353,81,1,'2021-10-08 02:01:09',1,''),(354,82,1,'2021-10-11 02:25:22',1,''),(355,83,1,'2021-10-13 08:29:47',1,''),(356,84,1,'2021-10-15 10:09:29',1,''),(357,85,1,'2021-10-16 08:55:19',1,''),(358,86,1,'2021-10-17 09:43:02',1,''),(359,87,1,'2021-10-22 08:31:18',1,''),(360,88,1,'2021-10-24 03:07:28',1,''),(361,89,1,'2021-10-26 03:15:47',1,''),(362,90,1,'2021-10-26 03:19:24',1,''),(363,91,1,'2021-10-26 03:23:43',1,''),(364,92,1,'2021-10-26 04:09:35',1,''),(365,93,1,'2021-10-26 10:38:05',1,''),(366,94,1,'2021-10-26 03:23:45',1,''),(367,95,1,'2021-10-26 03:31:51',1,''),(368,96,1,'2021-10-27 12:21:01',1,''),(369,97,1,'2021-10-27 07:25:05',1,''),(370,98,1,'2021-10-27 07:28:15',1,''),(371,99,1,'2021-10-27 07:34:34',1,''),(372,100,1,'2021-10-27 01:00:35',1,''),(373,101,1,'2021-10-28 12:46:11',1,''),(374,102,1,'2021-10-28 12:06:42',1,''),(375,103,1,'2021-10-28 12:51:54',1,''),(376,104,1,'2021-10-28 12:57:47',1,''),(377,105,1,'2021-10-28 01:03:02',1,''),(378,106,1,'2021-10-29 03:47:09',1,''),(379,107,1,'2021-10-29 04:48:22',1,''),(380,108,1,'2021-10-29 04:59:14',1,''),(381,109,1,'2021-10-29 06:06:16',1,''),(382,110,1,'2021-10-29 06:18:01',1,''),(383,111,1,'2021-10-29 08:36:52',1,''),(384,112,1,'2021-10-29 11:07:34',1,''),(385,113,1,'2021-10-29 11:20:21',1,''),(386,114,1,'2021-10-29 08:41:38',1,''),(387,115,1,'2021-10-30 04:46:30',1,''),(388,116,1,'2021-10-30 04:51:38',1,''),(389,117,1,'2021-10-30 11:14:35',1,''),(390,118,1,'2021-10-31 01:12:26',1,''),(391,119,1,'2021-10-31 02:27:39',1,''),(392,120,1,'2021-10-31 10:52:43',1,''),(393,121,1,'2021-10-31 11:27:08',1,''),(394,122,1,'2021-10-31 03:06:40',1,''),(395,123,1,'2021-11-01 05:33:33',1,''),(396,124,1,'2021-11-01 03:02:28',1,''),(397,125,1,'2021-11-01 11:14:13',1,''),(398,126,1,'2021-11-01 11:22:28',1,''),(399,127,1,'2021-11-02 12:07:30',1,''),(400,128,1,'2021-11-02 02:52:03',1,''),(401,129,1,'2021-11-02 04:26:00',1,''),(402,130,1,'2021-11-03 12:56:45',1,''),(403,131,1,'2021-11-03 07:25:27',1,''),(404,132,1,'2021-11-03 09:06:46',1,''),(405,133,1,'2021-11-04 12:34:19',1,''),(406,134,1,'2021-11-05 07:31:44',1,''),(407,135,1,'2021-11-05 08:51:30',1,''),(408,136,1,'2021-11-05 09:56:51',1,''),(409,137,1,'2021-11-05 10:05:25',1,''),(410,138,1,'2021-11-05 07:40:11',1,''),(411,139,1,'2021-11-06 10:53:06',1,''),(412,140,1,'2021-11-06 12:05:54',1,''),(413,141,1,'2021-11-06 01:32:30',1,''),(414,142,1,'2021-11-06 01:51:54',1,''),(415,143,1,'2021-11-06 02:09:13',1,''),(416,144,1,'2021-11-06 03:55:41',1,''),(417,145,1,'2021-11-06 03:58:19',1,''),(418,146,1,'2021-11-06 09:15:11',1,''),(419,147,1,'2021-11-06 09:21:10',1,''),(420,148,1,'2021-11-06 09:55:47',1,''),(421,149,1,'2021-11-07 01:51:03',1,''),(422,150,1,'2021-11-07 11:18:51',1,''),(423,151,1,'2021-11-08 12:46:57',1,''),(424,152,1,'2021-11-08 12:49:26',1,''),(425,153,1,'2021-11-08 07:07:03',1,''),(426,154,1,'2021-11-08 07:52:01',1,''),(427,155,1,'2021-11-08 08:19:02',1,''),(428,156,1,'2021-11-09 05:01:03',1,''),(429,157,1,'2021-11-09 05:11:10',1,''),(430,158,1,'2021-11-09 05:24:10',1,''),(431,159,1,'2021-11-09 05:26:27',1,''),(432,160,1,'2021-11-09 06:21:53',1,''),(433,161,1,'2021-11-09 08:59:30',1,''),(434,162,1,'2021-11-10 12:30:36',1,''),(435,163,1,'2021-11-10 10:36:48',1,''),(436,164,1,'2021-11-10 03:30:09',1,''),(437,165,1,'2021-11-11 11:31:33',1,''),(438,166,1,'2021-11-11 11:38:20',1,''),(439,167,1,'2021-11-11 08:08:14',1,''),(440,168,1,'2021-11-13 11:45:57',1,''),(441,169,1,'2021-11-15 10:43:33',1,''),(442,170,1,'2021-11-15 10:50:22',1,''),(443,171,1,'2021-11-16 01:34:47',1,''),(444,172,1,'2021-11-17 03:08:16',1,''),(445,173,1,'2021-11-17 03:17:13',1,''),(446,174,1,'2021-11-17 03:30:26',1,'');
/*!40000 ALTER TABLE `orders_status_history` ENABLE KEYS */;
UNLOCK TABLES;

--
-- Table structure for table `orders_total`
--

DROP TABLE IF EXISTS `orders_total`;
/*!40101 SET @saved_cs_client     = @@character_set_client */;
/*!40101 SET character_set_client = utf8 */;
CREATE TABLE `orders_total` (
  `orders_total_id` int(10) unsigned NOT NULL AUTO_INCREMENT,
  `orders_id` int(11) NOT NULL,
  `title` varchar(191) COLLATE utf8_unicode_ci NOT NULL,
  `text` varchar(191) COLLATE utf8_unicode_ci NOT NULL,
  `value` decimal(15,4) NOT NULL,
  `class` varchar(32) COLLATE utf8_unicode_ci NOT NULL,
  `sort_order` int(11) NOT NULL,
  PRIMARY KEY (`orders_total_id`),
  KEY `idx_orders_total_orders_id` (`orders_id`)
) ENGINE=InnoDB DEFAULT CHARSET=utf8 COLLATE=utf8_unicode_ci;
/*!40101 SET character_set_client = @saved_cs_client */;

--
-- Dumping data for table `orders_total`
--

LOCK TABLES `orders_total` WRITE;
/*!40000 ALTER TABLE `orders_total` DISABLE KEYS */;
/*!40000 ALTER TABLE `orders_total` ENABLE KEYS */;
UNLOCK TABLES;

--
-- Table structure for table `pages`
--

DROP TABLE IF EXISTS `pages`;
/*!40101 SET @saved_cs_client     = @@character_set_client */;
/*!40101 SET character_set_client = utf8 */;
CREATE TABLE `pages` (
  `page_id` int(11) NOT NULL AUTO_INCREMENT,
  `slug` varchar(100) COLLATE utf8mb4_unicode_ci NOT NULL,
  `status` tinyint(1) NOT NULL DEFAULT '0',
  `type` tinyint(1) NOT NULL,
  PRIMARY KEY (`page_id`)
) ENGINE=MyISAM AUTO_INCREMENT=20 DEFAULT CHARSET=utf8mb4 COLLATE=utf8mb4_unicode_ci;
/*!40101 SET character_set_client = @saved_cs_client */;

--
-- Dumping data for table `pages`
--

LOCK TABLES `pages` WRITE;
/*!40000 ALTER TABLE `pages` DISABLE KEYS */;
INSERT INTO `pages` VALUES (1,'privacy-policy',1,1),(2,'term-services',1,1),(3,'refund-policy',1,1),(4,'main-about',1,1),(5,'privacy-policy',1,2),(6,'term-services',1,2),(7,'refund-policy',1,2),(8,'about-us',1,2),(9,'ssssss',0,1),(10,'how-it-works',1,2),(11,'Community-Support',1,2),(12,'faqs',1,2),(13,'legal',1,2),(14,'covid-19',1,2),(15,'contact',1,2),(16,'winners',1,2),(19,'charities',1,2),(17,'charities',1,2),(18,'z-points',1,2);
/*!40000 ALTER TABLE `pages` ENABLE KEYS */;
UNLOCK TABLES;

--
-- Table structure for table `pages_description`
--

DROP TABLE IF EXISTS `pages_description`;
/*!40101 SET @saved_cs_client     = @@character_set_client */;
/*!40101 SET character_set_client = utf8 */;
CREATE TABLE `pages_description` (
  `page_description_id` int(11) NOT NULL AUTO_INCREMENT,
  `name` varchar(100) COLLATE utf8mb4_unicode_ci NOT NULL,
  `description` text COLLATE utf8mb4_unicode_ci NOT NULL,
  `meta_title` varchar(100) COLLATE utf8mb4_unicode_ci DEFAULT NULL,
  `meta_keyword` varchar(100) COLLATE utf8mb4_unicode_ci DEFAULT NULL,
  `meta_description` text COLLATE utf8mb4_unicode_ci,
  `language_id` int(11) NOT NULL,
  `page_id` int(11) NOT NULL,
  PRIMARY KEY (`page_description_id`)
) ENGINE=MyISAM AUTO_INCREMENT=53 DEFAULT CHARSET=utf8mb4 COLLATE=utf8mb4_unicode_ci;
/*!40101 SET character_set_client = @saved_cs_client */;

--
-- Dumping data for table `pages_description`
--

LOCK TABLES `pages_description` WRITE;
/*!40000 ALTER TABLE `pages_description` DISABLE KEYS */;
INSERT INTO `pages_description` VALUES (1,'Privacy Policy','<p>Lorem Ipsum is simply dummy text of the printing and typesetting industry. Lorem Ipsum has been the industry&#39;s standard dummy</p>\r\n\r\n<p>text ever since the 1500s, when an unknown printer took a galley of type and scrambled it to make a type specimen</p>\r\n\r\n<p>book. It has survived not only five centuries, but also the leap into electronic typesetting, remaining essentially</p>\r\n\r\n<p>unchanged. It was popularised in the 1960s with the release of Letraset sheets containing Lorem Ipsum passages,</p>\r\n\r\n<p>and more recently with desktop publishing software like Aldus PageMaker including versions of Lorem Ipsum. Lorem</p>\r\n\r\n<p>Ipsum is simply dummy text of the printing and typesetting industry. Lorem Ipsum has been the industry&#39;s standard</p>\r\n\r\n<p>dummy text ever since the 1500s, when an unknown printer took a galley of type and scrambled it to make a type</p>\r\n\r\n<p>specimen book. It has survived not only five centuries, but also the leap into electronic typesetting, remaining</p>\r\n\r\n<p>essentially unchanged. It was popularised in the 1960s with the release of Letraset sheets containing Lorem Ipsum</p>\r\n\r\n<p>passages, and more recently with desktop publishing software like Aldus PageMaker including versions of Lorem</p>\r\n\r\n<p>Ipsum. Lorem Ipsum is simply dummy text of the printing and typesetting industry. Lorem Ipsum has been the industry&#39;s</p>\r\n\r\n<p>standard dummy text ever since the 1500s, when an unknown printer took a galley of type and scrambled it to make</p>\r\n\r\n<p>a type specimen book. It has survived not only five centuries, but also the leap into electronic typesetting,</p>\r\n\r\n<p>remaining essentially unchanged. It was popularised in the 1960s with the release of Letraset sheets containing</p>\r\n\r\n<p>Lorem Ipsum passages, and more recently with desktop publishing software like Aldus PageMaker including versions</p>\r\n\r\n<p>of Lorem Ipsum. Lorem Ipsum is simply dummy text of the printing and typesetting industry. Lorem Ipsum has been</p>\r\n\r\n<p>the industry&#39;s standard dummy text ever since the 1500s, when an unknown printer took a galley of type and scrambled</p>\r\n\r\n<p>it to make a type specimen book. It has survived not only five centuries, but also the leap into electronic typesetting,</p>\r\n\r\n<p>remaining essentially unchanged. It was popularised in the 1960s with the release of Letraset sheets containing</p>\r\n\r\n<p>Lorem Ipsum passages, and more recently with desktop publishing software like Aldus PageMaker including versions</p>\r\n\r\n<p>of Lorem Ipsum. Lorem Ipsum is simply dummy text of the printing and typesetting industry. Lorem Ipsum has been</p>\r\n\r\n<p>the industry&#39;s standard dummy text ever since the 1500s, when an unknown printer took a galley of type and scrambled</p>\r\n\r\n<p>it to make a type specimen book. It has survived not only five centuries, but also the leap into electronic typesetting,</p>\r\n\r\n<p>remaining essentially unchanged. It was popularised in the 1960s with the release of Letraset sheets containing</p>\r\n\r\n<p>Lorem Ipsum passages, and more recently with desktop publishing software like Aldus PageMaker including versions</p>\r\n\r\n<p>of Lorem Ipsum.</p>',NULL,NULL,NULL,1,1),(4,'Term & Services','<p>Lorem Ipsum is simply dummy text of the printing and typesetting industry. Lorem Ipsum has been the industry&#39;s standard dummy</p>\r\n\r\n<p>text ever since the 1500s, when an unknown printer took a galley of type and scrambled it to make a type specimen</p>\r\n\r\n<p>book. It has survived not only five centuries, but also the leap into electronic typesetting, remaining essentially</p>\r\n\r\n<p>unchanged. It was popularised in the 1960s with the release of Letraset sheets containing Lorem Ipsum passages,</p>\r\n\r\n<p>and more recently with desktop publishing software like Aldus PageMaker including versions of Lorem Ipsum. Lorem</p>\r\n\r\n<p>Ipsum is simply dummy text of the printing and typesetting industry. Lorem Ipsum has been the industry&#39;s standard</p>\r\n\r\n<p>dummy text ever since the 1500s, when an unknown printer took a galley of type and scrambled it to make a type</p>\r\n\r\n<p>specimen book. It has survived not only five centuries, but also the leap into electronic typesetting, remaining</p>\r\n\r\n<p>essentially unchanged. It was popularised in the 1960s with the release of Letraset sheets containing Lorem Ipsum</p>\r\n\r\n<p>passages, and more recently with desktop publishing software like Aldus PageMaker including versions of Lorem</p>\r\n\r\n<p>Ipsum. Lorem Ipsum is simply dummy text of the printing and typesetting industry. Lorem Ipsum has been the industry&#39;s</p>\r\n\r\n<p>standard dummy text ever since the 1500s, when an unknown printer took a galley of type and scrambled it to make</p>\r\n\r\n<p>a type specimen book. It has survived not only five centuries, but also the leap into electronic typesetting,</p>\r\n\r\n<p>remaining essentially unchanged. It was popularised in the 1960s with the release of Letraset sheets containing</p>\r\n\r\n<p>Lorem Ipsum passages, and more recently with desktop publishing software like Aldus PageMaker including versions</p>\r\n\r\n<p>of Lorem Ipsum. Lorem Ipsum is simply dummy text of the printing and typesetting industry. Lorem Ipsum has been</p>\r\n\r\n<p>the industry&#39;s standard dummy text ever since the 1500s, when an unknown printer took a galley of type and scrambled</p>\r\n\r\n<p>it to make a type specimen book. It has survived not only five centuries, but also the leap into electronic typesetting,</p>\r\n\r\n<p>remaining essentially unchanged. It was popularised in the 1960s with the release of Letraset sheets containing</p>\r\n\r\n<p>Lorem Ipsum passages, and more recently with desktop publishing software like Aldus PageMaker including versions</p>\r\n\r\n<p>of Lorem Ipsum. Lorem Ipsum is simply dummy text of the printing and typesetting industry. Lorem Ipsum has been</p>\r\n\r\n<p>the industry&#39;s standard dummy text ever since the 1500s, when an unknown printer took a galley of type and scrambled</p>\r\n\r\n<p>it to make a type specimen book. It has survived not only five centuries, but also the leap into electronic typesetting,</p>\r\n\r\n<p>remaining essentially unchanged. It was popularised in the 1960s with the release of Letraset sheets containing</p>\r\n\r\n<p>Lorem Ipsum passages, and more recently with desktop publishing software like Aldus PageMaker including versions</p>\r\n\r\n<p>of Lorem Ipsum.</p>',NULL,NULL,NULL,1,2),(7,'Refund Policy','<p>Lorem Ipsum is simply dummy text of the printing and typesetting industry. Lorem Ipsum has been the industry&#39;s standard dummy</p>\r\n\r\n<p>text ever since the 1500s, when an unknown printer took a galley of type and scrambled it to make a type specimen</p>\r\n\r\n<p>book. It has survived not only five centuries, but also the leap into electronic typesetting, remaining essentially</p>\r\n\r\n<p>unchanged. It was popularised in the 1960s with the release of Letraset sheets containing Lorem Ipsum passages,</p>\r\n\r\n<p>and more recently with desktop publishing software like Aldus PageMaker including versions of Lorem Ipsum. Lorem</p>\r\n\r\n<p>Ipsum is simply dummy text of the printing and typesetting industry. Lorem Ipsum has been the industry&#39;s standard</p>\r\n\r\n<p>dummy text ever since the 1500s, when an unknown printer took a galley of type and scrambled it to make a type</p>\r\n\r\n<p>specimen book. It has survived not only five centuries, but also the leap into electronic typesetting, remaining</p>\r\n\r\n<p>essentially unchanged. It was popularised in the 1960s with the release of Letraset sheets containing Lorem Ipsum</p>\r\n\r\n<p>passages, and more recently with desktop publishing software like Aldus PageMaker including versions of Lorem</p>\r\n\r\n<p>Ipsum. Lorem Ipsum is simply dummy text of the printing and typesetting industry. Lorem Ipsum has been the industry&#39;s</p>\r\n\r\n<p>standard dummy text ever since the 1500s, when an unknown printer took a galley of type and scrambled it to make</p>\r\n\r\n<p>a type specimen book. It has survived not only five centuries, but also the leap into electronic typesetting,</p>\r\n\r\n<p>remaining essentially unchanged. It was popularised in the 1960s with the release of Letraset sheets containing</p>\r\n\r\n<p>Lorem Ipsum passages, and more recently with desktop publishing software like Aldus PageMaker including versions</p>\r\n\r\n<p>of Lorem Ipsum. Lorem Ipsum is simply dummy text of the printing and typesetting industry. Lorem Ipsum has been</p>\r\n\r\n<p>the industry&#39;s standard dummy text ever since the 1500s, when an unknown printer took a galley of type and scrambled</p>\r\n\r\n<p>it to make a type specimen book. It has survived not only five centuries, but also the leap into electronic typesetting,</p>\r\n\r\n<p>remaining essentially unchanged. It was popularised in the 1960s with the release of Letraset sheets containing</p>\r\n\r\n<p>Lorem Ipsum passages, and more recently with desktop publishing software like Aldus PageMaker including versions</p>\r\n\r\n<p>of Lorem Ipsum. Lorem Ipsum is simply dummy text of the printing and typesetting industry. Lorem Ipsum has been</p>\r\n\r\n<p>the industry&#39;s standard dummy text ever since the 1500s, when an unknown printer took a galley of type and scrambled</p>\r\n\r\n<p>it to make a type specimen book. It has survived not only five centuries, but also the leap into electronic typesetting,</p>\r\n\r\n<p>remaining essentially unchanged. It was popularised in the 1960s with the release of Letraset sheets containing</p>\r\n\r\n<p>Lorem Ipsum passages, and more recently with desktop publishing software like Aldus PageMaker including versions</p>\r\n\r\n<p>of Lorem Ipsum.</p>',NULL,NULL,NULL,1,3),(10,'About Us','<h2><strong>Lorem ipsum dolor sit amet, consectetur adipiscing elit.</strong></h2>\r\n\r\n<p>Cras non justo sed nulla finibus pulvinar sit amet et neque. Duis et odio vitae orci mattis gravida. Nullam vel tincidunt ex. Praesent vel neque egestas arcu feugiat venenatis. Donec eget dolor quis justo tempus mattis. Phasellus dictum nunc ut dapibus dictum. Etiam vel leo nulla. Ut eu mi hendrerit, eleifend lacus sed, dictum neque.</p>\r\n\r\n<p>Aliquam non convallis nibh. Donec luctus purus magna, et commodo urna fermentum sed. Cras vel ex blandit, pretium nulla id, efficitur massa. Suspendisse potenti. Maecenas vel vehicula velit. Etiam quis orci molestie, elementum nisl eget, ultricies felis. Ut condimentum quam ut mi scelerisque accumsan. Suspendisse potenti. Etiam orci purus, iaculis sit amet ornare sit amet, finibus sed ligula. Quisque et mollis libero, sit amet consectetur augue. Vestibulum posuere pellentesque enim, in facilisis diam dictum eget. Phasellus sed vestibulum urna, in aliquet felis. Vivamus quis lacus id est ornare faucibus at id nulla.</p>\r\n\r\n<h2>Class aptent taciti sociosqu ad litora torquent per conubia nostra, per inceptos himenaeos.</h2>\r\n\r\n<p>Nulla justo lectus, sollicitudin at lorem eu, sollicitudin molestie augue. Maecenas egestas facilisis dolor mattis feugiat. Donec sed orci tellus. Maecenas tortor ipsum, varius vel dolor nec, bibendum porttitor felis. Mauris rutrum tristique vehicula. Sed ullamcorper nisl non erat pharetra, sit amet mattis enim posuere. Nulla convallis fringilla tortor, at vestibulum mauris cursus eget. Ut semper sollicitudin odio, sed molestie libero luctus quis. Integer viverra rutrum diam non maximus. Maecenas pellentesque tortor et sapien fermentum laoreet non et est. Phasellus felis quam, laoreet rhoncus erat eget, tempor condimentum massa. Integer gravida turpis id suscipit bibendum. Phasellus pellentesque venenatis erat, ut maximus justo vulputate sed. Vestibulum maximus enim ligula, non suscipit lectus dignissim vel. Suspendisse eleifend lorem egestas, tristique ligula id, condimentum est.</p>\r\n\r\n<p>Mauris nulla nulla, laoreet at auctor quis, bibendum rutrum neque. Donec eu ligula mi. Nam cursus vulputate semper. Phasellus facilisis mollis tellus, interdum laoreet justo rutrum pulvinar. Praesent molestie, nibh sed ultrices porttitor, nulla tortor volutpat enim, quis auctor est sem et orci. Proin lacinia vestibulum ex ut convallis. Phasellus tempus odio purus.</p>\r\n\r\n<ul>\r\n<li>Nam lacinia urna eu arcu auctor, eget euismod metus sagittis.</li>\r\n<li>Etiam eleifend ex eu interdum varius.</li>\r\n<li>Nunc dapibus purus eu felis tincidunt, vel rhoncus erat tristique.</li>\r\n<li>Aenean nec augue sit amet lorem blandit ultrices.</li>\r\n<li>Nullam at lacus eleifend, pulvinar velit tempor, auctor nisi.</li>\r\n</ul>\r\n\r\n<p>Nunc accumsan tincidunt augue sed blandit. Duis et dignissim nisi. Phasellus sed ligula velit. Etiam rhoncus aliquet magna, nec volutpat nulla imperdiet et. Nunc vel tincidunt magna. Vestibulum lacinia odio a metus placerat maximus. Lorem ipsum dolor sit amet, consectetur adipiscing elit. Aliquam et faucibus neque. Class aptent taciti sociosqu ad litora torquent per conubia nostra, per inceptos himenaeos. Aenean et metus malesuada, ullamcorper dui vel, convallis est. Donec congue libero sed turpis porta consequat. Suspendisse potenti. Aliquam pharetra nibh in magna iaculis, non elementum ipsum luctus.</p>\r\n\r\n<p>&nbsp;</p>',NULL,NULL,NULL,1,4),(13,'Privacy Policy','<section class=\"main-section terms-section privacyPolicySec\">\r\n    <div class=\"container\">\r\n        <div class=\"privPolWrp\">\r\n            <h1>Winztime Privacy Policy</h1>\r\n            <p>This is the Winztime Personal Data Protection/ Privacy Policy which sets forth how Winztime manages, collects, uses and discloses your personal data. This Policy supplements, does not supersede, or replace, or any other consent you may have previously provided to Winztime with respect to your Personal Data.</p>\r\n            <p>Winztime may update the Policy to ensure that it is consistent with any changes in legal or regulatory requirements. When you submit information to us, or sign up as a customer on our website, or view any of the products or services offered by us, you agree and consent to the collection, use, and processing of the personal information, in the manner set forth in this Privacy Policy. Subject to your rights at law, you agree to be bound by the prevailing terms of the Personal Data Protection Policy as updated from time to time on our website.</p>\r\n            <div class=\"termWrap\">\r\n                <h3>Personal Data Policy</h3>\r\n                <p>The Personal Data Policy refers to any information whether recorded in a material form or not, from which the identity of a member gets apparent or can be reasonably and directly ascertained by the entity holding the information, or when put together with other information would directly and certainly identify a member.</p>\r\n                <p>When one creates a Winztime account, any personal information we collect may include your: Name, Email, Gender, Birthday, Mobile Number, and Delivery/Billing Address. When a member places an order, Winztime may collect information relevant to your preferred payment method. Winztime may collect, use, and disclose your Personal Data to certain third-parties identified below, for the following purposes:\r\n                </p>\r\n                <ul>\r\n                    <li>Fulfillment and delivery of products which members have purchased from Winztime and updating them on the status thereof;</li>\r\n                    <li>Processing a member’s orders, including processing thereof for payment;</li>\r\n                    <li>Providing members with relevant product information, responding to their queries and requests, and other customer support functions;</li>\r\n                    <li>Preventing, detecting, and investigating disputes or fraud, and analyzing and managing commercial risks;</li>\r\n                    <li>Analytics and tracking;</li>\r\n                    <li>Conducting market research and surveys to enable us to understand and determine customer preferences and demographics, to develop special offers, and marketing programs in relation to Winztime products and services, and to improve customer experience;</li>\r\n                    <li>Developing and providing members with additional products, services, and benefits, including promotions, loyalty and rewards programs;</li>\r\n                    <li>Purposes which are reasonably related to the aforesaid; and other legal purposes.</li>\r\n                </ul>\r\n            </div>\r\n            <div class=\"termWrap\">\r\n                <h3>Disclosure Of Personal Information</h3>\r\n                <p>We may disclose member’s personal information if we are required by law to do so or if you violate our Terms of Service.</p>\r\n            </div>\r\n            <div class=\"termWrap\">\r\n                <h3>Methods Utilized for Automated Access</h3>\r\n                <p>When members visit Winztime our company servers will automatically record information that their browser sends whenever they visit a website. This data may include:</p>\r\n                <ul>\r\n                    <li>Computer’s IP address</li>\r\n                    <li>Browser type</li>\r\n                    <li>Webpage they were visiting before coming to our site</li>\r\n                    <li>The pages within “Your company name” they visit</li>\r\n                    <li>The time spent on those pages, items and information searched for on our site, access times and dates, and other statistics.</li>\r\n                </ul>\r\n                <p>This information is collected for analysis and evaluation in order to help us improve our site and the services and products we provide. This data will not be used in association with any other Personal Data.</p>\r\n            </div>\r\n            <div class=\"termWrap\">\r\n                <h3>Data Protection</h3>\r\n                <p>To protect members personal information, we take reasonable precautions and follow industry best practices to make sure it is not inappropriately lost, misused, accessed, disclosed, altered or destroyed.</p>\r\n                <p>If you provide us with your credit card information, the information is encrypted using secure socket layer technology (SSL). Although no method of transmission over the Internet or electronic storage is 100% secure, we follow all PCI-DSS requirements and implement additional generally accepted industry standards.</p>\r\n            </div>\r\n            <div class=\"termWrap\">\r\n                <h3>Your Rights</h3>\r\n                <p>If a member intends to exercise their rights to make inquiries, access, update, erase, destroy copies of, or correct their Personal Data, withdraw consent to the collection, use or disclosure of their Personal Data, to obtain and electronically move, copy or transfer their data, or if a member believes that their privacy has been breached. In any manner, they may contact Winztime Company through the Contact Information provided below.</p>\r\n                <ul>\r\n                    <li>To withdraw consent from promotional emails: please click on the Unsubscribe link in the promotional emails.</li>\r\n                    <li>To withdraw consent from receiving promotional material with your order package: please email customer service, with the words \"PERSONAL DATA\" in the subject line, at the address provided below.</li>\r\n                </ul>\r\n                <p>Please be aware that once we receive confirmation that a member wishes to withdraw their consent for marketing or promotional materials/communication, it may take up to thirty (30) days for their withdrawal to be taken in our systems. Therefore, they may still receive marketing or promotional materials/communication during this time period. Please note that even if a member withdraws their consent for the receipt of marketing or promotional materials through a specific mode, Winztime may still contact members for other purposes in relation to the products and services that a member holds or have subscribed to with Winztime.</p>\r\n            </div>\r\n            <div class=\"termWrap\">\r\n                <h3>Contacting Us</h3>\r\n                <p>For any questions related to our Personal Data or about Winztime Privacy Policy, members may write to us at <a href=\"mailto:info@winztime.com\">info@winztime.com</a></p>\r\n            </div>\r\n        </div>\r\n        <div class=\"userAgreWrap\" id=\"userAgremMain\">\r\n            <h2>Winztime User Agreement</h2>\r\n            <p>Below given is the Preamble and General Terms, along with the Privacy Policy, Draw Terms User Agreement constitute the contract between You and Winztime.</p>\r\n            <div class=\"termWrap\">\r\n                <h3>1. Preamble</h3>\r\n                <ul>\r\n                    <li>1.1. Any party using the website and/or participating in a Campaign Draw agrees to be bound by this User Agreement. If one does not agree to the User Agreement, or any of its terms (including any amendments), then they should immediately cease using the website and not enter any Campaign Draw.</li>\r\n                    <li>1.2. This User Agreement is in effect as of 25 May 2021. We may amend it at any point in time without notice. The amendments will take effect once they have been displayed on the website. One must acknowledge and agree that it is their responsibility to review the User Agreement periodically to familiarize themselves with any modifications. A person’s continued use of the platform or any of our products, offerings and services, including Campaign Draws following any amendments shall be construed as acceptance of those amendments.</li>\r\n                </ul>\r\n            </div>\r\n            <div class=\"termWrap\">\r\n                <h3>2. General Terms and Conditions:</h3>\r\n                <h4>2.1. Eligibility For Membership:</h4>\r\n                <ul>\r\n                    <li>2.1.1. It is imperative for Winztime to ensure that our members get to enter into legally binding contracts and that minors do not purchase, use, or have access to unsuitable content. Membership and/or use of the website is not available to people under the age of 18 years. By using the website, one agrees that they are 18 years of age or over. Also, that all information they submit is accurate and truthful when registering any information with the website.</li>\r\n                    <li>2.1.2. Winztime reserves the right and at its sole discretion to refuse, limit, suspend or withdraw access to the website or the membership of any person if Winztime believes that person is under the age of 18 years or that any information given is not accurate or truthful, or for any other reason.</li>\r\n                    <li>2.1.3. The website is not available to persons whose membership has been refused, limited, suspended or withdrawn by Winztime.</li>\r\n                    <li>2.1.4. No person may register as a member on the website more than once.</li>\r\n                </ul>\r\n                <h4>2.2. Registration And Membership Obligations:</h4>\r\n                <ul>\r\n                    <li>2.2.1. In order to access the Services and utilize the website one is required to create an account and register information with Winztime in order to create a membership. One must agree that any information provided to Winztime in pursuant thereto will be complete and accurate. You will not register under the name of, nor attempt to enter the Membership under the name of, another person. You will not adopt a username that Winztime’s sole discretion, deem offensive. Winztime reserves the right to not allow XYZ to register if we believe that a person does not comply with these Terms.</li>\r\n                    <li>2.2.2. The members are responsible to promptly update details of their membership such that they are at all times considered true, accurate, current and complete. If they provide any information that is untrue, inaccurate, not current or incomplete or if Winztime suspects in that the information is untrue, inaccurate, not current or incomplete, or not in accordance with this User Agreement, Winztime has the right to suspend indefinitely, limit or withdraw the Membership and/or access to the website.</li>\r\n                    <li>2.2.3. When registering an account on the website in order to create membership, members are required to provide certain information; register a username and password for use of the website. To keep one\'s account secure they have to protect their account with reasonable means, and are responsible at all times for maintaining the confidentiality of, and restricting access to and use of, their account and password to the website. One must agree to accept responsibility for all activities that occur under their account with Winztime. If someone other than the member uses the website with their login information, they will be held accountable for all actions made in the member’s name. In the event of termination, they will no longer be authorized to access the website or Membership. Winztime reserves the right to use any means possible to enforce this termination. The member must undertake the responsibility to immediately notify Winztime of any unauthorized use of their membership or any other security breach.</li>\r\n                    <li>2.2.4. One may not, at any point in time, use any other person’s Membership. Members must agree to reimburse Winztime in full for any costs, expenses and damages caused by improper, unauthorized or illegal use of their Membership and password by them or any person obtaining access to the website.</li>\r\n                    <li>2.2.5. Members may not transfer or sell their Membership with Winztime to another party and they must undertake that they are solely responsible for all activity of the Membership.</li>\r\n                </ul>\r\n                <h4>2.3. Payment Gateway</h4>\r\n                <ul>\r\n                    <li>2.3.1. If a member makes a payment for Winztime Services on our website, the details they are asked to submit will be provided directly to our payment provider via a secure connection.</li>\r\n                    <li>2.3.2. The cardholder must retain a copy of transaction records and merchant policies and rules.</li>\r\n                    <li>2.3.3. Multiple transactions may result in multiple postings to the cardholder’s monthly statement.</li>\r\n                    <li>2.3.4. The product prices per unit displayed on the Winztime website are inclusive of VAT.</li>\r\n                    <li>2.3.5. Users may be charged in US Dollar (United States Dollar) or any other currency depending on where they are using the website from and what type of Credit Card they are using. In such cases, there may be slight discrepancies in values due to changes in foreign exchange rates.</li>\r\n                </ul>\r\n                <h4>2.4. Refund & Cancellation Policy</h4>\r\n                <ul>\r\n                    <li>2.4.1. All sales are final with no cancellation options.</li>\r\n                    <li>2.4.2. For any defective products, Winztime will offer members a replacement of the defective product only, subject to any warranties and/or guarantees provided by the manufacturer of the product. Winztime does not have any liability or responsibility in relation to any defect regarding a prize awarded as a result of a Campaign Draw.</li>\r\n                    <li>2.4.3. No other form of refund is permissible.</li>\r\n                </ul>\r\n                <h4>2.5. Digital Media</h4>\r\n                <ul>\r\n                    <li>2.5.1. Members must consent to the use of their name in the event they are the Winner of any of the Campaign Draws. This includes but is not limited to use of their name in the local and regional press, on the website and on any social (online) media profile associated with Winztime.</li>\r\n                    <li>2.5.2. Members must consent that Winztime has the right to use any and all digital records made by Winztime including, but not limited to, photographs, videos and call recordings of, the Prize, the Campaign Draw, the winning phone call and the collection of the Prize, on the website and on any social (online) media profile associated with Us. These digital records may include imagery and/or voice recordings of the Winner and/or their name.</li>\r\n                </ul>\r\n                <h4>2.6. Disclaimer for Third Party Applications</h4>\r\n                <ul>\r\n                    <li>2.6.1. The use of any third-party application is subject to any terms and conditions provided with such third-party application and is not governed by Winztime. The use of third-party applications is solely the member’s responsibility since Winztime does not govern the use of such third-party applications. Winztime is not responsible for any third-party applications and acknowledges that such applications may be modified or removed by their original publisher and/or respective rights owner at any time. Members must assume all responsibility and risk of use of any third-party applications (including any content therein) and Winztime hereby disclaims any and all liability to You or any third party related thereto.</li>\r\n                    <li>2.6.2. Winztime does not have any obligation to examine or scan third party applications, for any purpose, and is not responsible for the accuracy, completeness, appropriateness or legality of any third-party applications. The fact that a third-party application is available via any online website or otherwise is not an endorsement, authorization or representation of Winztime’s affiliation with any third party, nor is it an endorsement of such third-party application and You hereby waive, any legal or equitable rights or remedies You have or may have against Winztime with respect thereto. Winztime exercises no control over third party applications, products, services, software or any online website and We are not responsible for their performance, do not endorse them, and are not responsible or liable for any content, advertising, or other materials available through any third-party applications, products, services, software and any online website. We are not responsible or liable, directly or indirectly, for any damage or loss caused to any member by their use of or reliance on any goods or services available through the third-party applications, products, services, software and any online website.</li>\r\n                </ul>\r\n                <h4>2.7. Limitations of Liability</h4>\r\n                <ul>\r\n                    <li>2.7.1. To offer a reliable and enjoyable service Winztime needs to fix bugs, install updates and perform general diagnosis and maintenance. Thus, Winztime cannot guarantee that our website and services will always be uninterrupted, problem-free, free of omission, or error-free. To the extent allowed by law, content and function of the website, and Services, are provided on an \"as is\" basis without warranties of any kind, either expressed or implied.</li>\r\n                    <li>2.7.2. Information obtained on the website may not always be accurate. Winztime uses other providers to provide data on which Winztime bases the information detailed on the website. We try to make sure that the data is correct and up-to-date together with our partners, but there is no guarantee that it will always be.</li>\r\n                    <li>2.7.3. In no event will Winztime nor will any of our data providers be liable for any incidental, indirect, special, punitive, exemplary, or consequential damages, arising out of members use of or inability, including without limitation, loss of revenue or anticipated profits, loss of goodwill, loss of business, loss of data, computer failure or malfunction, or any other damages.</li>\r\n                    <li>2.7.4. WE EXPRESSLY DISCLAIM ALL WARRANTIES AND CONDITIONS OF ANY KIND, WHETHER EXPRESS OR IMPLIED, INCLUDING, BUT NOT LIMITED TO THE IMPLIED WARRANTIES AND CONDITIONS OF MERCHANTABILITY, FITNESS FOR A PARTICULAR PURPOSE AND NON-INFRINGEMENT.</li>\r\n                    <li>2.7.5. In conjunction with the limitation of warranties as explained herein, one must humbly understand and agree that any claim against Winztime shall be limited to the amount they paid to us, if any, for use of our website and/or Services.</li>\r\n                </ul>\r\n                <h4>2.8. No Spam Policy</h4>\r\n                <ul>\r\n                    <li>2.8.1. You understand and agree that sending unsolicited email advertisements or other unsolicited communications to Winztime email addresses or through Winztime information systems are expressly prohibited by these Terms. Any unauthorized use of Winztime computer systems is a violation of our User Agreement and certain applicable laws, in particular the UAE Cybercrime legislation. Such violations may subject the sender and his or her agents to civil and criminal penalties. Please note that the UAE Cybercrime legislation carries significant penalties including imprisonment. In case members intend to solicit, or contact our other members by obtaining their email or phone numbers via our website, we may report this behavior to the relevant authorities, who then may decide to prosecute the culprit under the relevant UAE laws.</li>\r\n                </ul>\r\n                <h4>2.9. General Information</h4>\r\n                <ul>\r\n                    <li>2.9.1. The failure of Winztime to exercise or enforce any right or provision of this User Agreement shall not constitute a waiver of such right or provision.</li>\r\n                    <li>2.9.2. If any provision of this User Agreement is found by a court of competent jurisdiction to be invalid (including, without limitation, because such provision is inconsistent with the laws of another jurisdiction) or inapplicable, Winztime and the Member nevertheless agree that the court should endeavor to give effect to our intentions as reflected in this User Agreement. If any provision or provisions of this User Agreement is held to be invalid, illegal or unenforceable, the validity, legality and enforceability of the remaining provisions of this User Agreement shall not in any way be affected or be impaired.</li>\r\n                    <li>2.9.3. One must agree that any cause of action brought by them or arising out of /or related to their use of the service and/or the website must commence within a reasonable time. In any event, within one (1) year after the cause of action accrues.</li>\r\n                </ul>\r\n            </div>\r\n        </div>\r\n    </div>\r\n</section>',NULL,NULL,NULL,1,5),(16,'Terms & Conditions','<section class=\"main-section terms-section\">\r\n    <div class=\"container\">\r\n        <h1>Winztime Terms & Conditions</h1>\r\n        <div class=\"termWrap\">\r\n            <h3>Overview</h3>\r\n            <p>This website is operated by Winztime, the terms \"we\", \"us\" and \"our\" refers to Winztime offers on our website, including all information, tools and services available from this site to you. The user, conditions upon acceptance of all terms, conditions, policies and notices are stated here.</p>\r\n            <p>By visiting our site and/ or purchasing something from us, you engage in our \"Service\" and agree to be bound by the following terms and conditions (\"Terms of Service\", \"Terms\"), including those additional terms and conditions and policies referenced herein and/or available by hyperlink. These Terms of Service apply to all users of the site, including without limitation users who are browsers, vendors, customers, merchants, and/ or contributors of content.</p>\r\n            <p>Please read these Terms of Service carefully before accessing or using our website. By accessing or using any part of the site, you agree to be bound by these Terms of Service. If you do not agree to all the terms and conditions of this agreement, then you may not access the website or use any other services. If these Terms of Service are considered an offer, acceptance is expressly limited to these Terms of Service.</p>\r\n        </div>\r\n        <div class=\"termWrap\">\r\n            <h3>General Conditions</h3>\r\n            <p>We reserve the right to refuse service to anyone for any reason at any time.\r\n            You understand that your content (not including credit card information), may be transferred unencrypted and involve (a) transmissions over various networks; and (b) changes to conform and adapt to technical requirements of connecting networks or devices. Credit card information is always encrypted during transfer over networks.</p>\r\n            <p>You agree not to reproduce, duplicate, copy, sell, resell or exploit any portion of the Service, use of the Service, or access to the Service or any contact on the website through which the service is provided, without written permission by us.</p>\r\n            <p>The headings used in this agreement are included for convenience only and will not limit or otherwise affect these Terms.</p>\r\n        </div>\r\n        <div class=\"termWrap\">\r\n            <h3>Modifications Of the Service and Prices</h3>\r\n            <p>Prices for our products are subject to change without notice.</p>\r\n            <p>We reserve the right at any time to modify or discontinue the Service (or any part or content thereof) without notice at any time.</p>\r\n            <p>We shall not be liable to you or to any third-party for any modification, price change, suspension or discontinuance of the Service.</p>\r\n        </div>\r\n        <div class=\"termWrap\">\r\n            <h3>Products Or Services (If Applicable)</h3>\r\n            <p>Certain products or services may be available exclusively online through the website. These products or services may have limited quantities and are subject to return or exchange only according to our Return Policy.</p>\r\n            <p>We have made every effort to display as accurately as possible the colors and images of our products that appear at the store. We cannot guarantee that your computer monitor\'s display of any color will be accurate.</p>\r\n            <p>We reserve the right, but are not obligated, to limit the sales of our products or Services to any person, geographic region or jurisdiction. We may exercise this right on a case-by-case basis. We reserve the right to limit the quantities of any products or services that we offer. All descriptions of products or product pricing are subject to change at any time without notice, at the sole discretion of us. We reserve the right to discontinue any product at any time.</p>\r\n            <p>Any offer for any product or service made on this site is void where prohibited. We do not warrant that the quality of any products, services, information, or other material purchased or obtained by you will meet your expectations, or that any errors in the Service will be corrected.</p>\r\n        </div>\r\n        <div class=\"termWrap\">\r\n            <h3>Accuracy Of Billing and Account Information</h3>\r\n            <p>We reserve the right to refuse any order you place with us. We may, in our sole discretion, limit or cancel quantities purchased per person, per household or per order. These restrictions may include orders placed by or under the same customer account, the same credit card, and/or orders that use the same billing and/or shipping address. </p>\r\n            <p>In the event that we make a change to or cancel an order, we may attempt to notify you by contacting the e-mail and/or billing address/phone number provided at the time the order was made. We reserve the right to limit or prohibit orders that, in our sole judgment, appear to be placed by dealers, resellers or distributors.</p>\r\n            <p>You agree to provide current, complete and accurate purchase and account information for all purchases made at our store. You agree to promptly update your account and other information, including your email address and credit card numbers and expiration dates, so that we can complete your transactions and contact you as needed.</p>\r\n            <p>For more detail, please review our Returns Policy.</p>\r\n        </div>\r\n        <div class=\"termWrap\">\r\n            <h3>Personal Information</h3>\r\n            <p>Your submission of personal information through the store is governed by our Privacy Policy.</p>\r\n        </div>\r\n        <div class=\"termWrap\">\r\n            <h3>Termination</h3>\r\n            <p>The obligations and liabilities of the parties incurred prior to the termination date shall survive the termination of this agreement for all purposes.</p>\r\n            <p>These Terms of Service are effective unless and until terminated by either you or us. You may terminate these Terms of Service at any time by notifying us that you no longer wish to use our Services, or when you cease using our site.</p>\r\n            <p>If in our sole judgment you fail, or we suspect that you have failed, to comply with any term or provision of these Terms of Service, we also may terminate this agreement at any time without notice and you will remain liable for all amounts due up to and including the date of termination; and/or accordingly may deny you access to our Services (or any part thereof).</p>\r\n        </div>\r\n        <div class=\"termWrap\">\r\n            <h3>Entire Agreement</h3>\r\n            <p>The failure of us to exercise or enforce any right or provision of these Terms of Service shall not constitute a waiver of such right or provision.</p>\r\n            <p>These Terms of Service and any policies or operating rules posted by us on this site or in respect to The Service constitutes the entire agreement and understanding between you and us and govern your use of the Service, superseding any prior or contemporaneous agreements, communications and proposals, whether oral or written, between you and us (including, but not limited to, any prior versions of the Terms of Service).</p>\r\n            <p>Any ambiguities in the interpretation of these Terms of Service shall not be construed against the drafting party.</p>\r\n        </div>\r\n        <div class=\"termWrap\">\r\n            <h3>Governing Law</h3>\r\n            <p>These Terms of Service and any separate agreements whereby we provide you Services shall be governed by and construed in accordance with the laws of the United Arab Emirates.</p>\r\n        </div>\r\n        <div class=\"termWrap\">\r\n            <h3>Changes To Terms of Services</h3>\r\n            <p>You can review the most current version of the Terms of Service at any time at this page. We reserve the right, at our sole discretion, to update, change or replace any part of these Terms of Service by posting updates and changes to our website. It is your responsibility to check our website periodically for changes. Your continued use of or access to our website or the Service following the posting of any changes to these Terms of Service constitutes acceptance of those changes.</p>\r\n        </div>\r\n        <div class=\"termWrap\">\r\n            <h3>Contact Information</h3>\r\n            <p>Questions about the Terms of Service should be sent to us at <a href=\"mailto:info@winztime.com\">info@winztime.com</a></p>\r\n        </div>\r\n    </div>\r\n</section>',NULL,NULL,NULL,1,6),(19,'Refund Policy','<p>Lorem Ipsum is simply dummy text of the printing and typesetting industry. Lorem Ipsum has been the industry&#39;s standard dummy</p>\r\n\r\n<p>text ever since the 1500s, when an unknown printer took a galley of type and scrambled it to make a type specimen</p>\r\n\r\n<p>book. It has survived not only five centuries, but also the leap into electronic typesetting, remaining essentially</p>\r\n\r\n<p>unchanged. It was popularised in the 1960s with the release of Letraset sheets containing Lorem Ipsum passages,</p>\r\n\r\n<p>and more recently with desktop publishing software like Aldus PageMaker including versions of Lorem Ipsum. Lorem</p>\r\n\r\n<p>Ipsum is simply dummy text of the printing and typesetting industry. Lorem Ipsum has been the industry&#39;s standard</p>\r\n\r\n<p>dummy text ever since the 1500s, when an unknown printer took a galley of type and scrambled it to make a type</p>\r\n\r\n<p>specimen book. It has survived not only five centuries, but also the leap into electronic typesetting, remaining</p>\r\n\r\n<p>essentially unchanged. It was popularised in the 1960s with the release of Letraset sheets containing Lorem Ipsum</p>\r\n\r\n<p>passages, and more recently with desktop publishing software like Aldus PageMaker including versions of Lorem</p>\r\n\r\n<p>Ipsum. Lorem Ipsum is simply dummy text of the printing and typesetting industry. Lorem Ipsum has been the industry&#39;s</p>\r\n\r\n<p>standard dummy text ever since the 1500s, when an unknown printer took a galley of type and scrambled it to make</p>\r\n\r\n<p>a type specimen book. It has survived not only five centuries, but also the leap into electronic typesetting,</p>\r\n\r\n<p>remaining essentially unchanged. It was popularised in the 1960s with the release of Letraset sheets containing</p>\r\n\r\n<p>Lorem Ipsum passages, and more recently with desktop publishing software like Aldus PageMaker including versions</p>\r\n\r\n<p>of Lorem Ipsum. Lorem Ipsum is simply dummy text of the printing and typesetting industry. Lorem Ipsum has been</p>\r\n\r\n<p>the industry&#39;s standard dummy text ever since the 1500s, when an unknown printer took a galley of type and scrambled</p>\r\n\r\n<p>it to make a type specimen book. It has survived not only five centuries, but also the leap into electronic typesetting,</p>\r\n\r\n<p>remaining essentially unchanged. It was popularised in the 1960s with the release of Letraset sheets containing</p>\r\n\r\n<p>Lorem Ipsum passages, and more recently with desktop publishing software like Aldus PageMaker including versions</p>\r\n\r\n<p>of Lorem Ipsum. Lorem Ipsum is simply dummy text of the printing and typesetting industry. Lorem Ipsum has been</p>\r\n\r\n<p>the industry&#39;s standard dummy text ever since the 1500s, when an unknown printer took a galley of type and scrambled</p>\r\n\r\n<p>it to make a type specimen book. It has survived not only five centuries, but also the leap into electronic typesetting,</p>\r\n\r\n<p>remaining essentially unchanged. It was popularised in the 1960s with the release of Letraset sheets containing</p>\r\n\r\n<p>Lorem Ipsum passages, and more recently with desktop publishing software like Aldus PageMaker including versions</p>\r\n\r\n<p>of Lorem Ipsum.</p>',NULL,NULL,NULL,1,7),(22,'About Us','<div class=\"container\">\n  <div class=\"row\">\n    <h1>About Us</h1>\n    <p><b>\"The home of a perfect win.\"</b> This notion was, is, and will remain the reason why we exist. To make everyone feel like a winner, we came up with Winztime UAE.</p> \n    <p>We are a sports and gym accessories E-commerce store with a twist. The twist is to kick off with an incredible giveaway, astonishing surprises, and exclusive deals that are available 24/7. The best part of these giveaways and deals is to benefit the consumer and people who are less fortunate globally.</p> \n    <p>Shop with Winztime, donate our products to charity or refer a friend and increase your chances of winning with us. With us, you get the band for your choice! Don\'t wait anymore. Winning is easy with Winztime, please register today.</p>\n    <div class=\"about-video\">\n<iframe width=\"100%\" height=\"645px\" src=\"https://www.youtube.com/embed/0oKHxrKP6po\" title=\"YouTube video player\" frameborder=\"0\" allow=\"accelerometer; autoplay; clipboard-write; encrypted-media; gyroscope; picture-in-picture\" allowfullscreen=\"\"></iframe>\n    </div>\n  </div>\n</div>','Winztime UAE | The Home of Perfect Win',NULL,'Shop with Winztime UAE, donate our products to charity or refer a friend and increase your chances of winning. Get the prize of your choice with us! ',1,8),(35,'Community Support','<div class=\"row\">\r\n<div class=\"col-md-6\">\r\n<p>For the most amazing people on Earth,</p>\r\n<br>\r\n<br>\r\n<p>It is only through caring people like you that we can keep our promise support the people who need us the most, whenever and wherever the need us. Your contribution will help to sustain and enlarge the safety net for families and make a real difference in their quality of life. In that spirit, Lucramania has designed a win-for-all experience to further its mission.</p>\r\n<br>\r\n<br>\r\n<p>Your generous contribution allows you to give-away the purchased product, or a percentage of its sale, and in return you will receive an additional free ticket that will increase your chances of winning a highly sought-after prize! Lucramania will ensure that your support arrives in time to make a difference.</p>\r\n<br>\r\n<br>\r\n<p>Thank you, for your support, and for being there for people in-need!</p>\r\n<br>\r\n<br>\r\n<p>Lucramania’s Team</p>\r\n</div>\r\n<div class=\"col-md-6\">\r\n<figure><img src=\"web/assets/images/sec1Logo.png\" /></figure>\r\n</div>\r\n</div>',NULL,NULL,NULL,1,11),(37,'Frequently Asked Questions','<section class=\"main-section faq-section\">\r\n    <div class=\"container\">\r\n        <h1>Frequently Asked Questions</h1>\r\n        <hr>\r\n        <div class=\"accordions\">\r\n\r\n            <div class=\"row\">\r\n                <div class=\"col-md-6\">\r\n                    <h3>About Us:</h3>\r\n                    <button class=\"accordion\">What Is Winztime?</button>\r\n                    <div class=\"panel\">\r\n                      <p>Winztime is a sports and gym accessories ecommerce store with a twist. Our customers receive a complimentary Prize Draw ticket with every purchase made, that could win you a luxury prize.</p>\r\n                  </div>\r\n                  <button class=\"accordion\">How can I access Winztime.com?</button>\r\n                  <div class=\"panel\">\r\n                      <p>Winztime is available on desktop, smartphone, tablet, and via our website. The site has a very good filter system that allows customers to view products based on Brands, subcategories, and other attributes.</p>\r\n                  </div>\r\n                  <button class=\"accordion\">How To Find Us?</button>\r\n                  <div class=\"panel\">\r\n                      <p>Winztime HQ is based in UAE, Dubai and does service to customers in UAE, GCC countries and globally. Outlet stores are coming soon to the region. Meanwhile, please go to our \'Contact Us page if you have any inquiries.</p>\r\n                  </div>\r\n                  <button class=\"accordion\">I\'m new to Winztime. How does it work?</button>\r\n                  <div class=\"panel\">\r\n                      <p>Our website has a full tutorial. You can use it easily at any time by clicking the link.</p>\r\n                  </div>\r\n                  <button class=\"accordion\">What countries Does Winztime Operate in?</button>\r\n                  <div class=\"panel\">\r\n                      <p>Winztime can be accessed globally. Please see our ‘Draw Terms &amp; Conditions’ for all the details on product/prize collection for international users. Please get in touch with us for details.</p>\r\n                  </div>\r\n                  <button class=\"accordion\">Why buy from Winztime.com?</button>\r\n                  <div class=\"panel\">\r\n                      <p>We provide elite fitness products at a faster pace to market that are not easily available at affordable prices. Our dedicated team with passion for fitness knows what we are selling and what our eager customers are looking for.</p>\r\n                  </div>\r\n                  <h3>Z points:</h3>\r\n                  <button class=\"accordion\">What are Z points?</button>\r\n                  <div class=\"panel\">\r\n                      <p>Our loyal members receive 1 Z point on every 10 AED spent. These points can be collected and then used to make purchases.</p>\r\n                  </div>\r\n                  <button class=\"accordion\">Can I transfer my Z points?</button>\r\n                  <div class=\"panel\">\r\n                      <p>Currently Z points cannot be transferred.</p>\r\n                  </div>\r\n                  <button class=\"accordion\">Can a member purchase Z points?</button>\r\n                  <div class=\"panel\">\r\n                      <p>Our members cannot purchase Z points at the moment.</p>\r\n                  </div>\r\n                  <button class=\"accordion\">How can a member earn more Z points?</button>\r\n                  <div class=\"panel\">\r\n                      <p>One can earn more Z points earned on every purchase by improving their tier status.</p>\r\n                  </div>\r\n                  <button class=\"accordion\">Can we combine Z points with cash to make purchases?</button>\r\n                  <div class=\"panel\">\r\n                      <p>Z points can be combined with cash to complete a purchase. This option is only available when members have insufficient points to make a purchase.</p>\r\n                  </div>\r\n                  <button class=\"accordion\">What is the minimum amount of points a member can withdraw/use?</button>\r\n                  <div class=\"panel\">\r\n                      <p>If a member has 125 points then they can use only 100 points otherwise they can wait and use 200 points in one go.</p>\r\n                  </div>\r\n                  <h3>Account:</h3>\r\n                  <button class=\"accordion\">Why should I register an account with Winztime?</button>\r\n                  <div class=\"panel\">\r\n                      <p>To complete a purchase with Winztime, you must have a registered account. The account is for our customer\'s security and privacy.</p>\r\n                  </div>\r\n                  <button class=\"accordion\">How do I edit my Winztime account?</button>\r\n                  <div class=\"panel\">\r\n                      <p>Click on your photo or name icon located in the main menu to edit your account. Tap the profile section to edit and click “Save Changes” to complete.</p>\r\n                  </div>\r\n                  <button class=\"accordion\">How do I \'Logout\' of my Winztime account?</button>\r\n                  <div class=\"panel\">\r\n                      <p>To \'Logout,\' click on your name/photo in the top right-hand corner and select \'Logout\' from the drop-down menu.</p>\r\n                  </div>\r\n                  <button class=\"accordion\">I can\'t remember my Winztime account password!</button>\r\n                  <div class=\"panel\">\r\n                      <p>At \'Login,\' select \'Forgot Password\' and follow the instructions on the screen for a password reset.</p>\r\n                  </div>\r\n                  <button class=\"accordion\">Is there post purchase support?</button>\r\n                  <div class=\"panel\">\r\n                      <p>Yes, if you need help in understanding how to use the product. Please get in touch and we will advise you.</p>\r\n                  </div>\r\n                  <button class=\"accordion\">What Credit Cards does Winztime accept?</button>\r\n                  <div class=\"panel\">\r\n                      <p>We accept all major cards, including MasterCard, Visa, and Amex.</p>\r\n                  </div>\r\n                  <button class=\"accordion\">Why am I receiving \'push notifications’/emails from Winztime?</button>\r\n                  <div class=\"panel\">\r\n                      <p>Winztime does not like spamming or bombarding its users with irrelevant push notifications/emails. Any notices sent by us have been deemed relevant to your user experience.</p>\r\n                  </div>\r\n                  <button class=\"accordion\">How do I set up my Winztime account?</button>\r\n                  <div class=\"panel\">\r\n                      <p>To create an account, click ‘Login/Register’ in the top right-hand corner of your screen and enter your details in the fields highlighted.</p>\r\n                  </div>\r\n                  <button class=\"accordion\">In my Winztime account, to complete a purchase, can I use someone else\'s credit card?</button>\r\n                  <div class=\"panel\">\r\n                      <p>Based on your consent, you can use/save any credit card to complete your purchase.</p>\r\n                  </div>\r\n                  <button class=\"accordion\">Will I receive \'push notifications\' if I \'Log Out\'?</button>\r\n                  <div class=\"panel\">\r\n                      <p>You will receive general notifications when logged out. To receive account-related information, you must \'Login.\'</p>\r\n                  </div>\r\n                  <button class=\"accordion\">My account\'s password needs to get changed.</button>\r\n                  <div class=\"panel\">\r\n                      <p>To change your password, click on your photo/name in the top right-hand corner and select \'My Account. From this tab, select the \'Account\' tab to change your password.</p>\r\n                  </div>\r\n                  <button class=\"accordion\">How do I close my Winztime account?</button>\r\n                  <div class=\"panel\">\r\n                      <p>To close your account, you need to notify us in writing (from your registered email account) at: <a href=\"mailto:info@winztime.com\">info@winztime.com</a>.</p>\r\n                      <p>Hereafter, a member of our support team will assist you within 48 hours.</p>\r\n                  </div>\r\n              </div>\r\n              <div class=\"col-md-6\">\r\n                <h3>Questions Regarding Purchases:</h3>\r\n                <button class=\"accordion\">Are there any unseen charges I should know of?</button>\r\n                <div class=\"panel\">\r\n                  <p>There are no hidden charges on any Winztime purchase. However, we recommend checking with your bank to see if they apply any transaction/processing fees.</p>\r\n              </div>\r\n              <button class=\"accordion\">Will I be charged VAT?</button>\r\n              <div class=\"panel\">\r\n                  <p>Yes! From January 1st, 2018, all purchases will incur 5% VAT.</p>\r\n              </div>\r\n              <button class=\"accordion\">What currencies can I use to purchase a Winztime product?</button>\r\n              <div class=\"panel\">\r\n                  <p>Winztime currently only accepts Dirhams and US Dollars. You can purchase Winztime products via any bank account with any currency. However, Winztime won\'t take responsibility for final billings affected by exchange rates or fees imposed by your branch.</p>\r\n              </div>\r\n              <button class=\"accordion\">Can I pay in installments?</button>\r\n              <div class=\"panel\">\r\n                  <p>We will be adding this attribute very soon. Please stay tuned for further updates.</p>\r\n              </div>\r\n              <button class=\"accordion\">Can I cancel/refund a Winztime purchase order?</button>\r\n              <div class=\"panel\">\r\n                  <p>As per the \'User Agreement,\' all sales purchases are final, and no refunds are given under any circumstances.</p>\r\n              </div>\r\n              <h3>Winztime Products:</h3>\r\n              <button class=\"accordion\">Where can I collect my Winztime products?</button>\r\n              <div class=\"panel\">\r\n                  <p>All Winztime products can be collected by you directly from Winztime HQ. Please read the \'User Agreement\' before making/managing your purchase.</p>\r\n              </div>\r\n              <button class=\"accordion\">Can I send somebody else to collect my Winztime products?</button>\r\n              <div class=\"panel\">\r\n                  <p>Only the registered holder of the account, or (and at our discretion), an individual with \'Power of Attorney (POA) can collect the registered account holders\' purchase from Winztime. Passport or Emirates ID are the only acceptable forms of identification (please ensure your title is up to date).</p>\r\n              </div>\r\n              <h3>Refer a Friend:</h3>\r\n              <button class=\"accordion\">What is the refer a friend program?</button>\r\n              <div class=\"panel\">\r\n                <p>The refer a friend program is made to reward. Every time you refer a friend to Winztime using the invitation code generated, you will be rewarded with a complimentary Draw Voucher once they make their first transaction.</p>\r\n            </div>\r\n            <button class=\"accordion\">A friend referred me. Will the referral program reward me?</button>\r\n              <div class=\"panel\">\r\n                <p>Winztime Yes, once you have successfully registered with Winztime, one Draw Voucher will be added to your account.</p>\r\n            </div>\r\n            <h3>Prizes:</h3>\r\n              <button class=\"accordion\">Where can I collect my Winztime Prize?</button>\r\n              <div class=\"panel\">\r\n                <p>Details regarding prize collection will be sent to the Winner through email. For more information, please refer to the \'Draw Terms &amp; Conditions.</p>\r\n            </div>\r\n            <button class=\"accordion\">What if I do not want people to know I have won the Winztime prize draw?</button>\r\n              <div class=\"panel\">\r\n                <p>As per the \'Draw Terms &amp; Conditions\', Winztime has the right to use your image, name, or any statements made across all our marketing channels.</p>\r\n            </div>\r\n            <button class=\"accordion\">How do we get notified about the status of the Campaign: \'Coming Soon\'/\'Launched\'/\'Ending\'/\'Closed\'.?</button>\r\n              <div class=\"panel\">\r\n                <p>Winztime sends \'Push Notifications’/emails to notify all ticket holders regarding the status of each Campaign.</p>\r\n            </div>\r\n            <button class=\"accordion\">Can I send somebody else to collect my Prize?</button>\r\n              <div class=\"panel\">\r\n                <p>Only the registered account holder or any individual with \'Power of Attorney\' can collect the registered account holders\' Winztime Prize. Emirate’s passports or ID are the only acceptable forms of identification. Please ensure your title is up to date.</p>\r\n            </div>\r\n            <button class=\"accordion\">Can I view past winners of the Winztime Campaign draws?</button>\r\n              <div class=\"panel\">\r\n                <p>You can view past winners of Winztime campaigns via our social media channels, as well as our up-and-coming \'News\' segment.</p>\r\n            </div>\r\n            <h3>Security FAQ:</h3>\r\n            <button class=\"accordion\">Are my details secure with Winztime?</button>\r\n              <div class=\"panel\">\r\n                <p>Winztime does not store or save any sensitive and Credit Card information on its servers. Credit Card details registered with us are stored securely through the \'Checkout\' secure online payment gateway. For further information, please reach us out.</p>\r\n            </div>\r\n            <button class=\"accordion\">Will I be spammed by Winztime?</button>\r\n              <div class=\"panel\">\r\n                <p>No! We do not enjoy spamming our valuable customers. </p>\r\n            </div>\r\n             <h3>Other Inquiries:</h3>\r\n            <button class=\"accordion\">Careers</button>\r\n              <div class=\"panel\">\r\n                <p>Click \'Help Centre\' in the Main Menu of the Website and select \'Inquiries\' from the list for job vacancy related inquiries. We keep updating our website to keep you informed about any updates. </p>\r\n            </div>\r\n            <button class=\"accordion\">Need to ask us something?</button>\r\n              <div class=\"panel\">\r\n                <p>If you have any inquiries regarding any characteristic of your Winztime experience, please head onto the Main Menu and select \'Help Centre\' from the list. From there, you can choose to contact us via phone/email with any questions you may have.</p>\r\n            </div>\r\n        </div>\r\n    </div>\r\n</div>\r\n</div>\r\n</section>',NULL,NULL,NULL,1,12),(23,'cccd','<p>ccddcdc</p>',NULL,NULL,NULL,1,9),(39,'Terms & Conditions','<section class=\"main-section\">\r\n    <div class=\"container\">\r\n<section class=\"terms-section\">\r\n\r\n\r\n\r\n    <p class=\"wow fadeIn\">These campaign draw terms and conditions (“Draw Terms”) govern the terms and conditions applicable to Lucramania Fitness Equipments (“Lucramania”, “We”, “Us”, “Our”) campaign draws (“Campaign Draws”) that relate to Our website (“Site”) and Our mobile app (“App”) (together the “Platform”).</p>\r\n\r\n    <p class=\"wow fadeIn\">Any party using the Platform and/or participating in a Campaign Draw (“User”, “You”, “Your”) agrees to be bound by these Draw Terms, as well as the user agreement published on the Site (“User Agreement”). If You do not agree to these Draw Terms, or any of its terms (including any amendments), then You should immediately cease using the Platform, and not enter any Campaign Draw.</p>\r\n\r\n    <p class=\"wow fadeIn\">These Draw Terms are effective as of 01 December 2020. We may amend these Draw Terms at any point in time without notice and the amendments will take effect once they have been displayed on the Platform. You acknowledge and agree that it is Your responsibility to review these Draw Terms periodically to familiarize Yourself with any modifications. Your continued use of the Platform and/or entry into Campaign Draws following any amendments shall be construed as acceptance of those amendments.</p>\r\n\r\n    <div class=\"termWrap\">\r\n\r\n        <ul>\r\n\r\n            <li class=\"wow fadeIn\">1.   Cam\r\n            paign Draws will be approved by Dubai Economy Department (“DED”) and are in accordance with the Commercial Permit Guidebook (as such may be amended from time to time). A valid permit number will be issued for each respective campaign. Where Campaigns are being run from any other jurisdiction We operate from, Lucramania will obtain the necessary regulatory requirements and permits as stipulated by the law in such jurisdiction.</li>\r\n\r\n            <li class=\"wow fadeIn\">2.   Only Users with a valid membership to the Platform (“PlatformMembers”) that satisfies all the terms of the User Agreement are eligible to enter into our Campaign Draws.</li>\r\n\r\n            <li class=\"wow fadeIn\">3.   Each product purchased from a campaign by a Platform Member is awarded a single complimentary ticket per product to a specified Campaign Draw.</li>\r\n\r\n            <li class=\"wow fadeIn\">4.   A Platform Member will have the option to either receive the purchased product or have such contributed to a charity of Our choice. If a Platform Member opts tocontribute their purchased product to charity, Lucramania will double their ticket entry into the specified Campaign Draws.</li>\r\n\r\n            <li class=\"wow fadeIn\">5.   Complimentary ticket numbers are computer generated and sequential to the order in which the products they are associated with are purchased. Platform Members cannot choose ticket numbers as they are generated only upon checkout and completion of purchase of the associated products.</li>\r\n\r\n            <li class=\"wow fadeIn\">6.   Product and the Complimentary tickets awarded to Platform Members are neither refundable nor transferable and are owned solely and exclusively by the Platform Member who they have been awarded to.</li>\r\n\r\n            <li class=\"wow fadeIn\">7.   Campaign Raffle Draws will occur within seven (7) business days after the completion of any campaign. Campaign Draws shall occur in the presence of a regulatory representative, unless the regulator approves otherwise, and as such are not subject to negotiation, interference, challenge, or argument by a Platform Member. The draw date will be subject to the representative’s availability.</li>\r\n\r\n            <li class=\"wow fadeIn\">8.   Lucramania has the right to close a Campaign Draw at any time. In the event that a campaign is oversubscribed for any reason, we will forthwith reimburse to the oversubscribed Platform Members the payment they have made for the associated produced based on the sequential ticket numbers representing the oversubscribed number of tickets.</li>\r\n\r\n            <li class=\"wow fadeIn\">9.   Winners of Campaign Draws (“Winners”) are selected by the regulatory representative and will be notified on the day the draw occurs. The names of Winners may also be announced in the local and regional press as well as on the Platform and our associated social (online) media profiles, unless You specifically advise us otherwise in writing.</li>\r\n\r\n            <li class=\"wow fadeIn\">10.  All Platform Members consent to the use of their name in the event they are the Winner of any of the Campaign Draws. This includes but is not limited to use of their name in the local and regional press, on the Platform and on any social (online) media profile associated with Us.</li>\r\n\r\n            <li class=\"wow fadeIn\">11.  Post notifying the Winner of their win on the day of the draw, an email will be sent to the registered email on the Platform detailing the next steps and how the Winner can claim the prize (“Prize”).</li>\r\n\r\n            <li class=\"wow fadeIn\">12.  All Platform Members consent that We have the right to use any and all digital records made by Us including, but not limited to, photographs, videos and call recordings of, the Prize, the Campaign Draw, the winning phone call and the collection of the Prize, on the Platform and on any social (online) media profile associated with Us. These digital records may include imagery and/or voice recordings of the Winner and/or their name.</li>\r\n\r\n            <li class=\"wow fadeIn\">13.  In the event the Winner is based in the United Arab Emirates, then he/she needs to collect the Prize fromwithin 60 calendar days and present valid identification as may be required in Our sole discretion. Lucramania may, at its sole discretion, allow an individual who has been given Power of Attorney (POA) by the account holder to collect the Prize having presented the necessary identification, Lucramania will evaluate such instances on a case by case basis and cannot guarantee that an individual with POA will be allowed to collect the Prize on behalf of the account holder. Failure to collect the Prize within this time period WILL result in Us transferring the Prize to the regulator where-after Lucramania will have no further responsibility with respect to the Prize. Post transfer, the Winner must liaise with the regulator whereupon he/she will be subject to the regulator’s own terms and conditions.</li>\r\n\r\n            <li class=\"wow fadeIn\">14.  In the event a Winner does not reside in the United Arab Emirates, We will either courier the Prize to the Winner by air or land in the case of smaller items (for a charge), or ship the Prize to the Winner’s country of residence (nearest seaport as selected by Us in Our sole discretion, for a charge), and We will insure shipment of the Prize (for a charge) until delivery thereof at the port. Collection from the port and clearance through the port and customs shall be the responsibility, and at the cost, of the Winner. Accordingly, all local taxes, custom duties, and any other form of expense beyond shipping and delivery at the port will be paid by the Winner.</li>\r\n\r\n            <li class=\"wow fadeIn\">15.  Once a Prize is handed to/collected by the courier/handler for international delivery, risk and responsibility will transfer to the Winner and We no longer hold claim nor responsibility for any damage/injury incurred in transit, or upon delivery.</li>\r\n\r\n            <li class=\"wow fadeIn\">16.  All Prizes represented on our Platform, will be awarded as displayed. Minor changes, including but not limited to color, may occur, however, no major changes, including but not limited to, specification, brand or value, will occur.</li>\r\n\r\n            <li class=\"wow fadeIn\">17.  Lucramania is not responsible for any bank charges, including but not limited to processing fees from Your local bank.</li>\r\n\r\n            <li class=\"wow fadeIn\">18.  By entering the Campaign Draw, Winners confirm their agreement to take part in any associated publicity.</li>\r\n\r\n            <li class=\"wow fadeIn\">19.  If any Winner is subsequently found ineligible to participate in the Campaign Draw, we may at Our sole discretion forfeit or reclaim the Prize or dispose of the same in such manner and to such person as We deem fit. All such decisions will be in line with DED regulations as well as UAE law.</li>\r\n\r\n            <li class=\"wow fadeIn\">20.  Winners are responsible for any and all tax liability where applicable.</li>\r\n\r\n            <li class=\"wow fadeIn\">21.  We will not be responsible for arranging insurance, including travel insurance, medical insurance, transport expenses, meal expenses, or any expenses of a personal nature, in the collection of the Prize unless otherwise stated.</li>\r\n\r\n            <li class=\"wow fadeIn\">22.  We will not be responsible for the inability of any Winner to utilize the Prize, for any reason whatsoever, including but not limited to non-issuance of a visa.</li>\r\n\r\n            <li class=\"wow fadeIn\">23.  We will not be responsible for claims, damages, or expenses of any nature whatsoever for any loss, illness, bodily injury, including death, of or to any Winner and/or any third party during and/or in course of usage of any Prize or due to any defects in any Prize.</li>\r\n\r\n        </ul>\r\n\r\n    </div>\r\n\r\n</section> \r\n\r\n<section class=\"terms-section privacy-section\">\r\n\r\n    <h2 class=\"wow fadeIn\">Privacy Policy</h2>\r\n\r\n    <div class=\"termWrap privacyWrap\">\r\n\r\n        <h4 class=\"wow fadeIn\">1. Your Information</h4>\r\n\r\n        <ul>\r\n\r\n            <li class=\"wow fadeIn\">1.1. The type of information we collect from you is either personal to you, or is general in nature:</li>\r\n\r\n            <li class=\"wow fadeIn\">1.2. Personal Information: When you register on the Platform as a member, update your information, purchase any goods or services, take part in promotions or send emails to Us, you provide Us with information that We store and process. Such information may include your name, address, phone number, email address, purchase and transaction history, interests, and other such \'Personal Information\'.</li>\r\n\r\n            <li class=\"wow fadeIn\">1.3. General Information: We also receive more general information from you as a result of your visits to, and use of, the Platform. This general information does not identify you personally, and can include information such as your IP address, the date and time you access the Platform, length of time you spend on the Platform, your browsing history (recorded by the text and graphics files that compose that page), the Internet address of the website from which you linked directly to our Platform, and other such \'General Information\'.</li>\r\n\r\n        </ul>\r\n\r\n        <h4 class=\"wow fadeIn\">2.   Collecting and Using Information</h4>\r\n\r\n        <ul>\r\n\r\n            <li class=\"wow fadeIn\">2.1. All credit/debit cards details and personally identifiable information will NOT be stored, sold, shared, rented or leased to any third parties.</li>\r\n\r\n            <li class=\"wow fadeIn\">2.2. Most of the Platform can be used without giving Us any information. However, certain services may involve collection of information from you. We use this information to provide you with a better service, and in particular to: keep internal records; improve our products, services and the Platform; communicate with you if you have ordered, purchased or participated in anything on the Platform; contact you for market research purposes; and provide you with information about new opportunities, promotions, special offers and other information that We may feel is relevant to you. If you contact Us via the Platform, or via email to the contacts set out on the Platform, we may keep a record of that correspondence.</li>\r\n\r\n            <li class=\"wow fadeIn\">2.3. We use General Information to help Us make the Platform more useful to visitors (including to help Us assess content of interest to visitors), and for other purposes such as determining the Platform’s technical design specifications and identifying system performance or problem areas, for tracking activity on the Platform, preparing reports, assessing trends, and otherwise monitoring the way in which the Platform is being used none of which would be in a way that personally identifies any users.</li>\r\n\r\n            <li class=\"wow fadeIn\">2.4. Some of the advertisements you see on the Platform are selected and delivered by third parties, such as ad networks, advertising agencies, advertisers, and audience segment providers. These third parties may collect information about you and your online activities, either on the Platform or on other websites, through cookies, web beacons, and other technologies in an effort to understand your interests and deliver to your advertisements that are tailored to your interests. Please remember that We do not have access to, or control over, the information these third parties may collect. The information practices of these third parties are not covered by this privacy policy.</li>\r\n\r\n        </ul>\r\n\r\n        <h4 class=\"wow fadeIn\">3.   Non-Disclosure of Personal Information</h4>\r\n\r\n        <ul>\r\n\r\n            <li class=\"wow fadeIn\">3.1. You agree that We may share your Personal Information within Our company. We will not share, sell or rent your Personal Information in any manner to any third parties outside Our company except when we have your permission; or if required to do so by law or any governing authority; or to protect our own legitimate interests.</li>\r\n\r\n        </ul>\r\n\r\n        <h4 class=\"wow fadeIn\">4.   Security</h4>\r\n\r\n        <ul>\r\n\r\n            <li class=\"wow fadeIn\">4.1. Keeping your Personal Information secure and preventing unauthorized access is of utmost priority to Us, and We take all steps reasonably necessary to protect your Personal Information against any unauthorized access, use, alteration, disclosure or destruction. Whilst We have put in place physical, electronic and managerial procedures to secure and safeguard your Personal Information, We will not be held responsible for any unauthorized access by third parties and We cannot guarantee that the Personal Information provided by you or that is transmitted via the Platform or by e-mail is totally secure and safe.</li>\r\n\r\n        </ul>\r\n\r\n        <h4 class=\"wow fadeIn\">5.   Use of Cookies</h4>\r\n\r\n        <ul>\r\n\r\n            <li class=\"wow fadeIn\">5.1. Like many websites, the Platform uses cookies, which are files that store information on your hard drive. Cookies allow the Platform to identify account holders, track new users, record session information, and generally to optimize your experience. Most browsers accept cookies automatically but if you choose you can disable the cookies from your browser. For online advertising campaigns, cookies are automatically deleted after one (1) month.</li>\r\n\r\n            <li class=\"wow fadeIn\">5.2. We recommend that you leave cookies “turned on” so that you can enjoy a better experience on the Platform. You may occasionally get cookies from companies advertising on Our behalf or on behalf of Our subsidiaries. We do not control these cookies, and these cookies are not subject to this Privacy Policy.</li>\r\n\r\n        </ul>\r\n\r\n        <h4 class=\"wow fadeIn\">6.   Use of Google Analytics and Google Tracking Pixels</h4>\r\n\r\n        <ul>\r\n\r\n            <li class=\"wow fadeIn\">6.1. This Website uses Google Analytics, a web analytics service of Google Inc. (“Google”). Google Analytics uses cookies and/or text files to analyze website traffic. Information generated by cookies with your details (including your IP address) is transferred to a Google server in the United States of America. Google processes this information to evaluate your use of the Platform, compile reports about the Platform’s activity on Our behalf, and deliver other related services regarding website and Internet use. Google may also share this information with third parties insofar as this is necessary or if these third parties process the information on behalf of Google. Under no circumstances will Google use your IP address in connection with other data supplied by Google.</li>\r\n\r\n            <li class=\"wow fadeIn\">6.2. You may disable the cookies from your browser by adjusting your browser settings. However, in this scenario, you may not be able to make full use of all the functions available on the Platform. By using the Platform, you agree to Google’s processing of the type of information discussed in this section in the manner contemplated in this Policy. Us, and our respective suppliers, and any of our shareholders, subsidiaries, parent companies, and any of Our and their officers, directors, managers, members, agents, and employees, are not liable for any direct, indirect, punitive, incidental, special, or consequential damages or loss (including, without limitation, incidental and consequential damages, lost profits, or damages resulting from lost data or business interruption) arising out of, or in way connected with, the use of the type of information discussed in this section.</li>\r\n\r\n        </ul>\r\n\r\n        <h4 class=\"wow fadeIn\">7.   Tracking Pixels</h4>\r\n\r\n        <ul>\r\n\r\n            <li class=\"wow fadeIn\">7.1. Facebook and Google tracking pixels are used on the Platform. This means that third parties may use cookies, web beacons, and similar technologies to collect or receive information from the Platform and elsewhere on the internet and use that information to provide measurement services and targeted adverts. If you wish to opt out of the use of these tracking pixels please adjust your browser settings.</li>\r\n\r\n        </ul>\r\n\r\n    </div>\r\n\r\n</section>\r\n\r\n<section class=\"terms-section privacy-section\">\r\n\r\n    <h2 class=\"wow fadeIn\">Delivery Policy</h2>\r\n\r\n    <div class=\"termWrap privacyWrap\">\r\n\r\n        <ul>\r\n\r\n            <li>1.  Delivery Costs: The costs of delivery will be as displayed to you on our Site.</li>\r\n\r\n            <li>2.  Delivery Date: This information will be displayed to you on our Site.</li>\r\n\r\n            <li>3.  Delivery Delays:<ul>\r\n\r\n                <li>a.  If our supply of the product is delayed by an event outside of our control, then we will contact you as soon as possible to let you know and we will take steps to minimise the effect of the delay.</li>\r\n\r\n                <li>b.  If no one is available at your address to take delivery and the products cannot be posted through your letterbox, we will notify you of how to rearrange delivery or collect the product.</li>\r\n\r\n                <li>c.  If you do not collect the product from us as arranged or if, after a failed delivery to you, you do not re-arrange delivery or collect them from a delivery depot, we will contact you for further instructions. If, despite our reasonable efforts, we are unable to contact you or re-arrange delivery or collection, we will cancel your order.</li>\r\n\r\n            </ul></li>\r\n\r\n\r\n            <li>4.  ID Requirement Upon Delivery: We may, at our sole discretion, make any inquiry we deem necessary to verify your identity and/or ownership of your financial instruments by requesting that you provide us with further information or documentation, including, but not limited to requesting a form of identification and/or credit card. If we are unable to verify or authenticate any information you provide, we have the right to refuse delivery and cancel the order.</li>\r\n\r\n            <li>5.  Delivery from Overseas: Note that you might be considered the importer of record in the event that your order requires delivery from overseas. In such instance, you are required to ensure that your ordered products can be lawfully imported, comply with all laws and regulations and to pay all fees and customs duties relevant to your purchase.</li>\r\n\r\n            <li>6.  Title to Products: A product will be considered owned by you and your responsibility from the time we deliver the product to the delivery address and you have paid for the product.</li>\r\n\r\n            <li>7.  Invoice: We will issue an electronic invoice for your purchase and send such invoice to the email address you provided to us.</li>\r\n\r\n        </ul>\r\n\r\n    </div>\r\n\r\n</section>\r\n\r\n<section class=\"terms-section privacy-section\" id=\"agreement\">\r\n\r\n    <h2 class=\"wow fadeIn\">User Agreement</h2>\r\n\r\n    <div class=\"termWrap privacyWrap\">\r\n\r\n        <p>\r\n\r\n            The below preamble and general terms and conditions (“General Terms”), along with the privacy policy (“Privacy Policy”), and draw terms and conditions (“Draw Terms”) (together the “User Agreement”) constitute the contract between You and Lucramania Fitness Equipments (“Lucramania”, “We”, “Us”, “Our”) relating to the use of Our website (“Site”) and Our mobile app (“App”) (together the “Platform”) and Your participation in Our campaign draws (“Campaign Draws”).\r\n\r\n        </p>\r\n\r\n        <h4 class=\"wow fadeIn\">1.   Preamble</h4>\r\n\r\n        <ul>\r\n\r\n            <li class=\"wow fadeIn\">1.1. Any party using the Platform and/or participating in a Campaign Draw (“User”, “You”, “Your”), agrees to be bound by this User Agreement. If You do not agree to this User Agreement, or any of its terms (including any amendments), then You should immediately cease using the Platform and not enter any Campaign Draw.</li>\r\n\r\n            <li class=\"wow fadeIn\"> 1.2. This User Agreement is in effect as of 01 December 2020. We may amend this User Agreement at any point in time without notice and the amendments will take effect once they have been displayed on the Platform. You acknowledge and agree that it is Your responsibility to review this User Agreement periodically to familiarize Yourself with any modifications. Your continued use of the Platform or any of Our products, offerings and services, including, but not limited to, Campaign Draws (“Services”) following any amendments shall be construed as acceptance of those amendments.</li>\r\n\r\n        </ul>\r\n\r\n        <h3 class=\"wow fadeIn\">2. General Terms and Conditions</h3>\r\n\r\n        <h4 class=\"wow fadeIn\">2.1. Eligibility for Membership </h4>\r\n\r\n        <ul>\r\n\r\n            <li class=\"wow fadeIn\">2.1.1. It is imperative for Lucramania to ensure that its members are able to enter into legally binding contracts and that minors do not purchase, use, or have access to unsuitable content. Membership and/or use of the Platform is not available to persons under the age of 18 years old. By using the Platform, you represent and warrant that You are 18 years of age or over and that all information You submit is accurate and truthful when registering any information with the Platform or providing any information to Us.</li>\r\n\r\n            <li class=\"wow fadeIn\">2.1.2. Lucramania reserves the right and at its sole discretion to refuse, limit, suspend or withdraw access to the Platform or the membership of any person if Lucramania believes that person is under the age of 18 years or that any information given is not accurate or truthful, or for any other reason.</li>\r\n\r\n            <li class=\"wow fadeIn\">2.1.3. The Platform is not available to persons whose membership has been refused, limited, suspended or withdrawn by Lucramania.</li>\r\n\r\n            <li class=\"wow fadeIn\">2.1.4. No person may register as a member on the Platform more than once.</li>\r\n\r\n        </ul>\r\n\r\n        <h4 class=\"wow fadeIn\">2.2. Registration and Membership Obligations </h4>\r\n\r\n        <ul>\r\n\r\n            <li class=\"wow fadeIn\">2.2.1. In order to access the Services and utilize the Platform You will be required to create an account and register information with Us in order to create a membership (“Membership”). You agree that any information provided to Us in pursuant thereto will be complete and accurate, that You will not register under the name of, nor attempt to enter the Membership under the name of, another person, and that You will not adopt a username that We in Our sole discretion, deem offensive. We reserve the right to not allow You to register if We believe that You will not comply with these Terms.</li>\r\n\r\n            <li class=\"wow fadeIn\">2.2.2. You are responsible to promptly update details of Your Membership such that they are at all times considered true, accurate, current and complete. If You provide any information that is untrue, inaccurate, not current or incomplete or if Lucramania suspects in Our sole discretion that such information is untrue, inaccurate, not current or incomplete, or not in accordance with this User Agreement, We have the right to suspend indefinitely, limit or withdraw Your Membership and/or Your access to the Platform.</li>\r\n\r\n            <li class=\"wow fadeIn\">2.2.3. When registering Your account on the Platform in order to create Your Membership, you will be required to provide certain information and register a username and password for use of the Platform. To keep Your account secure You have to protect Your account with reasonable means, and You are responsible at all times for maintaining the confidentiality of, and restricting access to and use of, Your account and password to the Platform. You agree to accept responsibility for all activities that occur under Your account with Us. If someone other than Yourself uses the Platform with Your login information You will be held accountable for all actions made in Your name. In the event of termination, you will no longer be authorized to access the Platform or Your Membership, and We reserve the right to use any means possible to enforce this termination. You undertake to immediately notify Lucramania of any unauthorized use of Your Membership or any other security breach.</li>\r\n\r\n            <li class=\"wow fadeIn\">2.2.4. You may not, at any point in time, use any other person’s Membership. You agree to reimburse Lucramania in full for any costs, expenses and damages caused by improper, unauthorized or illegal use of Your Membership and password by You or any person obtaining access to the Platform.</li>\r\n\r\n            <li class=\"wow fadeIn\">2.2.5. You may not transfer or sell Your Membership with Lucramania to another party and You undertake that You are solely responsible for all activity of the Membership.</li>\r\n\r\n        </ul>\r\n\r\n        <h4 class=\"wow fadeIn\">2.3. Electronic Communication</h4>\r\n\r\n        <ul><li class=\"wow fadeIn\">2.3.1. In order to access the Services and utilize the Platform You will be required to create an account and submit personal information with Us in order to create a membership (“Membership”). You agree that any information provided to Us in these areas will be complete and accurate, that You will not register under the name of, nor attempt to enter the Membership under the name of, another person, and that You will not adopt a username that We in Our sole discretion, deem offensive. We reserve the right to not allow You to register if We believe that You will not comply with these Terms.</li></ul>\r\n\r\n        <h4 class=\"wow fadeIn\">2.4. Conduct</h4>\r\n\r\n        <ul>\r\n\r\n            <li class=\"wow fadeIn\">2.4.1.1. You may not access or use the Platform or the Services provided via the Platform for any purpose other than the purpose for which we make it available to You. We may prohibit certain activities in connection with the Platform and Services in our discretion. These prohibited activities include, without limitation, the following:</li>\r\n\r\n            <li class=\"wow fadeIn\">2.4.1.2. Criminal, delictual or tortious activity, including fraud, trafficking in obscene material, drug dealing, gambling, harassment, stalking, spamming, copyright infringement, patent infringement, or theft of trade secrets.</li>\r\n\r\n            <li class=\"wow fadeIn\">2.4.1.3. Advertising to, or solicitation of, any User to buy or sell any products or services, except with the express written approval of Lucramania.</li>\r\n\r\n            <li class=\"wow fadeIn\">2.4.1.4. Transmitting chain letters or junk email to other Users.</li>\r\n\r\n            <li class=\"wow fadeIn\">2.4.1.5.Using any information obtained from the service in order to contact, advertise to, solicit or sell any products or services to any User without their prior explicit consent.</li>\r\n\r\n            <li class=\"wow fadeIn\">2.4.1.6. Engaging in any automated use of the Service, such as using scripts to send comments or messages.</li>\r\n\r\n            <li class=\"wow fadeIn\">2.4.1.7. Interfering with, disrupting or creating an undue burden on the service or the networks or services connected to the Service.</li>\r\n\r\n            <li class=\"wow fadeIn\">2.4.1.8. Attempting to impersonate another User or person.</li>\r\n\r\n            <li class=\"wow fadeIn\">2.4.1.9. Using the username or account of another User.</li>\r\n\r\n            <li class=\"wow fadeIn\">2.4.1.10. Using any information obtained from the Service in order to harass, abuse or harm another person.</li>\r\n\r\n            <li class=\"wow fadeIn\">2.4.1.11. Accepting payment of anything of value from a third person in exchange for Your performance of any commercial activity on or through the Service on behalf of that person.</li>\r\n\r\n            <li class=\"wow fadeIn\">2.4.1.12. Using the Service in a manner inconsistent with any and all applicable laws and regulations.</li>\r\n\r\n            <li class=\"wow fadeIn\">2.4.1.13. Activities which are harmful, abusive, unlawful, threatening, harassing, blasphemous, immoral, defamatory, obscene, pornographic, pedophilic, libelous, invasive of another\'s privacy or other rights, hateful, or racially, ethnically objectionable, disparaging, relating or encouraging money laundering or illegal gambling or harms or could harm minors in any way or otherwise unlawful in any manner whatsoever.</li>\r\n\r\n            <li class=\"wow fadeIn\">2.4.1.14. Any activity which harasses, degrades, intimidates or is hateful towards any individual or group of individuals on the basis of religion, gender, sexual orientation, race, ethnicity, age, or disability.</li>\r\n\r\n            <li class=\"wow fadeIn\">2.4.1.15. Any activity which violates any applicable equal employment laws, including but not limited to those prohibiting the stating, in any advertisement for employment, a preference or requirement based on race, color, religion, sex, national origin, age, or disability of the applicant.</li>\r\n\r\n            <li class=\"wow fadeIn\">2.4.1.16. Any activity which includes personal or identifying information about another person without that person\'s explicit consent.</li>\r\n\r\n            <li class=\"wow fadeIn\">2.4.1.17. Any activity which impersonates any person or entity, including, but not limited to, a Lucramania employee, or falsely states or otherwise misrepresents an affiliation with a person or entity.</li>\r\n\r\n            <li class=\"wow fadeIn\">2.4.1.18. Any activity which deceives or misleads the addressee about the origin of such messages or communicates any information which is grossly offensive or menacing in nature.</li>\r\n\r\n            <li class=\"wow fadeIn\"><span>Additionally, you agree not to:</span></li>\r\n\r\n            <li class=\"wow fadeIn\">2.4.1.19. Contact anyone who has asked not to be contacted, or make unsolicited contact with anyone for any commercial purpose;</li>\r\n\r\n            <li class=\"wow fadeIn\">2.4.1.20. Use automated means, including spiders, robots, crawlers, data mining tools, or the like to download or scrape data from the Service, except for internet search engines (e.g. Google) and non-commercial public archives (e.g. archive.org) that comply with our robots.txt file; and,</li>\r\n\r\n            <li class=\"wow fadeIn\">2.4.1.21. Attempt to gain unauthorized access to computer systems owned or controlled by Lucramania or engage in any activity that disrupts, diminishes the quality of, interferes with the performance of, or impairs the functionality of, the Platform.</li>\r\n\r\n            <li class=\"wow fadeIn\">2.4.2. Any content uploaded by You shall be subject to applicable laws and may be disabled, or may be subject to investigation under applicable laws. Furthermore, if You are found to be in non-compliance with such laws and regulations, we may terminate Your account/block Your access to the Platform, or any part thereof, and we reserve the right to remove any non-compliant content uploaded by You.</li>\r\n\r\n            <li class=\"wow fadeIn\">2.4.3. You are solely responsible for the consequences, losses or damages we may incur, directly or indirectly, or suffer due to any activities conducted by You.</li>\r\n\r\n        </ul>\r\n\r\n        <h4 class=\"wow fadeIn\">2.5. Payment Gateway</h4>\r\n\r\n        <ul>\r\n\r\n            <li class=\"wow fadeIn\">2.5.1. If You make a payment for Our Services on our Platform, the details You are asked to submit will be provided directly to our payment provider via a secured connection.</li>\r\n\r\n            <li class=\"wow fadeIn\">2.5.2. The cardholder must retain a copy of transaction records and merchant policies and rules.</li>\r\n\r\n            <li class=\"wow fadeIn\">2.5.3. Multiple transactions may result in multiple postings to the cardholder’s monthly statement.</li>\r\n\r\n            <li class=\"wow fadeIn\">2.5.4. The product prices per unit displayed on Our Platform are inclusive of VAT.</li>\r\n\r\n            <li class=\"wow fadeIn\">2.5.5. Users may be charged in US Dollar (United States Dollar) or any other currency depending on where they are using the platform from and what type of Credit Card they are using. In such cases, there may be slight discrepancies in values due to changes in foreign exchange rates.</li>   \r\n\r\n        </ul>\r\n\r\n        <h4 class=\"wow fadeIn\">2.6. Refund & Cancellation Policy</h4>\r\n\r\n        <ul>\r\n\r\n            <li class=\"wow fadeIn\">2.6.1. All sales are final with no cancellation options.</li>\r\n\r\n            <li class=\"wow fadeIn\">2.6.2. For any defective products, Lucramania will offer You replacement of the defective product only, subject to any warranties and/or guarantees provided by the manufacturer of the product. Lucramania shall have no liability or responsibility in relation to any defect regarding a prize awarded as a result of a Campaign Draw.</li>\r\n\r\n            <li class=\"wow fadeIn\">2.6.3. No other form of refund is permissible.</li>\r\n\r\n        </ul>\r\n\r\n        <h4 class=\"wow fadeIn\">2.7. Intellectual Property Rights</h4>\r\n\r\n        <ul><li class=\"wow fadeIn\">2.7.1. The Platform and the materials on the Platform, including without limitation, the text, software, scripts, graphics, photos, sounds, music, videos, interactive features and the like (\"Materials\") and the trademarks, service marks and logos contained therein (\"Marks\"), are owned by or licensed to Lucramania, and are subject to copyright and other intellectual property rights under UAE and foreign laws and international conventions. In connection with the Services, the Platform may display certain intellectual property goods belonging to third parties. Use of these goods may be subject to license granted by third parties to Lucramania. You shall, in no event, reverse engineer, decompile, or disassemble such goods and nothing herein shall be construed to grant You any right in relation to such goods. Materials on the Platform are provided to You AS IS for Your information and personal use only and may not be used, copied, reproduced, distributed, transmitted, broadcast, displayed, sold, licensed, or otherwise exploited for any other purposes whatsoever without the prior written consent of the respective owners. Lucramania reserves all rights not expressly granted herein to the Platform and the Materials. You agree to not engage in the use, copying, or distribution of any of the Materials other than as expressly permitted herein, including any use, copying, or distribution of Materials of third parties obtained through the Platform for any commercial purposes. You agree not to circumvent, disable or otherwise interfere with security related features of the Platform or features that prevent or restrict use or copying of any Materials or enforce limitations on use of the Platform or the Materials therein. Content displayed on or through the provision of the services is protected by copyright as a collective work and/or compilation, pursuant to copyrights laws, other laws, and international conventions. Any reproduction, modification, creation of derivative works from or redistribution of the Platform, the Materials, or the collective work or compilation is expressly prohibited. Copying or reproducing the Platform, the Materials, or any portion thereof for further reproduction or redistribution is expressly prohibited.</li></ul>\r\n\r\n        <h4 class=\"wow fadeIn\">2.8. User Submissions</h4>\r\n\r\n        <ul>\r\n\r\n            <li class=\"wow fadeIn\">2.8.1. You accept that various things can go wrong when using the Platform and the Services provided through the Platform. You take on the responsibility and liability of these events happening and will have no claim against Lucramania if they happen. When using the Platform, you will be exposed to Materials from a variety of sources, and that, as far as applicable law allows, Lucramania is not responsible for the accuracy, usefulness, safety, or intellectual property rights of or relating to such Materials, and You agree and assume all liability for Your use. You further may be exposed to Materials that are inaccurate, offensive, indecent, objectionable, defamatory or libelous and, as far as the law allows, You agree to waive, and hereby do waive, any legal or equitable rights or remedies You have or may have against Lucramania with respect thereto.</li>\r\n\r\n        </ul>\r\n\r\n        <h4 class=\"wow fadeIn\">2.9. Digital Media</h4>\r\n\r\n        <ul>\r\n\r\n            <li class=\"wow fadeIn\">2.9.1. You consent to the use of Your name in the event You are the Winner of any of the Campaign Draws. This includes but is not limited to use of Your name in the local and regional press, on the Platform and on any social (online) media profile associated with Us.</li>\r\n\r\n            <li class=\"wow fadeIn\">2.9.1. You consent that We have the right to use any and all digital records made by Us including, but not limited to, photographs, videos and call recordings of, the Prize, the Campaign Draw, the winning phone call and the collection of the Prize, on the Platform and on any social (online) media profile associated with Us. These digital records may include imagery and/or voice recordings of the Winner and/or their name.</li>\r\n\r\n        </ul>\r\n\r\n        <h4 class=\"wow fadeIn\">2.10. Disclaimer for Third Party Applications</h4>\r\n\r\n        <ul>\r\n\r\n            <li class=\"wow fadeIn\">2.10.1. The use of any third-party application is subject to any terms and conditions provided with such third-party application and is not governed by Us. The use of third-party applications is solely Your responsibility since Lucramania does not govern the use of such third-party applications. Lucramania is not responsible for any third-party applications and You acknowledge that such applications may be modified or removed by their original publisher and/or respective rights owner at any time. You assume all responsibility and risk of use of any third-party applications (including any content therein) and Lucramania hereby disclaims any and all liability to You or any third party related thereto.</li>\r\n\r\n            <li class=\"wow fadeIn\">2.10.2. Lucramania does not have any obligation to examine or scan third party applications, for any purpose, and is not responsible for the accuracy, completeness, appropriateness or legality of any third-party applications. The fact that a third party application is available via any online platform or otherwise is not an endorsement, authorization or representation of Lucramania’s affiliation with any third party, nor is it an endorsement of such third party application and You hereby waive, any legal or equitable rights or remedies You have or may have against Lucramania with respect thereto. Lucramania exercises no control over third party applications, products, services, software or any online platform and We are not responsible for their performance, do not endorse them, and are not responsible or liable for any content, advertising, or other materials available through any third party applications, products, services, software and any online platform. We are not responsible or liable, directly or indirectly, for any damage or loss caused to You by Your use of or reliance on any goods or services available through the third-party applications, products, services, software and any online platform.</li>\r\n\r\n        </ul>\r\n\r\n        <h4 class=\"wow fadeIn\">2.11. Limitations of Liability</h4>\r\n\r\n        <ul>\r\n\r\n            <li class=\"wow fadeIn\">2.11.1. To offer a reliable and enjoyable service We need to fix bugs, install updates and perform general diagnosis and maintenance. We, cannot warrant that the Platform and Services will always be uninterrupted, problem-free, free of omission, or error-free. To the extent allowed by law, content and function of the Platform, and Services, are provided on an \"as is\" basis without warranties of any kind, either expressed or implied.</li>\r\n\r\n            <li class=\"wow fadeIn\">2.11.2. Information obtained on the Platform may not always be accurate. We use other providers to provide data on which We base the information detailed on the Platform. We try to make sure that the data is correct and up to-date together with Our partners, but We cannot guarantee that it will always be.</li>\r\n\r\n            <li class=\"wow fadeIn\">2.11.3. In no event will Lucramania nor will any of Our data providers be liable for any incidental, indirect, special, punitive, exemplary, or consequential damages, arising out of Your use of or inability to use the App, including without limitation, loss of revenue or anticipated profits, loss of goodwill, loss of business, loss of data, computer failure or malfunction, or any other damages.</li>\r\n\r\n            <li class=\"wow fadeIn\">2.11.4. WE EXPRESSLY DISCLAIM ALL WARRANTIES AND CONDITIONS OF ANY KIND, WHETHER EXPRESS OR IMPLIED, INCLUDING, BUT NOT LIMITED TO THE IMPLIED WARRANTIES AND CONDITIONS OF MERCHANTABILITY, FITNESS FOR A PARTICULAR PURPOSE AND NON-INFRINGEMENT.</li>\r\n\r\n            <li class=\"wow fadeIn\">2.11.5. In conjunction with the limitation of warranties as explained herein, you expressly understand and agree that any claim against Us shall be limited to the amount You paid to Us, if any, for use of our Platform and/or Services.</li>\r\n\r\n        </ul>\r\n\r\n        <h4 class=\"wow fadeIn\">2.12.  Indemnity</h4>\r\n\r\n        <ul>\r\n\r\n            <li class=\"wow fadeIn\">2.12.1. You agree to defend, indemnify and hold harmless Lucramania and its affiliates and subsidiaries, and its and their, officers, directors, shareholders, successors, assigns, agents, service providers, suppliers and employees, from and against any and all claims, damages, obligations, losses (whether direct, indirect or consequential), liabilities, costs or debt, and expenses (including but not limited to attorneys\' fees) arising from: (i) Your breach of any provision of this User Agreement; (ii) Your breach of any third party right, including without limitation any copyright, trademark, trade secret or other property, or privacy right; (iii) Your use of the Platform or the Service, or (iv) any claim that the Platform, Services or any Materials caused damage to You or a third party. This defense and indemnification obligation will survive termination, modification or expiration of this User Agreement and Your use of the Service and the Platform.</li>\r\n\r\n        </ul>   \r\n\r\n        <h4 class=\"wow fadeIn\">2.13. No Spam Policy</h4>\r\n\r\n        <ul>\r\n\r\n            <li class=\"wow fadeIn\">2.13.1. You understand and agree that sending unsolicited email advertisements or other unsolicited communications to Lucramania email addresses or through Lucramania information systems are expressly prohibited by these Terms. Any unauthorized use of Lucramania computer systems is a violation of this User Agreement and certain applicable laws, in particular the UAE Cybercrimes legislation. Such violations may subject the sender and his or her agents to civil and criminal penalties. Please note that the UAE Cybercrimes legislation carries significant penalties including imprisonment. In case You intend to solicit, or contact Our Users by obtaining their email or phone numbers from Our Platform, we may report this behavior to the relevant authorities, who then may decide to prosecute You under the relevant UAE laws.</li>\r\n\r\n        </ul>\r\n\r\n        <h4 class=\"wow fadeIn\">2.14. Limitation and Termination of Service</h4>\r\n\r\n        <ul>\r\n\r\n            <li class=\"wow fadeIn\">2.14.1. Lucramania may establish limits from time to time concerning use of the Service, including among others, the maximum number of days that content will be maintained or retained by the Service, the maximum number and size of postings, e-mail messages, or other Content that may be transmitted or stored by the Service, and the frequency with which You may access the Service or the Platform.</li>\r\n\r\n            <li class=\"wow fadeIn\">2.14.2. Lucramania reserves the right at any time to modify or discontinue the Service on the Platform (or any part thereof) with or without notice, and that Lucramania shall not be liable to You or to any third party for any such modification, suspension or discontinuance of the Service.</li>\r\n\r\n            <li class=\"wow fadeIn\">2.14.3. You acknowledge and agree that Lucramania, in its sole and absolute discretion, has the right (but not the obligation) to delete or deactivate Your account, block Your e-mail or IP address, or otherwise terminate Your access to or use of the Service or Platform (or any part thereof), immediately and without notice for any reason or no reason at all. Further, you agree that Lucramania shall not be liable to you or any third-party for any termination of Your access to the Platform or the Service.</li>\r\n\r\n        </ul>\r\n\r\n        <h4 class=\"wow fadeIn\">2.15. Assignment</h4>\r\n\r\n        <ul>\r\n\r\n            <li class=\"wow fadeIn\">2.15.1. These Terms, and any rights and licenses granted hereunder, may not be transferred or assigned by You, but may be assigned by Lucramania without restriction. Any assignment or transfer by You shall be null and void.</li>\r\n\r\n        </ul>\r\n\r\n        <h4 class=\"wow fadeIn\">2.16. General Information</h4>\r\n\r\n        <ul>\r\n\r\n            <li class=\"wow fadeIn\">2.16.1. The failure of Lucramania to exercise or enforce any right or provision of this User Agreement shall not constitute a waiver of such right or provision. </li>\r\n\r\n            <li class=\"wow fadeIn\">2.16.2. If any provision of this User Agreement is found by a court of competent jurisdiction to be invalid (including, without limitation, because such provision is inconsistent with the laws of another jurisdiction) or inapplicable, We and You nevertheless agree that the court should endeavor to give effect to Our intentions as reflected in this User Agreement. If any provision or provisions of this User Agreement is held to be invalid, illegal or unenforceable, the validity, legality and enforceability of the remaining provisions of this User Agreement shall not in any way be affected or be impaired.</li>\r\n\r\n            <li class=\"wow fadeIn\">2.16.3. YOU AGREE THAT ANY CAUSE OF ACTION BROUGHT BY YOU AND ARISING OUT OF OR RELATED TO YOUR USE OF THE SERVICE AND/OR THE PLATFORM MUST COMMENCE WITHIN A REASONABLE TIME AND IN ANY EVENT WITHIN ONE (1) YEAR AFTER THE CAUSE OF ACTION ACCRUES.</li>\r\n\r\n        </ul>\r\n\r\n        <h4 class=\"wow fadeIn\">2.17. Governing law and Dispute Resolution</h4>\r\n\r\n        <ul>\r\n\r\n            <li class=\"wow fadeIn\">2.17.1. Any dispute arising out of or in connection with this User Agreement, including any question regarding its existence, validity or termination, shall be subject to the exclusive jurisdiction of the Courts of the Dubai International Financial Centre. This Agreement shall be governed by and construed in accordance with the laws of the Dubai International Financial Centre.</li>\r\n\r\n        </ul>\r\n\r\n    </div>\r\n\r\n</section>\r\n</div>\r\n</section>',NULL,NULL,NULL,1,13),(44,'Contact Us','<div class=\"row\">\r\n   <div class=\"col-md-12 wow fadeIn\">\r\n      <p>Please fill in the form below and a dedicated member of our team will be in touch within 48 hours.</p>\r\n   </div>\r\n   <div class=\"col-md-8\">\r\n      <div class=\"contctForm wow fadeIn\">\r\n         <form enctype=\"multipart/form-data\" id=\"contact-us\" action=https://www.winztime.com/web/public/processContactUs\" class=\"contact-us-form-validate\"  method=\"post\">\r\n         <input type=\"hidden\" name=\"_token\">\r\n            <div class=\"row\">\r\n               <div class=\"col-md-6\">\r\n                  <div class=\"form-group\">\r\n                    <input type=\"text\" name=\"name\" placeholder=\"Name\" class=\"form-control contact-us-field-validate\" onkeypress=\"return /^[ A-Za-z-_@./#${}<>,?=;\'|\\!%*()&+-]*$/.test(event.key)\">                                 \r\n                  </div>\r\n               </div>\r\n               <div class=\"col-md-6\">\r\n                  <div class=\"form-group\">                                    \r\n                    <input type=\"email\" name=\"email\" placeholder=\"Email\" class=\"form-control contact-us-field-validate contact-us-email\">                              \r\n                  </div>\r\n               </div>\r\n               <div class=\"col-md-12\">\r\n                  <div class=\"form-group\">\r\n                     <select name=\"dropoptions\" class=\"form-control contact-us-field-validate\">\r\n                        <option value=\"\"></option>\r\n                        <option value=\"General Enquiries\">General Enquiries</option>\r\n                        <option value=\"Technical Issues\">Technical Issues</option>\r\n                        <option value=\"Payment Issues\">Payment Issues</option>\r\n                     </select>\r\n                  </div>\r\n               </div>\r\n               <div class=\"col-md-12\">\r\n                  <div class=\"form-group\">                                    <textarea cols=\'60\' rows=\'8\' name=\"message\" id=\"messagecontact\" placeholder=\"Message\" class=\"form-control contact-us-field-validate\"></textarea>                                </div>\r\n               </div>\r\n               <div class=\"col-md-offset-8 col-md-4\">                              <input type=\"button\" onclick=\"contactuscontactfieldvalidate();\" name=\"submitBtn\"  value=\"Send Message\" class=\"btn contctBtn\">                           </div>\r\n            </div>\r\n         </form>\r\n      </div>\r\n   </div>\r\n   <div class=\"col-md-4\">\r\n      <div class=\"contctInfo wow fadeIn\">\r\n      <h3>Lucramania Fitness Equipments</h3>\r\n         <ul>\r\n          <li><i class=\"fas fa-map-marker\"></i><p>Office 904-68B<br>\r\n               Sapphire Tower, 8 Al Ittihad Road<br>\r\n               Port Saeed, Deira<br>\r\n               Dubai, United Arab Emirates</p>\r\n            </li>\r\n            <li><i class=\"fas fa-envelope\"></i><p>hello@lucramania.com</p></li>\r\n            <li><i class=\"fas fa-phone\"></i><p>+971 55 946 1406</p></li>\r\n         </ul>\r\n      </div>\r\n   </div>\r\n</div>\r\n<div class=\"mapWrap wow fadeIn\">\r\n   <iframe src=\"https://www.google.com/maps/embed?pb=!1m18!1m12!1m3!1d3608.2787266463365!2d55.33046711501071!3d25.26120758386646!2m3!1f0!2f0!3f0!3m2!1i1024!2i768!4f13.1!3m3!1m2!1s0x3e5f5cdc5c335b91%3A0x320f640cbe53cfad!2sSapphire%20Tower!5e0!3m2!1sen!2s!4v1603023272351!5m2!1sen!2s\" width=\"100%\" height=\"350\" frameborder=\"0\" style=\"border:0;\" allowfullscreen=\"\" aria-hidden=\"false\" tabindex=\"0\"></iframe>         \r\n</div>\r\n',NULL,NULL,NULL,1,15),(32,'How It Works','<div class=\"container\">\r\n      <div class=\"row\">\r\n        <div class=\"col-lg-7 col-md-7  col-sm-6\">\r\n <h1>Chance to win a prize in Dubai</h1>\r\n          <h2>How It Works</h2>\r\n          <p>Winning with us is as easy as A, B, C. Here is how our website works:</p>\r\n          <ol>\r\n            <li>First, create an account/login.</li>\r\n            <li>Search/browse through our product selection.</li>\r\n            <li>Check if the Product has a campaign or promotion going on. </li>\r\n            <li>Select the product/s you wish to buy and proceed to the checkout.</li>\r\n            <li>Once the payment is confirmed, you shall be notified about your order details and draw entries via email.</li>\r\n            <li>You will also receive your tax invoice via email.</li>\r\n            <li>Once a campaign ends and the draw is complete, the prize winner will be announced on our social media channels: Facebook &amp; Instagram.</li>\r\n            <li>Donate your product/s to charity and you will receive an extra complimentary ticket for the prize draw.</li>\r\n            <li>All draws are regulated under the Dubai economy department.</li>  \r\n          </ol>\r\n        </div>\r\n        <div class=\"col-lg-5 col-md-5  col-sm-6\">\r\n          <img src=\"https://winztime.com/images/media/2021/07/tVllU05905.png\" class=\"img-fluid\" alt=\"Win a luxury prize in dubai\">\r\n        </div>\r\n\r\n        <div class=\"about-video\">\r\n          <iframe width=\"100%\" height=\"645px\" src=\"https://www.youtube.com/embed/0oKHxrKP6po\" title=\"YouTube video player\" frameborder=\"0\" allow=\"accelerometer; autoplay; clipboard-write; encrypted-media; gyroscope; picture-in-picture\" allowfullscreen=\"\"></iframe>\r\n        </div>\r\n      </div>\r\n    </div>','Gold rewards in UAE | Chance to Win a prize in Dubai','Chance to Win a prize in Dubai\r\n\r\nGold rewards in UAE','Winztime is a winning platform for you to get Gold rewards in UAE. Not only that, we give you an enormous chance to win a prize in Dubai. Stay tuned to Winztime.',1,10),(50,'Charities','<div class=\"container\">\r\n\r\n			<div class=\"row\">\r\n\r\n				<div class=\"col-lg-7 col-md-7 col-sm-6\">\r\n\r\n					<h1>Charities</h1>\r\n\r\n					<p>Our main objective at Winztime is to transform lives. We do not just want our customers to lead a better life but also children and less fortunate people. To achieve this we have partnered with Friends of Cancer Patients charity organization. Through this you can donate our products, or a percentage of the sales, to our charity partner.</p>\r\n\r\n					<p>To reward your generosity, Winztime will reward every donation by increasing the number of complimentary entries one receives for the prize draw. Through this we hope to achieve our dream: a win-win situation for everyone.</p>\r\n\r\n					<p>Friends of Cancer Patients is a non-profit organization, founded in 1999 under the directives and patronage of Her Highness Sheikha Jawaher bint Mohammed Al Qasimi, Wife of the Ruler of Sharjah, Founder and Patron of the Friends of Cancer Patients, International Ambassador of the World Cancer Declaration for Union for International Cancer Control (UICC), International Ambassador for Childhood Cancer for UICC and Patron of the Global NCD Alliance Forum.</p><p>FoCP is committed to help cancer patients and their families get through their long and arduous journey of cancer treatment. Since its inception, FoCP has delivered moral and financial support to cancer patients and their families, irrespective of their nationality, gender, age, religion or ethnicity.</p>\r\n\r\n				</div>\r\n\r\n				<div class=\"col-lg-5 col-md-5 col-sm-6\">\r\n\r\n					<img src=\"https://winztime.com/images/charityImg5.webp\" class=\"img-fluid\" alt=\"*\">\r\n\r\n				</div>\r\n\r\n			</div>\r\n\r\n		</div>',NULL,NULL,NULL,1,17),(42,'COVID-19 Response','<div class=\\\"row\\\">\r\n<div class=\\\"col-md-6\\\">\r\n<p>Dear Community,<br><br>\r\n\r\nOn behalf of all of us at Lucramania, please allow us to honor those on the front lines during these unprecedented times. Today we honor our heroes, starting with nurses, doctors, and healthcare providers around the world who are fighting the spread of COVID-19.<br> <br>\r\n\r\nAt home, Lucramania remains enduringly committed to the well-being of our community. We ensure highest sanitization of all of our products and packages before we ship them to our eager customers.<br>  <br>  \r\n\r\nStay safe, wash your hands, help others, keep exercising, eat healthy, and remain positive!<br><br>\r\n\r\nBest wishes,<br><br>\r\n\r\nLucramania’s Team</p>\r\n</div>\r\n<div class=\\\"col-md-6\\\">\r\n<figure><img src=\\\"images/covid.png\\\" /></figure>\r\n</div>\r\n</div>',NULL,NULL,NULL,1,14),(47,'Winners','<section class=\"pro-content main-section product-section \">\r\n  <h2 class=\"wow fadeIn animated\" style=\"visibility: visible;\">Winners</h2>\r\n  <div class=\"row\">\r\n    <div class=\"col-md-6 wow fadeIn\">\r\n      <a href=\"javascript:;\" class=\"productWrap swipe-to-top\" products_id=\"13\" data-toggle=\"tooltip\" data-placement=\"bottom\" data-original-title=\"\" title=\"\">\r\n        <h3>congratulations, John Doe!</strong></h3>\r\n        <h5>on winning Cash AED 40,000</h5>\r\n        <figure>\r\n          <img src=\"http://134.119.189.170:90/lucramania/public/images/media/2020/10/dpYLj04806.jpg\" alt=\"Europa Water Bottle\">\r\n          <img class=\"winnerIconWrp\" src=\"http://134.119.189.170:90/lucramania/public/images/media/2020/10/winnerIcon.png\" alt=\"*\">\r\n        </figure>\r\n        <figcaption>\r\n          <h4>Coupon no. CC-00001-00001-D</h4>\r\n          <p>Announced on January 09, 2021</p>\r\n        </figcaption>\r\n      </a>\r\n    </div>\r\n    <div class=\"col-md-6 wow fadeIn\">\r\n      <a href=\"javascript:;\" class=\"productWrap swipe-to-top\" products_id=\"12\" data-toggle=\"tooltip\" data-placement=\"bottom\" data-original-title=\"\" title=\"\">\r\n        <h3>congratulations, John Doe!</strong></h3>\r\n        <h5>on winning Cash AED 40,000</h5>\r\n        <figure>\r\n          <img src=\"http://134.119.189.170:90/lucramania/public/images/media/2020/10/HaUQb04306.jpg\" alt=\"Tachyon Jump Rope\">\r\n          <img class=\"winnerIconWrp\" src=\"http://134.119.189.170:90/lucramania/public/images/media/2020/10/winnerIcon.png\" alt=\"*\">\r\n        </figure>\r\n        <figcaption>\r\n          <h4>Coupon no. CC-00001-00001-D</h4>\r\n          <p>Announced on January 09, 2021</p>\r\n        </figcaption>\r\n      </a>\r\n    </div>\r\n  </div>\r\n</section>',NULL,NULL,NULL,1,16),(51,'Z points','<div class=\"container\">\r\n  <div class=\"row\">\r\n    <h1>Z points</h1>\r\n    <h4>What are Z points?</h4>\r\n    <p>Our loyal members receive 1 Z point on every 10 AED spent. These points can be collected and then used to make purchases.</p>\r\n    <h4>Can I transfer my Z points?</h4>\r\n    <p>Currently Z points cannot be transferred.</p>\r\n    <h4>Can a member purchase Z points?</h4>\r\n    <p>Our members cannot purchase Z points at the moment.</p>\r\n    <h4>How can a member earn more Z points?</h4>\r\n    <p>One can earn more Z points earned on every purchase by improving their tier status.</p>\r\n    <h4>Can we combine Z points with cash to make purchases?</h4>\r\n    <p>Z points can be combined with cash to complete a purchase. This option is only available when members have insufficient points to make a purchase.</p>\r\n    <h4>What is the minimum amount of points a member can withdraw/use?</h4>\r\n    <p>If a member has 125 points then they can use only 100 points otherwise they can wait and use 200 points in one go.</p>\r\n  </div>\r\n</div>',NULL,NULL,NULL,1,18),(52,'Charities','<section class=\\\"about-sec\\\" id=\\\"how-it-works-sec\\\">\n\n		<div class=\\\"container\\\">\n\n			<div class=\\\"row\\\">\n\n				<div class=\\\"col-lg-7 col-md-7 col-sm-6\\\">\n\n					<h1>Charities</h1>\n\n					<p>Our main objective at Winztime is to transform lives. We do not just want our customers to lead a better life but also children and less fortunate people. To achieve this we have partnered with Friends of Cancer Patients charity organization. Through this you can donate our products, or a percentage of the sales, to our charity partner.</p>\n\n					<p>To reward your generosity, Winztime will reward every donation by increasing the number of complimentary entries one receives for the prize draw. Through this we hope to achieve our dream: a win-win situation for everyone.</p>\n\n					<p>Friends of Cancer Patients is a non-profit organization, founded in 1999 under the directives and patronage of Her Highness Sheikha Jawaher bint Mohammed Al Qasimi, Wife of the Ruler of Sharjah, Founder and Patron of the Friends of Cancer Patients, International Ambassador of the World Cancer Declaration for Union for International Cancer Control (UICC), International Ambassador for Childhood Cancer for UICC and Patron of the Global NCD Alliance Forum.</p>\n\n					<p>FoCP is committed to help cancer patients and their families get through their long and arduous journey of cancer treatment. Since its inception, FoCP has delivered moral and financial support to cancer patients and their families, irrespective of their nationality, gender, age, religion or ethnicity.</p>\n\n				</div>\n\n				<div class=\\\"col-lg-5 col-md-5 col-sm-6\\\">\n\n					<img src=\\\"assets/images/charityImg5.webp\\\" class=\\\"img-fluid\\\" alt=\\\"*\\\">\n\n				</div>\n\n			</div>\n\n		</div>\n\n	</section>',NULL,NULL,NULL,1,19);
/*!40000 ALTER TABLE `pages_description` ENABLE KEYS */;
UNLOCK TABLES;

--
-- Table structure for table `password_resets`
--

DROP TABLE IF EXISTS `password_resets`;
/*!40101 SET @saved_cs_client     = @@character_set_client */;
/*!40101 SET character_set_client = utf8 */;
CREATE TABLE `password_resets` (
  `email` varchar(191) COLLATE utf8_unicode_ci NOT NULL,
  `token` varchar(191) COLLATE utf8_unicode_ci NOT NULL,
  `created_at` varchar(255) COLLATE utf8_unicode_ci DEFAULT NULL,
  `forgot_token` varchar(191) COLLATE utf8_unicode_ci DEFAULT NULL,
  KEY `password_resets_email_index` (`email`),
  KEY `password_resets_token_index` (`token`)
) ENGINE=InnoDB DEFAULT CHARSET=utf8 COLLATE=utf8_unicode_ci;
/*!40101 SET character_set_client = @saved_cs_client */;

--
-- Dumping data for table `password_resets`
--

LOCK TABLES `password_resets` WRITE;
/*!40000 ALTER TABLE `password_resets` DISABLE KEYS */;
INSERT INTO `password_resets` VALUES ('pearlsharma1238@gmail.com','$2y$10$h6TPX8n111jHfkTo9y/ZP.phCJKpB43rbavMUyCEl2jd65pfAXWY6','2021-09-30 15:25:19','PDMRdyJX2l'),('mdiqbal467@gmail.com','$2y$10$jm7jS5MI8JrH3FjIx/3oyeXGrzBCgnOBpQdjUB67c87CqpQ9iBj6W','2021-10-23 10:41:11','18qG7bLwRc'),('fsf-78@hotmail.com','$2y$10$yIy5w..G0dgOL8ab7lk4vulqTSyfQVSzNE4W.mHQlKR7tBSCGR86C','2021-11-10 19:28:36','HxncEFRYuz'),('mj_honeydwrench90@yahoo.com','$2y$10$7igHB.mMDQuZkk2FDKtejeCgToPS3TPkaHu62CSWy4ygdNgUCC0BS','2021-11-12 02:47:59','SdjtbnNMe4'),('harpreet.kaur@digimantra.com','$2y$10$X4JHder2rs40IU/rUUH0e.E7W1Kq4VWNnkMauUmwE.iaKH1bOh1Uq','2021-11-18 11:54:33','MDvWwap6z1');
/*!40000 ALTER TABLE `password_resets` ENABLE KEYS */;
UNLOCK TABLES;

--
-- Table structure for table `payment_description`
--

DROP TABLE IF EXISTS `payment_description`;
/*!40101 SET @saved_cs_client     = @@character_set_client */;
/*!40101 SET character_set_client = utf8 */;
CREATE TABLE `payment_description` (
  `id` int(11) NOT NULL AUTO_INCREMENT,
  `payment_methods_id` int(11) NOT NULL,
  `name` varchar(100) COLLATE utf8_unicode_ci NOT NULL,
  `language_id` int(11) NOT NULL,
  `sub_name_1` varchar(100) COLLATE utf8_unicode_ci NOT NULL,
  `sub_name_2` varchar(100) COLLATE utf8_unicode_ci NOT NULL,
  PRIMARY KEY (`id`)
) ENGINE=InnoDB AUTO_INCREMENT=15 DEFAULT CHARSET=utf8 COLLATE=utf8_unicode_ci;
/*!40101 SET character_set_client = @saved_cs_client */;

--
-- Dumping data for table `payment_description`
--

LOCK TABLES `payment_description` WRITE;
/*!40000 ALTER TABLE `payment_description` DISABLE KEYS */;
INSERT INTO `payment_description` VALUES (1,1,'Braintree',1,'Credit Card','Paypal'),(4,2,'Stripe',1,'',''),(5,3,'Paypal',1,'',''),(6,4,'Cash on Delivery',1,'',''),(7,5,'Instamojo',1,'',''),(8,0,'Cybersoure',1,'',''),(9,6,'Hyperpay',1,'',''),(10,7,'Razor Pay',1,'',''),(11,8,'PayTm',1,'',''),(12,9,'Direct Bank Transfer',1,'Make your payment directly into our bank account. Please use your Order ID as the payment reference.',''),(13,10,'Paystack',1,'',''),(14,11,'Midtrans',1,'','');
/*!40000 ALTER TABLE `payment_description` ENABLE KEYS */;
UNLOCK TABLES;

--
-- Table structure for table `payment_methods`
--

DROP TABLE IF EXISTS `payment_methods`;
/*!40101 SET @saved_cs_client     = @@character_set_client */;
/*!40101 SET character_set_client = utf8 */;
CREATE TABLE `payment_methods` (
  `payment_methods_id` int(11) NOT NULL AUTO_INCREMENT,
  `payment_method` varchar(191) COLLATE utf8_unicode_ci NOT NULL,
  `status` tinyint(1) NOT NULL DEFAULT '0',
  `environment` tinyint(1) NOT NULL DEFAULT '0',
  `created_at` timestamp NULL DEFAULT NULL,
  `updated_at` timestamp NULL DEFAULT NULL,
  PRIMARY KEY (`payment_methods_id`)
) ENGINE=InnoDB AUTO_INCREMENT=12 DEFAULT CHARSET=utf8 COLLATE=utf8_unicode_ci;
/*!40101 SET character_set_client = @saved_cs_client */;

--
-- Dumping data for table `payment_methods`
--

LOCK TABLES `payment_methods` WRITE;
/*!40000 ALTER TABLE `payment_methods` DISABLE KEYS */;
INSERT INTO `payment_methods` VALUES (1,'braintree',0,0,'2019-09-18 11:40:13','0000-00-00 00:00:00'),(2,'stripe',0,0,'2019-09-18 11:56:17','0000-00-00 00:00:00'),(3,'paypal',1,0,'2019-09-18 11:56:04','0000-00-00 00:00:00'),(4,'cash_on_delivery',1,0,'2019-09-18 11:56:37','0000-00-00 00:00:00'),(5,'instamojo',0,0,'2019-09-18 11:57:23','0000-00-00 00:00:00'),(6,'hyperpay',0,0,'2019-09-18 11:56:44','0000-00-00 00:00:00'),(7,'razor_pay',0,0,'2019-09-18 11:56:44','0000-00-00 00:00:00'),(8,'pay_tm',0,0,'2019-09-18 11:56:44','0000-00-00 00:00:00'),(9,'banktransfer',0,0,'2019-09-18 11:56:44','0000-00-00 00:00:00'),(10,'paystack',0,0,'2019-09-18 11:56:44','0000-00-00 00:00:00'),(11,'midtrans',0,0,'2019-09-18 11:56:44','0000-00-00 00:00:00');
/*!40000 ALTER TABLE `payment_methods` ENABLE KEYS */;
UNLOCK TABLES;

--
-- Table structure for table `payment_methods_detail`
--

DROP TABLE IF EXISTS `payment_methods_detail`;
/*!40101 SET @saved_cs_client     = @@character_set_client */;
/*!40101 SET character_set_client = utf8 */;
CREATE TABLE `payment_methods_detail` (
  `id` int(11) NOT NULL AUTO_INCREMENT,
  `payment_methods_id` int(11) NOT NULL,
  `key` varchar(191) COLLATE utf8_unicode_ci NOT NULL,
  `value` varchar(191) COLLATE utf8_unicode_ci NOT NULL,
  PRIMARY KEY (`id`)
) ENGINE=InnoDB AUTO_INCREMENT=52 DEFAULT CHARSET=utf8 COLLATE=utf8_unicode_ci;
/*!40101 SET character_set_client = @saved_cs_client */;

--
-- Dumping data for table `payment_methods_detail`
--

LOCK TABLES `payment_methods_detail` WRITE;
/*!40000 ALTER TABLE `payment_methods_detail` DISABLE KEYS */;
INSERT INTO `payment_methods_detail` VALUES (3,1,'merchant_id',''),(4,1,'public_key',''),(5,1,'private_key',''),(9,2,'secret_key',''),(10,2,'publishable_key',''),(15,3,'id',''),(18,3,'payment_currency','USD'),(21,5,'api_key',''),(22,5,'auth_token',''),(23,5,'client_id',''),(24,5,'client_secret',''),(32,6,'userid',''),(33,6,'password',''),(34,6,'entityid',''),(35,7,'RAZORPAY_KEY',''),(36,7,'RAZORPAY_SECRET',''),(37,8,'paytm_mid',''),(39,8,'paytm_key','w#'),(40,8,'current_domain_name',''),(41,9,'account_name','SHaroz ALam kahn'),(42,9,'account_number','123 32132132132'),(43,9,'bank_name','TEST TSEs'),(44,9,'short_code','123123'),(45,9,'iban','123'),(46,9,'swift','qw'),(47,10,'secret_key',''),(48,10,'public_key',''),(49,11,'merchant_id',''),(50,11,'server_key',''),(51,11,'client_key','');
/*!40000 ALTER TABLE `payment_methods_detail` ENABLE KEYS */;
UNLOCK TABLES;

--
-- Table structure for table `permissions`
--

DROP TABLE IF EXISTS `permissions`;
/*!40101 SET @saved_cs_client     = @@character_set_client */;
/*!40101 SET character_set_client = utf8 */;
CREATE TABLE `permissions` (
  `id` int(11) NOT NULL AUTO_INCREMENT,
  `role_id` varchar(191) COLLATE utf8_unicode_ci NOT NULL,
  `permissions` varchar(191) COLLATE utf8_unicode_ci NOT NULL,
  `created_at` timestamp NULL DEFAULT NULL,
  `updated_at` timestamp NULL DEFAULT NULL,
  PRIMARY KEY (`id`)
) ENGINE=InnoDB DEFAULT CHARSET=utf8 COLLATE=utf8_unicode_ci;
/*!40101 SET character_set_client = @saved_cs_client */;

--
-- Dumping data for table `permissions`
--

LOCK TABLES `permissions` WRITE;
/*!40000 ALTER TABLE `permissions` DISABLE KEYS */;
/*!40000 ALTER TABLE `permissions` ENABLE KEYS */;
UNLOCK TABLES;

--
-- Table structure for table `products`
--

DROP TABLE IF EXISTS `products`;
/*!40101 SET @saved_cs_client     = @@character_set_client */;
/*!40101 SET character_set_client = utf8 */;
CREATE TABLE `products` (
  `products_id` int(11) NOT NULL AUTO_INCREMENT,
  `products_quantity` int(11) NOT NULL,
  `products_model` varchar(191) COLLATE utf8mb4_unicode_ci DEFAULT NULL,
  `products_image` text COLLATE utf8mb4_unicode_ci,
  `products_video_link` text COLLATE utf8mb4_unicode_ci,
  `products_price` int(200) NOT NULL,
  `products_date_added` datetime NOT NULL,
  `products_last_modified` datetime DEFAULT NULL,
  `products_date_available` datetime DEFAULT NULL,
  `products_weight` varchar(191) COLLATE utf8mb4_unicode_ci NOT NULL,
  `products_weight_unit` varchar(191) COLLATE utf8mb4_unicode_ci DEFAULT NULL,
  `products_status` tinyint(1) NOT NULL,
  `is_current` tinyint(1) NOT NULL,
  `products_tax_class_id` int(11) NOT NULL,
  `manufacturers_id` int(11) DEFAULT NULL,
  `products_ordered` int(11) NOT NULL DEFAULT '0',
  `products_liked` int(11) NOT NULL,
  `low_limit` int(11) NOT NULL,
  `is_feature` tinyint(1) DEFAULT '0',
  `products_slug` varchar(191) COLLATE utf8mb4_unicode_ci NOT NULL,
  `products_type` int(11) NOT NULL DEFAULT '0',
  `products_min_order` int(11) DEFAULT '1',
  `products_max_stock` int(11) DEFAULT NULL,
  `sku` varchar(111) COLLATE utf8mb4_unicode_ci DEFAULT NULL,
  `created_at` timestamp NULL DEFAULT NULL,
  `updated_at` timestamp NULL DEFAULT NULL,
  `currency` char(3) COLLATE utf8mb4_unicode_ci NOT NULL,
  PRIMARY KEY (`products_id`),
  KEY `idx_products_model` (`products_model`),
  KEY `idx_products_date_added` (`products_date_added`)
) ENGINE=MyISAM AUTO_INCREMENT=48 DEFAULT CHARSET=utf8mb4 COLLATE=utf8mb4_unicode_ci;
/*!40101 SET character_set_client = @saved_cs_client */;

--
-- Dumping data for table `products`
--

LOCK TABLES `products` WRITE;
/*!40000 ALTER TABLE `products` DISABLE KEYS */;
INSERT INTO `products` VALUES (7,-2,NULL,'641',NULL,10,'2020-04-05 01:10:00',NULL,NULL,'0.125',NULL,1,1,0,NULL,9,2,0,0,'0',0,1,0,'WNGUB','2019-09-17 16:18:31','2021-09-12 02:40:30',''),(9,-1,NULL,'647',NULL,15,'2020-04-05 01:10:00',NULL,NULL,'0.125',NULL,1,1,0,NULL,1,0,0,0,'0',0,1,0,'SBY','2019-09-17 16:30:05','2021-09-12 02:41:39',''),(12,0,NULL,'637',NULL,50,'2020-04-05 01:10:00',NULL,NULL,'0.125',NULL,1,1,0,NULL,0,3,0,0,'0',0,1,0,'Bag1B','2019-09-17 16:50:49','2021-09-12 03:09:14',''),(13,-2,NULL,'679',NULL,95,'2020-04-05 01:10:00',NULL,NULL,'0.125',NULL,1,1,0,NULL,4,1,0,0,'0',0,1,0,'GB2.2LB','2019-09-17 16:55:20','2021-09-05 08:41:41',''),(44,-1,NULL,'655',NULL,30,'2020-04-05 01:10:00',NULL,NULL,'10',NULL,1,1,0,NULL,1,0,0,0,'0',0,NULL,NULL,'GTB','2021-07-01 07:39:32','2021-09-12 03:08:09',''),(42,-1,NULL,'638',NULL,20,'2020-04-05 01:10:00',NULL,NULL,'10',NULL,1,1,2,NULL,2,1,0,0,'0',0,NULL,NULL,'SRB','2021-06-26 21:14:48','2021-09-12 02:42:47',''),(43,-1,NULL,'648',NULL,30,'2021-07-04 11:54:57',NULL,NULL,'10',NULL,1,1,0,NULL,1,1,0,0,'0',0,NULL,NULL,'GTP','2021-06-26 21:18:55','2021-09-12 03:08:37',''),(45,-1,NULL,'679',NULL,95,'0000-00-00 00:00:00',NULL,NULL,'10',NULL,1,1,0,NULL,1,0,0,0,'0',0,NULL,NULL,'GB2.2LB','2021-07-08 10:21:42','2021-09-05 08:38:35',''),(46,0,'eeee','550',NULL,10,'0000-00-00 00:00:00',NULL,NULL,'10',NULL,0,1,0,NULL,0,0,0,0,'0',0,1,10,'SKU#: GT-B','2021-07-11 04:32:09','2021-07-24 23:27:39',''),(47,-8,NULL,'675',NULL,5,'0000-00-00 00:00:00',NULL,NULL,'10',NULL,1,1,0,NULL,8,3,0,0,'0',0,NULL,NULL,'PY-1','2021-08-24 08:48:20','2021-09-13 01:13:26','');
/*!40000 ALTER TABLE `products` ENABLE KEYS */;
UNLOCK TABLES;

--
-- Table structure for table `products_attributes`
--

DROP TABLE IF EXISTS `products_attributes`;
/*!40101 SET @saved_cs_client     = @@character_set_client */;
/*!40101 SET character_set_client = utf8 */;
CREATE TABLE `products_attributes` (
  `products_attributes_id` int(11) NOT NULL AUTO_INCREMENT,
  `products_id` int(11) NOT NULL,
  `options_id` int(11) NOT NULL,
  `options_values_id` int(11) NOT NULL,
  `options_values_price` decimal(15,2) NOT NULL,
  `price_prefix` char(1) COLLATE utf8mb4_unicode_ci NOT NULL,
  `is_default` tinyint(1) NOT NULL DEFAULT '0',
  PRIMARY KEY (`products_attributes_id`),
  KEY `idx_products_attributes_products_id` (`products_id`)
) ENGINE=MyISAM AUTO_INCREMENT=22 DEFAULT CHARSET=utf8mb4 COLLATE=utf8mb4_unicode_ci;
/*!40101 SET character_set_client = @saved_cs_client */;

--
-- Dumping data for table `products_attributes`
--

LOCK TABLES `products_attributes` WRITE;
/*!40000 ALTER TABLE `products_attributes` DISABLE KEYS */;
INSERT INTO `products_attributes` VALUES (11,13,2,5,0.00,'+',1),(12,13,2,6,0.00,'+',1),(13,13,2,8,0.00,'+',1);
/*!40000 ALTER TABLE `products_attributes` ENABLE KEYS */;
UNLOCK TABLES;

--
-- Table structure for table `products_attributes_download`
--

DROP TABLE IF EXISTS `products_attributes_download`;
/*!40101 SET @saved_cs_client     = @@character_set_client */;
/*!40101 SET character_set_client = utf8 */;
CREATE TABLE `products_attributes_download` (
  `products_attributes_id` int(11) NOT NULL,
  `products_attributes_filename` varchar(191) COLLATE utf8mb4_unicode_ci NOT NULL DEFAULT '',
  `products_attributes_maxdays` int(11) DEFAULT '0',
  `products_attributes_maxcount` int(11) DEFAULT '0',
  PRIMARY KEY (`products_attributes_id`)
) ENGINE=MyISAM DEFAULT CHARSET=utf8mb4 COLLATE=utf8mb4_unicode_ci;
/*!40101 SET character_set_client = @saved_cs_client */;

--
-- Dumping data for table `products_attributes_download`
--

LOCK TABLES `products_attributes_download` WRITE;
/*!40000 ALTER TABLE `products_attributes_download` DISABLE KEYS */;
/*!40000 ALTER TABLE `products_attributes_download` ENABLE KEYS */;
UNLOCK TABLES;

--
-- Table structure for table `products_description`
--

DROP TABLE IF EXISTS `products_description`;
/*!40101 SET @saved_cs_client     = @@character_set_client */;
/*!40101 SET character_set_client = utf8 */;
CREATE TABLE `products_description` (
  `id` int(11) NOT NULL AUTO_INCREMENT,
  `products_id` int(11) NOT NULL,
  `language_id` int(11) NOT NULL DEFAULT '1',
  `products_name` varchar(64) COLLATE utf8mb4_unicode_ci NOT NULL DEFAULT '',
  `products_description` text COLLATE utf8mb4_unicode_ci,
  `products_url` varchar(191) COLLATE utf8mb4_unicode_ci DEFAULT NULL,
  `products_viewed` int(11) DEFAULT '0',
  `products_left_banner` text COLLATE utf8mb4_unicode_ci,
  `products_left_banner_start_date` int(11) DEFAULT NULL,
  `products_left_banner_expire_date` int(11) DEFAULT NULL,
  `products_right_banner` text COLLATE utf8mb4_unicode_ci,
  `products_right_banner_start_date` int(11) DEFAULT NULL,
  `products_right_banner_expire_date` int(11) DEFAULT NULL,
  PRIMARY KEY (`id`),
  KEY `products_name` (`products_name`)
) ENGINE=MyISAM AUTO_INCREMENT=100 DEFAULT CHARSET=utf8mb4 COLLATE=utf8mb4_unicode_ci;
/*!40101 SET character_set_client = @saved_cs_client */;

--
-- Dumping data for table `products_description`
--

LOCK TABLES `products_description` WRITE;
/*!40000 ALTER TABLE `products_description` DISABLE KEYS */;
INSERT INTO `products_description` VALUES (96,44,1,'Gym Towel','<p><span style=\"color: rgb(14, 16, 26); font-family: Arial, &quot;Arial Unicode MS&quot;, Arimo, &quot;Microsoft Sans serif&quot;, sans-serif; font-size: 14.6667px; white-space: pre-wrap;\">Ultra absorbent, soft and antibacterial, our microfiber Gym Towel is a convenience product. It soaks up three times more water than cotton. You can use it at the gym or even while doing yoga.</span><br></p>',NULL,0,NULL,0,0,NULL,0,0),(7,7,1,'Wrist Band','<p data-pm-slice=\"1 1 []\"><b>Never Give Up Wristband:</b></p><p data-pm-slice=\"1 1 []\">Some days we also don\'t want to workout. Our stylish and eye-catching \"Never Give Up\" Motivational Wristband can help you stay motivated. It is entirely waterproof and comfortable to wear. Thus, you can use it 24/7.</p>',NULL,0,NULL,0,0,NULL,0,0),(94,42,1,'Skipping Rope','<p>Love doing cardio? Then you will love our skipping rope too. Made of foam, it absorbs sweat and prevents slipping. Its length can get adjusted freely for convenient use.<br></p>',NULL,0,NULL,0,0,NULL,0,0),(95,43,1,'Purple Gym Towel','<p><span style=\"color: rgb(14, 16, 26); font-family: Arial, &quot;Arial Unicode MS&quot;, Arimo, &quot;Microsoft Sans serif&quot;, sans-serif; font-size: 14.6667px; white-space: pre-wrap;\">Ultra absorbent, soft and antibacterial, our microfiber Gym Towel is a convenience product. It soaks up three times more water than cotton. You can use it at the gym or even while doing yoga.</span><br></p>',NULL,0,NULL,0,0,NULL,0,0),(9,9,1,'Anti Stress Ball','<p data-pm-slice=\"1 1 []\">Tired after a long day? Use a Winztime Stress Relieving Ball to relax the muscles of your hands. They\'re soft, squeezable, and easy to catch, thus being an excellent way to relieve stress.<br></p>',NULL,0,NULL,0,0,NULL,0,0),(97,45,1,'Gym Bottle','<p data-pm-slice=\"1 1 []\">Carry your protein shake, water, or other sports supplements on your way to the gym with our cool Gym Bottle. With its large capacity of 2.2 liters, you can effortlessly meet your water needs during sports. It is the perfect companion to your daily gym visits. Made of sturdy and high-quality materials, it offers impact resistance, low-temperature resistance, environmental protection, and leakage-proof. Plus, it is safe to use and easy to clean.<br></p>',NULL,0,NULL,0,0,NULL,0,0),(12,12,1,'Gym Bag','<p data-pm-slice=\"1 1 []\">A multi-functional drawstring backpack, our Gym Bag makes a perfect sports bag, travel bag, and so on. It is lightweight so that one can easily carry it anywhere you want to. Made of waterproof fabric, it\'s perfect for people who enjoy trekking or swimming. Plus, it is unisex. So convenient that you can\'t miss it!<br></p>',NULL,0,NULL,0,0,NULL,0,0),(13,13,1,'Gym Bottle','<p data-pm-slice=\"1 1 []\">Carry your protein shake, water, or other sports supplements on your way to the gym with our cool Gym Bottle. With its large capacity of 2.2 liters, you can effortlessly meet your water needs during sports. It is the perfect companion to your daily gym visits. Made of sturdy and high-quality materials, it offers impact resistance, low-temperature resistance, environmental protection, and leakage-proof. Plus, it is safe to use and easy to clean.<br></p>',NULL,0,NULL,0,0,NULL,0,0),(98,46,1,'TEST TYEST','<p>asdasd</p>',NULL,0,NULL,0,0,NULL,0,0),(99,47,1,'Winztime Pencil','<p>Do you always write to remember things? The Winztime Pencil is here to help you. It\'s clean-grip and relaxed for writing. Use for writing and sketching and made of satisfactory high-quality wood and graphite lead.<br></p>',NULL,0,NULL,0,0,NULL,0,0);
/*!40000 ALTER TABLE `products_description` ENABLE KEYS */;
UNLOCK TABLES;

--
-- Table structure for table `products_images`
--

DROP TABLE IF EXISTS `products_images`;
/*!40101 SET @saved_cs_client     = @@character_set_client */;
/*!40101 SET character_set_client = utf8 */;
CREATE TABLE `products_images` (
  `id` int(11) NOT NULL AUTO_INCREMENT,
  `products_id` int(11) NOT NULL,
  `image` text COLLATE utf8mb4_unicode_ci,
  `htmlcontent` text COLLATE utf8mb4_unicode_ci,
  `sort_order` int(11) NOT NULL,
  PRIMARY KEY (`id`),
  KEY `products_images_prodid` (`products_id`)
) ENGINE=MyISAM AUTO_INCREMENT=275 DEFAULT CHARSET=utf8mb4 COLLATE=utf8mb4_unicode_ci;
/*!40101 SET character_set_client = @saved_cs_client */;

--
-- Dumping data for table `products_images`
--

LOCK TABLES `products_images` WRITE;
/*!40000 ALTER TABLE `products_images` DISABLE KEYS */;
INSERT INTO `products_images` VALUES (261,10,'639',NULL,1),(153,36,'',NULL,1),(160,2,'558','<p>CAR2</p>',1),(161,3,'558','<p>CAR3</p>',1),(174,4,'565','<p>q</p>',1),(175,4,'565','<p>1</p>',2),(172,5,'564','<p>2</p>',1),(154,36,'503','<p>wewedewdef</p>',2),(158,1,'558','<p>CAr</p>',1),(173,5,'564','<p>1</p>',2),(24,6,'390',NULL,1),(25,6,'393',NULL,2),(26,6,'394',NULL,3),(27,6,'392',NULL,4),(28,6,'391',NULL,5),(176,37,'563','<p>asdasd</p>',1),(34,8,'383',NULL,1),(35,8,'384',NULL,2),(36,8,'381',NULL,3),(37,8,'382',NULL,4),(270,46,'549',NULL,1),(44,11,'372',NULL,1),(45,11,'374',NULL,2),(46,11,'373',NULL,3),(47,11,'371',NULL,4),(266,12,'637',NULL,1),(55,14,'359',NULL,1),(56,14,'361',NULL,2),(57,14,'363',NULL,3),(58,14,'360',NULL,4),(59,14,'362',NULL,5),(60,15,'355',NULL,1),(61,15,'356',NULL,2),(62,15,'358',NULL,3),(63,15,'357',NULL,4),(64,16,'350',NULL,1),(65,16,'349',NULL,2),(66,16,'352',NULL,3),(67,16,'353',NULL,4),(68,16,'354',NULL,5),(69,16,'351',NULL,6),(70,17,'344',NULL,1),(71,17,'347',NULL,2),(72,17,'348',NULL,3),(73,17,'345',NULL,4),(74,17,'346',NULL,5),(75,18,'339',NULL,1),(76,18,'341',NULL,2),(77,18,'340',NULL,3),(78,18,'342',NULL,4),(79,18,'343',NULL,5),(80,19,'337',NULL,1),(81,19,'338',NULL,2),(82,19,'336',NULL,3),(83,20,'333',NULL,1),(84,20,'334',NULL,2),(85,20,'335',NULL,3),(86,21,'330',NULL,1),(87,21,'328',NULL,2),(88,21,'329',NULL,3),(89,21,'331',NULL,4),(90,21,'332',NULL,5),(91,22,'324',NULL,1),(92,22,'325',NULL,2),(93,22,'326',NULL,3),(94,22,'327',NULL,4),(95,23,'218',NULL,1),(96,23,'219',NULL,2),(97,23,'220',NULL,3),(98,23,'217',NULL,4),(99,23,'221',NULL,5),(100,24,'319',NULL,1),(101,24,'320',NULL,2),(102,24,'321',NULL,3),(103,24,'322',NULL,4),(104,24,'323',NULL,5),(105,25,'313',NULL,1),(106,25,'314',NULL,2),(107,25,'316',NULL,3),(108,25,'312',NULL,4),(109,25,'317',NULL,5),(110,25,'318',NULL,6),(111,25,'315',NULL,7),(112,26,'310',NULL,1),(113,26,'309',NULL,2),(114,26,'308',NULL,3),(115,26,'311',NULL,4),(116,27,'307',NULL,1),(117,27,'306',NULL,2),(118,27,'305',NULL,3),(119,28,'301',NULL,1),(120,28,'303',NULL,2),(121,28,'304',NULL,3),(122,28,'302',NULL,4),(123,29,'300',NULL,1),(124,29,'298',NULL,2),(125,29,'298',NULL,3),(144,30,'297',NULL,1),(145,30,'295',NULL,2),(140,31,'292',NULL,1),(141,31,'291',NULL,2),(137,32,'288',NULL,1),(138,32,'287',NULL,2),(139,32,'289',NULL,3),(142,31,'290',NULL,3),(143,31,'293',NULL,4),(146,30,'294',NULL,3),(147,30,'296',NULL,4),(260,9,'647',NULL,1),(177,3,'558',NULL,2),(178,2,'558',NULL,2),(263,43,'648',NULL,1),(264,42,'638',NULL,1),(262,7,'641',NULL,1),(257,39,'621',NULL,1),(267,44,'655',NULL,1),(273,45,'679',NULL,1),(274,13,'679',NULL,1),(272,47,'675',NULL,1);
/*!40000 ALTER TABLE `products_images` ENABLE KEYS */;
UNLOCK TABLES;

--
-- Table structure for table `products_notifications`
--

DROP TABLE IF EXISTS `products_notifications`;
/*!40101 SET @saved_cs_client     = @@character_set_client */;
/*!40101 SET character_set_client = utf8 */;
CREATE TABLE `products_notifications` (
  `products_id` int(11) NOT NULL,
  `customers_id` int(11) NOT NULL,
  `date_added` datetime NOT NULL,
  PRIMARY KEY (`products_id`,`customers_id`)
) ENGINE=MyISAM DEFAULT CHARSET=utf8mb4 COLLATE=utf8mb4_unicode_ci;
/*!40101 SET character_set_client = @saved_cs_client */;

--
-- Dumping data for table `products_notifications`
--

LOCK TABLES `products_notifications` WRITE;
/*!40000 ALTER TABLE `products_notifications` DISABLE KEYS */;
/*!40000 ALTER TABLE `products_notifications` ENABLE KEYS */;
UNLOCK TABLES;

--
-- Table structure for table `products_options`
--

DROP TABLE IF EXISTS `products_options`;
/*!40101 SET @saved_cs_client     = @@character_set_client */;
/*!40101 SET character_set_client = utf8 */;
CREATE TABLE `products_options` (
  `products_options_id` int(11) NOT NULL AUTO_INCREMENT,
  `products_options_name` varchar(32) COLLATE utf8mb4_unicode_ci DEFAULT '',
  PRIMARY KEY (`products_options_id`)
) ENGINE=MyISAM AUTO_INCREMENT=5 DEFAULT CHARSET=utf8mb4 COLLATE=utf8mb4_unicode_ci;
/*!40101 SET character_set_client = @saved_cs_client */;

--
-- Dumping data for table `products_options`
--

LOCK TABLES `products_options` WRITE;
/*!40000 ALTER TABLE `products_options` DISABLE KEYS */;
INSERT INTO `products_options` VALUES (1,'Color'),(2,'Size'),(3,'Waist');
/*!40000 ALTER TABLE `products_options` ENABLE KEYS */;
UNLOCK TABLES;

--
-- Table structure for table `products_options_descriptions`
--

DROP TABLE IF EXISTS `products_options_descriptions`;
/*!40101 SET @saved_cs_client     = @@character_set_client */;
/*!40101 SET character_set_client = utf8 */;
CREATE TABLE `products_options_descriptions` (
  `products_options_descriptions_id` int(11) NOT NULL AUTO_INCREMENT,
  `language_id` int(11) NOT NULL,
  `options_name` varchar(191) COLLATE utf8mb4_unicode_ci DEFAULT NULL,
  `products_options_id` int(11) NOT NULL,
  PRIMARY KEY (`products_options_descriptions_id`)
) ENGINE=MyISAM AUTO_INCREMENT=8 DEFAULT CHARSET=utf8mb4 COLLATE=utf8mb4_unicode_ci;
/*!40101 SET character_set_client = @saved_cs_client */;

--
-- Dumping data for table `products_options_descriptions`
--

LOCK TABLES `products_options_descriptions` WRITE;
/*!40000 ALTER TABLE `products_options_descriptions` DISABLE KEYS */;
INSERT INTO `products_options_descriptions` VALUES (1,1,'Color',1),(2,1,'Size',2),(3,1,'Waist',3),(5,4,'اللون',1),(6,4,'بحجم',2),(7,4,'وسط',3);
/*!40000 ALTER TABLE `products_options_descriptions` ENABLE KEYS */;
UNLOCK TABLES;

--
-- Table structure for table `products_options_values`
--

DROP TABLE IF EXISTS `products_options_values`;
/*!40101 SET @saved_cs_client     = @@character_set_client */;
/*!40101 SET character_set_client = utf8 */;
CREATE TABLE `products_options_values` (
  `products_options_values_id` int(11) NOT NULL AUTO_INCREMENT,
  `products_options_id` int(11) NOT NULL,
  `products_options_values_name` varchar(64) COLLATE utf8mb4_unicode_ci NOT NULL DEFAULT '',
  PRIMARY KEY (`products_options_values_id`)
) ENGINE=MyISAM AUTO_INCREMENT=15 DEFAULT CHARSET=utf8mb4 COLLATE=utf8mb4_unicode_ci;
/*!40101 SET character_set_client = @saved_cs_client */;

--
-- Dumping data for table `products_options_values`
--

LOCK TABLES `products_options_values` WRITE;
/*!40000 ALTER TABLE `products_options_values` DISABLE KEYS */;
INSERT INTO `products_options_values` VALUES (1,1,'Red'),(2,1,'Pink'),(3,1,'Sky Blue'),(4,1,'Purple'),(5,2,'Small'),(6,2,'Medium'),(7,2,'Large'),(8,2,'XL'),(9,3,'28W'),(10,3,'30W'),(11,3,'32W'),(12,3,'34W'),(13,3,'36W'),(14,3,'38W');
/*!40000 ALTER TABLE `products_options_values` ENABLE KEYS */;
UNLOCK TABLES;

--
-- Table structure for table `products_options_values_descriptions`
--

DROP TABLE IF EXISTS `products_options_values_descriptions`;
/*!40101 SET @saved_cs_client     = @@character_set_client */;
/*!40101 SET character_set_client = utf8 */;
CREATE TABLE `products_options_values_descriptions` (
  `products_options_values_descriptions_id` int(11) NOT NULL AUTO_INCREMENT,
  `language_id` int(11) NOT NULL,
  `options_values_name` varchar(191) COLLATE utf8mb4_unicode_ci NOT NULL,
  `products_options_values_id` int(11) NOT NULL,
  PRIMARY KEY (`products_options_values_descriptions_id`)
) ENGINE=MyISAM AUTO_INCREMENT=29 DEFAULT CHARSET=utf8mb4 COLLATE=utf8mb4_unicode_ci;
/*!40101 SET character_set_client = @saved_cs_client */;

--
-- Dumping data for table `products_options_values_descriptions`
--

LOCK TABLES `products_options_values_descriptions` WRITE;
/*!40000 ALTER TABLE `products_options_values_descriptions` DISABLE KEYS */;
INSERT INTO `products_options_values_descriptions` VALUES (1,1,'Red',1),(2,1,'Pink',2),(3,1,'Sky Blue',3),(4,1,'Purple',4),(5,1,'Small',5),(6,1,'Medium',6),(7,1,'Large',7),(8,1,'XL',8),(9,1,'28W',9),(10,1,'30W',10),(11,1,'32W',11),(12,1,'34W',12),(13,1,'36W',13),(14,1,'38W',14);
/*!40000 ALTER TABLE `products_options_values_descriptions` ENABLE KEYS */;
UNLOCK TABLES;

--
-- Table structure for table `products_shipping_rates`
--

DROP TABLE IF EXISTS `products_shipping_rates`;
/*!40101 SET @saved_cs_client     = @@character_set_client */;
/*!40101 SET character_set_client = utf8 */;
CREATE TABLE `products_shipping_rates` (
  `products_shipping_rates_id` int(11) NOT NULL AUTO_INCREMENT,
  `weight_from` varchar(100) COLLATE utf8mb4_unicode_ci DEFAULT NULL,
  `weight_to` varchar(100) COLLATE utf8mb4_unicode_ci DEFAULT NULL,
  `weight_price` int(11) NOT NULL,
  `unit_id` int(11) NOT NULL,
  `products_shipping_status` tinyint(1) NOT NULL DEFAULT '1',
  PRIMARY KEY (`products_shipping_rates_id`)
) ENGINE=MyISAM DEFAULT CHARSET=utf8mb4 COLLATE=utf8mb4_unicode_ci;
/*!40101 SET character_set_client = @saved_cs_client */;

--
-- Dumping data for table `products_shipping_rates`
--

LOCK TABLES `products_shipping_rates` WRITE;
/*!40000 ALTER TABLE `products_shipping_rates` DISABLE KEYS */;
/*!40000 ALTER TABLE `products_shipping_rates` ENABLE KEYS */;
UNLOCK TABLES;

--
-- Table structure for table `products_to_categories`
--

DROP TABLE IF EXISTS `products_to_categories`;
/*!40101 SET @saved_cs_client     = @@character_set_client */;
/*!40101 SET character_set_client = utf8 */;
CREATE TABLE `products_to_categories` (
  `products_to_categories_id` int(11) NOT NULL AUTO_INCREMENT,
  `products_id` int(11) NOT NULL,
  `categories_id` int(11) NOT NULL,
  PRIMARY KEY (`products_to_categories_id`)
) ENGINE=MyISAM AUTO_INCREMENT=510 DEFAULT CHARSET=utf8mb4 COLLATE=utf8mb4_unicode_ci;
/*!40101 SET character_set_client = @saved_cs_client */;

--
-- Dumping data for table `products_to_categories`
--

LOCK TABLES `products_to_categories` WRITE;
/*!40000 ALTER TABLE `products_to_categories` DISABLE KEYS */;
INSERT INTO `products_to_categories` VALUES (504,44,1),(501,7,1),(502,9,1),(506,12,1),(495,13,1),(503,42,1),(505,43,1),(491,45,1),(472,46,1),(509,47,1);
/*!40000 ALTER TABLE `products_to_categories` ENABLE KEYS */;
UNLOCK TABLES;

--
-- Table structure for table `reviews`
--

DROP TABLE IF EXISTS `reviews`;
/*!40101 SET @saved_cs_client     = @@character_set_client */;
/*!40101 SET character_set_client = utf8 */;
CREATE TABLE `reviews` (
  `reviews_id` int(11) NOT NULL AUTO_INCREMENT,
  `products_id` int(11) NOT NULL,
  `customers_id` int(11) DEFAULT NULL,
  `customers_name` varchar(191) COLLATE utf8mb4_unicode_ci NOT NULL,
  `reviews_rating` int(11) DEFAULT NULL,
  `reviews_status` tinyint(1) NOT NULL DEFAULT '0',
  `reviews_read` int(11) NOT NULL DEFAULT '0',
  `created_at` timestamp NULL DEFAULT NULL,
  `updated_at` timestamp NULL DEFAULT NULL,
  PRIMARY KEY (`reviews_id`),
  KEY `idx_reviews_products_id` (`products_id`),
  KEY `idx_reviews_customers_id` (`customers_id`)
) ENGINE=InnoDB AUTO_INCREMENT=23 DEFAULT CHARSET=utf8mb4 COLLATE=utf8mb4_unicode_ci;
/*!40101 SET character_set_client = @saved_cs_client */;

--
-- Dumping data for table `reviews`
--

LOCK TABLES `reviews` WRITE;
/*!40000 ALTER TABLE `reviews` DISABLE KEYS */;
INSERT INTO `reviews` VALUES (17,4,14,'Rehan',5,1,1,'2020-04-05 05:10:00',NULL),(18,4,14,'Rehan',5,1,1,'2020-04-05 05:10:00',NULL),(19,24,608,'mubasher',5,0,0,'2020-02-17 19:52:00',NULL),(20,5,454,'Angelo',5,0,0,'2020-02-24 08:12:45',NULL),(21,14,658,'benito',3,0,0,'2020-03-09 02:16:17',NULL),(22,12,666,'Mubasher',3,1,1,'2020-04-01 18:28:53',NULL);
/*!40000 ALTER TABLE `reviews` ENABLE KEYS */;
UNLOCK TABLES;

--
-- Table structure for table `reviews_description`
--

DROP TABLE IF EXISTS `reviews_description`;
/*!40101 SET @saved_cs_client     = @@character_set_client */;
/*!40101 SET character_set_client = utf8 */;
CREATE TABLE `reviews_description` (
  `id` int(11) NOT NULL AUTO_INCREMENT,
  `review_id` int(11) NOT NULL,
  `language_id` int(11) NOT NULL,
  `reviews_text` text COLLATE utf8mb4_unicode_ci NOT NULL,
  PRIMARY KEY (`id`)
) ENGINE=InnoDB AUTO_INCREMENT=26 DEFAULT CHARSET=utf8mb4 COLLATE=utf8mb4_unicode_ci;
/*!40101 SET character_set_client = @saved_cs_client */;

--
-- Dumping data for table `reviews_description`
--

LOCK TABLES `reviews_description` WRITE;
/*!40000 ALTER TABLE `reviews_description` DISABLE KEYS */;
INSERT INTO `reviews_description` VALUES (20,17,1,'fdssdgsg sfsd fds gs g dsgds gsdgsdg s gds gsd gsdgs dgs sgds sgd sg dsg dsg sgs gdssdg sdgsdgsgdsgsgs gs sd gsgdsgsg sdgsd gsdsd gsgd sdg sdgsdgs gds gdsgsd gs gsgsdgsdgdsg sdgsd sddsgsgsd sdg dsgds gsgsgs gs dgs dg gd gsdgsd gsdgsg sdggsdgsdgsd gsdg gsdgdsg sdgsdgds dsgsdg dsgdsgsdgds d sgdgds gds gdgdsg dssdg ds gsdgdsgds gs gsdgsgdd  sdgdgds gdsgds gsd gdsgdsgdsgdsg sdg s'),(21,18,1,'fdssdgsg sfsd fds gs g dsgds gsdgsdg s gds gsd gsdgs dgs sgds sgd sg dsg dsg sgs gdssdg sdgsdgsgdsgsgs gs sd gsgdsgsg sdgsd gsdsd gsgd sdg sdgsdgs gds gdsgsd gs gsgsdgsdgdsg sdgsd sddsgsgsd sdg dsgds gsgsgs gs dgs dg gd gsdgsd gsdgsg sdggsdgsdgsd gsdg gsdgdsg sdgsdgds dsgsdg dsgdsgsdgds d sgdgds gds gdgdsg dssdg ds gsdgdsgds gs gsdgsgdd  sdgdgds gdsgds gsd gdsgdsgdsgdsg sdg s'),(22,19,1,'nice'),(23,20,1,'dwddsadsadsadsa'),(24,21,1,'oxsdcfvgbhjnk'),(25,22,1,'Nice');
/*!40000 ALTER TABLE `reviews_description` ENABLE KEYS */;
UNLOCK TABLES;

--
-- Table structure for table `rewards`
--

DROP TABLE IF EXISTS `rewards`;
/*!40101 SET @saved_cs_client     = @@character_set_client */;
/*!40101 SET character_set_client = utf8 */;
CREATE TABLE `rewards` (
  `id` int(11) NOT NULL AUTO_INCREMENT,
  `title` varchar(225) NOT NULL,
  `reward_image` varchar(225) NOT NULL,
  `reward_description` text NOT NULL,
  `inventory` int(11) NOT NULL DEFAULT '0',
  `purchase_date` date NOT NULL,
  `created_at` timestamp NOT NULL DEFAULT CURRENT_TIMESTAMP,
  `updated_at` timestamp NOT NULL DEFAULT CURRENT_TIMESTAMP ON UPDATE CURRENT_TIMESTAMP,
  PRIMARY KEY (`id`)
) ENGINE=InnoDB AUTO_INCREMENT=19 DEFAULT CHARSET=utf8mb4;
/*!40101 SET character_set_client = @saved_cs_client */;

--
-- Dumping data for table `rewards`
--

LOCK TABLES `rewards` WRITE;
/*!40000 ALTER TABLE `rewards` DISABLE KEYS */;
INSERT INTO `rewards` VALUES (1,'Samsung Mobile S21','85.png','<p>Designed with a unique contour-cut camera to create a revolution in photography. 100% Color Volume. Eye Comfort Shield. Super Smooth 60fps Video. 8K Video. These qualities make the Samsung Mobile S21 a powerhouse of a phone. </p>',120,'2021-06-29','2021-06-28 14:15:33','2021-06-30 08:15:19'),(2,'TAG HEUER AQUARACER Watch','12.png','<p>A sportwatch that is waterproof and doesn\'t even look like one? Yes it exists with the latest TAG HEUER Aquaracer Watch. Engineered to withstand heavy duty and water activities, this watch is the first amongst its kind to exist. </p>',75,'2021-06-29','2021-06-28 14:14:07','2021-06-30 08:15:14'),(3,'Gucci Bag (Gucci GG)','53.png','<p>Every woman dreams of owning a Gucci bag made from 100% pure Italian leather. Be it in black or in white, it makes the perfect handbag to take to a party or even at work. </p>',70,'2021-06-29','2021-06-28 13:43:29','2021-06-30 12:00:51'),(4,'Skydiving Voucher','23.png','<p>SkyDiving, also known as parachuting, is one of the most thrilling sports to exist. Every thrill seekers wish is to experience this thrilling sport at least once in their life. The adrenaline rush is surely not to be missed. </p>',30,'2021-06-29','2021-06-28 13:24:11','2021-06-30 08:14:28'),(5,'AED 10,000 worth of Gold','60.png','<p>Probably the most sought after currency in the world is gold. It is a welcomed addition to an investors portfolio. Not only investors but every person understands the need to have it as a form of investment or securing your money. Estimated worth: AED 10,000. \r\n</p>',5,'2021-03-11','2021-03-28 03:54:59','2021-06-30 08:13:59'),(6,'AED 3,000 worth of Gold','32.png','<p>Probably the most sought after currency in the world is gold. It is a welcomed addition to an investors portfolio. Not only investors but every person understands the need to have it as a form of investment or securing your money. Estimated worth: AED 15,000.</p>',5,'2021-03-18','2021-03-18 02:40:16','2021-09-15 16:08:57'),(7,'iPhone 12  (128GB)','63.png','<p>5G speed. A14 Bionic, the fastest chip in a smartphone. An edge-to-edge OLED display. Ceramic Shield with four times better drop performance. And Night mode on every camera. iPhone 12 has it all</p>',10,'2021-09-02','2021-09-02 12:28:41','2021-09-02 10:31:29'),(8,'AED 3,000 worth of Gold','39.png','<p>Probably the most sought after currency in the world is gold. It is a welcomed addition to an investors portfolio. Not only investors but every person understands the need to have it as a form of investment or securing your money. Estimated worth: AED 3,000.  </p>',10,'2021-09-02','2021-09-02 12:45:02','2021-09-15 16:33:26'),(9,'AED 1,000 Mall voucher','57.png','<p>An extraordinary gift voucher to commend life\'s most prominent minutes. Get a Mall voucher worth AED 1000. Redeemable at driving shopping centers in UAE.</p>',10,'2021-09-02','2021-09-02 13:15:39','2021-09-02 11:38:10'),(10,'PRIZE 1:AED 3,000 worth of Gold PRIZE 2: AED 1,000 Mall voucher (Two winners)','58.png','<p>Probably the most sought after currency in the world is gold. It is a welcomed addition to an investors portfolio. Not only investors but every person understands the need to have it as a form of investment or securing your money. Estimated worth: AED 3,000.  </p>',10,'2021-09-02','2021-09-02 13:16:33','2021-09-08 14:25:13'),(11,'AED 5,000 worth of Gold','100.png','<p>Probably the most sought after currency in the world is gold. It is a welcomed addition to an investors portfolio. Not only investors but every person understands the need to have it as a form of investment or securing your money. Estimated worth: AED 5,000.  </p>',10,'2021-09-02','2021-09-02 13:20:06','2021-09-12 17:31:40'),(12,'PRIZE 1: AED 10,000 PRIZE 2:  AED 5,000 worth of gold (Two Winners)','62.png','<p>Probably the most sought after currency in the world is gold. It is a welcomed addition to an investors portfolio. Not only investors but every person understands the need to have it as a form of investment or securing your money. Estimated worth: AED 15,000.  </p>',10,'2021-09-02','2021-09-02 13:20:51','2021-09-13 13:41:11'),(13,'iPhone 13 Pro (128GB)','87.jpg','<p class=\"MsoNormal\" style=\"margin-bottom:7.5pt\"><span style=\"mso-fareast-font-family:\r\n&quot;Times New Roman&quot;;mso-bidi-font-family:Calibri;mso-bidi-theme-font:minor-latin;\r\ncolor:#0D0D0D;mso-themecolor:text1;mso-themetint:242;mso-ansi-language:EN-GB;\r\nmso-fareast-language:EN-GB\">The latest iPhone 13 Pro&nbsp;128GB Sierra Blue 5G&nbsp;has a\r\ndramatically more powerful camera system. A display so responsive, every\r\ninteraction feels new again. The world’s fastest smartphone chip. Exceptional\r\ndurability. And a huge leap in battery life. Ceramic Shield, tougher than any\r\nsmartphone glass. iPhone 13 Pro are splash, water, and dust resistant. Sharper,\r\nmore detailed photos and videos in any light. With its redesigned lens and\r\npowerful autofocus system, the new Ultra Wide camera can focus at just 2 cm —\r\nmaking even the smallest details seem epic. Transform a leaf into abstract art.\r\nCapture a caterpillar’s fuzz. Magnify a dewdrop. The beauty of tiny awaits.<o:p></o:p></span></p>',1,'2021-09-20','2021-09-20 09:20:55','2021-11-08 14:49:37'),(15,'Apple Watch S7','90.png','The first fitness service powered by Apple Watch. Apple Fitness+ is a different kind of fitness experience. There are new workouts every week, from 5 to 45 minutes. Eleven workout types, including HIIT, Strength, Pilates, and Yoga. Guided Meditations to help you focus on your overall wellbeing. And personal metrics from Apple Watch synced to your iPhone, iPad, and Apple TV.',1,'2021-11-08','2021-11-08 15:08:00','2021-11-08 15:20:06'),(16,'Samsung Galaxy Watch 4','66.png','This rotating bezel turns more than heads some looks are timeless, like the Galaxy Watch4 Classics rotating bezel and vivid screen. The refined design adds sophistication to your wrist for an elevated style. Its high-end stainless steel materials shows off its powerful and intuitive functionality.A new day. A new watch face choose between analog or digital watch faces with a variety of backgrounds, fonts, and colors to match your tastes, the weather, or occasion. Spice up your character watch faces with AR Emojis to express your style, while animated graphics show what you\'re up to, like running or listening to music.Healthy starts here name a workout, it can track it. Track your activities and fitness scores on your watch and phone. Count steps, check calories, and stay on the grid with GPS. Galaxy Watch 4 Classic detects physical activity to track your routines and supports more than 90 exercises for a more accurate report of your workouts.',1,'2021-11-08','2021-11-08 15:26:32','2021-11-08 16:39:18'),(17,'Prize 1: SAMSUNG TV 55\"<br> Prize 2: Apple watch S7<br> Prize 3: Samsung watch 4 (Three Winners)','37.png','',1,'2021-11-08','2021-11-08 15:33:34','2021-11-09 11:52:46'),(18,'Samsung TV 55\"','34.png','55-Inch Crystal UHD 4K Flat Smart TV (2021) UE55AU71000 BLACK',1,'2021-11-08','2021-11-08 15:54:24','2021-11-09 10:59:23');
/*!40000 ALTER TABLE `rewards` ENABLE KEYS */;
UNLOCK TABLES;

--
-- Table structure for table `sessions`
--

DROP TABLE IF EXISTS `sessions`;
/*!40101 SET @saved_cs_client     = @@character_set_client */;
/*!40101 SET character_set_client = utf8 */;
CREATE TABLE `sessions` (
  `sesskey` varchar(32) COLLATE utf8_unicode_ci NOT NULL,
  `expiry` int(10) unsigned NOT NULL,
  `value` text COLLATE utf8_unicode_ci NOT NULL,
  PRIMARY KEY (`sesskey`)
) ENGINE=InnoDB DEFAULT CHARSET=utf8 COLLATE=utf8_unicode_ci;
/*!40101 SET character_set_client = @saved_cs_client */;

--
-- Dumping data for table `sessions`
--

LOCK TABLES `sessions` WRITE;
/*!40000 ALTER TABLE `sessions` DISABLE KEYS */;
/*!40000 ALTER TABLE `sessions` ENABLE KEYS */;
UNLOCK TABLES;

--
-- Table structure for table `settings`
--

DROP TABLE IF EXISTS `settings`;
/*!40101 SET @saved_cs_client     = @@character_set_client */;
/*!40101 SET character_set_client = utf8 */;
CREATE TABLE `settings` (
  `id` int(10) unsigned NOT NULL AUTO_INCREMENT,
  `name` varchar(191) COLLATE utf8_unicode_ci NOT NULL,
  `value` text COLLATE utf8_unicode_ci,
  `created_at` timestamp NULL DEFAULT NULL,
  `updated_at` timestamp NULL DEFAULT NULL,
  PRIMARY KEY (`id`),
  UNIQUE KEY `settings_name_unique` (`name`)
) ENGINE=InnoDB AUTO_INCREMENT=134 DEFAULT CHARSET=utf8 COLLATE=utf8_unicode_ci;
/*!40101 SET character_set_client = @saved_cs_client */;

--
-- Dumping data for table `settings`
--

LOCK TABLES `settings` WRITE;
/*!40000 ALTER TABLE `settings` DISABLE KEYS */;
INSERT INTO `settings` VALUES (1,'facebook_app_id','1845026802325568','2018-04-26 19:00:00','2021-08-26 07:32:03'),(2,'facebook_secret_id','c00ca65e5d79d9e065779f7619ae703c','2018-04-26 19:00:00','2021-08-26 07:32:03'),(3,'facebook_login','1','2018-04-26 19:00:00','2021-08-26 07:32:03'),(4,'contact_us_email','info@winztime.com','2018-04-26 19:00:00','2021-07-07 04:41:24'),(5,'address','','2018-04-26 19:00:00','2021-07-07 04:41:25'),(6,'city','Dubai','2018-04-26 19:00:00','2021-07-07 04:41:25'),(7,'state','UAE','2018-04-26 19:00:00','2021-07-07 04:41:25'),(8,'zip','70005','2018-04-26 19:00:00','2021-07-07 04:41:25'),(9,'country','UAE','2018-04-26 19:00:00','2021-07-07 04:41:25'),(10,'latitude','Latitude','2018-04-26 19:00:00','2021-07-07 04:41:25'),(11,'longitude','Longitude','2018-04-26 19:00:00','2021-07-07 04:41:25'),(12,'phone_no','+971552801120','2018-04-26 19:00:00','2021-07-07 04:41:24'),(13,'fcm_android','','2018-04-26 19:00:00','2019-02-05 06:42:15'),(14,'fcm_ios',NULL,'2018-04-26 19:00:00',NULL),(15,'fcm_desktop',NULL,'2018-04-26 19:00:00',NULL),(16,'website_logo','images/media/2021/05/ewfXD24212.png','2018-04-26 19:00:00','2021-05-25 21:30:31'),(17,'fcm_android_sender_id',NULL,'2018-04-26 19:00:00',NULL),(18,'fcm_ios_sender_id','','2018-04-26 19:00:00','2019-02-05 06:42:15'),(19,'app_name','Winztime','2018-04-26 19:00:00','2021-07-07 04:41:24'),(20,'currency_symbol','AED','2018-04-26 19:00:00','2018-11-19 02:26:01'),(21,'new_product_duration','20','2018-04-26 19:00:00','2021-07-07 04:41:24'),(22,'notification_title','Ionic Ecommerce','2018-04-26 19:00:00','2019-05-15 05:58:30'),(23,'notification_text','A bundle of products waiting for you!','2018-04-26 19:00:00',NULL),(24,'lazzy_loading_effect','Detail','2018-04-26 19:00:00','2019-05-15 05:58:30'),(25,'footer_button','1','2018-04-26 19:00:00','2019-05-15 05:58:30'),(26,'cart_button','1','2018-04-26 19:00:00','2019-05-15 05:58:30'),(27,'featured_category',NULL,'2018-04-26 19:00:00',NULL),(28,'notification_duration','year','2018-04-26 19:00:00','2019-05-15 05:58:30'),(29,'home_style','1','2018-04-26 19:00:00','2019-05-15 05:58:30'),(30,'wish_list_page','1','2018-04-26 19:00:00','2019-05-15 05:58:30'),(31,'edit_profile_page','1','2018-04-26 19:00:00','2019-05-15 05:58:30'),(32,'shipping_address_page','1','2018-04-26 19:00:00','2019-05-15 05:58:30'),(33,'my_orders_page','1','2018-04-26 19:00:00','2019-05-15 05:58:30'),(34,'contact_us_page','1','2018-04-26 19:00:00','2019-05-15 05:58:30'),(35,'about_us_page','1','2018-04-26 19:00:00','2019-05-15 05:58:30'),(36,'news_page','1','2018-04-26 19:00:00','2019-05-15 05:58:30'),(37,'intro_page','1','2018-04-26 19:00:00','2019-05-15 05:58:30'),(38,'setting_page','1','2018-04-26 19:00:00',NULL),(39,'share_app','1','2018-04-26 19:00:00','2019-05-15 05:58:30'),(40,'rate_app','1','2018-04-26 19:00:00','2019-05-15 05:58:30'),(41,'site_url','URL','2018-04-26 19:00:00','2018-11-19 02:26:01'),(42,'admob','0','2018-04-26 19:00:00','2019-05-15 05:58:05'),(43,'admob_id','ID','2018-04-26 19:00:00','2019-05-15 05:58:05'),(44,'ad_unit_id_banner','Unit ID','2018-04-26 19:00:00','2019-05-15 05:58:05'),(45,'ad_unit_id_interstitial','Indestrial','2018-04-26 19:00:00','2019-05-15 05:58:05'),(46,'category_style','4','2018-04-26 19:00:00','2019-05-15 05:58:30'),(47,'package_name','package name','2018-04-26 19:00:00','2019-05-15 05:58:30'),(48,'google_analytic_id','test','2018-04-26 19:00:00','2019-05-15 05:58:30'),(49,'themes','themeone','2018-04-26 19:00:00',NULL),(50,'company_name','#','2018-04-26 19:00:00','2019-10-07 04:52:24'),(51,'facebook_url','https://www.facebook.com/Winztime-110445164590731','2018-04-26 19:00:00','2021-06-26 23:29:20'),(52,'google_url','https://wa.me/+971552801120','2018-04-26 19:00:00','2021-06-26 23:29:20'),(53,'twitter_url','twitter','2018-04-26 19:00:00','2021-06-26 23:29:20'),(54,'linked_in','https://instagram.com/winztimeuae','2018-04-26 19:00:00','2021-06-26 23:29:20'),(55,'default_notification','onesignal','2018-04-26 19:00:00','2019-02-05 06:42:15'),(56,'onesignal_app_id','6053d948-b8f6-472a-87e4-379fa89f78d8','2018-04-26 19:00:00','2019-02-05 06:42:15'),(57,'onesignal_sender_id','','2018-04-26 19:00:00','2019-02-05 06:42:15'),(58,'ios_admob','0','2018-04-26 19:00:00','2019-05-15 05:58:05'),(59,'ios_admob_id','AdMob ID','2018-04-26 19:00:00','2019-05-15 05:58:05'),(60,'ios_ad_unit_id_banner','Unit ID Banner','2018-04-26 19:00:00','2019-05-15 05:58:05'),(61,'ios_ad_unit_id_interstitial','ID Interstitial','2018-04-26 19:00:00','2019-05-15 05:58:05'),(62,'google_login','1',NULL,'2021-08-29 01:54:18'),(63,'google_app_id',NULL,NULL,NULL),(64,'google_secret_id',NULL,NULL,NULL),(65,'google_callback_url',NULL,NULL,NULL),(66,'facebook_callback_url',NULL,NULL,NULL),(67,'is_app_purchased','0',NULL,'2018-05-03 22:24:44'),(68,'is_web_purchased','1',NULL,'2018-05-03 22:24:44'),(69,'consumer_key','dadb7a7c1557917902724bbbf5',NULL,'2019-05-15 05:58:22'),(70,'consumer_secret','3ba77f821557917902b1d57373',NULL,'2019-05-15 05:58:22'),(71,'order_email','support@winztime.com',NULL,'2021-07-07 04:41:24'),(72,'website_themes','1',NULL,NULL),(73,'seo_title','Winztime UAE | Raffle Draw in Dubai | Win Luxury Prizes',NULL,'2021-08-15 09:45:25'),(74,'seo_metatag','Winztime UAE | Raffle Draw in Dubai | Win Luxury Prizes',NULL,'2021-08-15 09:45:25'),(75,'seo_keyword','Winztime UAE, Raffle Draw in Dubai',NULL,'2021-08-15 09:45:25'),(76,'seo_description','Winning a raffle draw in Dubai is easier than it seems. Winztime UAE offers amazing gifts and prizes. Hurry up and grab them now.',NULL,'2021-08-15 09:45:25'),(77,'before_head_tag','',NULL,'2018-11-19 02:22:15'),(78,'end_body_tag','name',NULL,'2019-10-11 06:57:29'),(79,'sitename_logo','name',NULL,'2021-06-26 23:29:20'),(80,'website_name','WinzTime',NULL,'2021-06-26 23:29:20'),(81,'web_home_pages_style','two',NULL,'2018-11-19 02:22:25'),(82,'web_color_style','app.theme.15',NULL,'2020-07-14 11:12:35'),(83,'free_shipping_limit','9999',NULL,'2021-07-07 04:41:24'),(84,'app_icon_image','icon',NULL,'2019-02-05 05:12:59'),(85,'twilio_status','0',NULL,NULL),(86,'twilio_authy_api_id','',NULL,NULL),(87,'favicon','images/media/2021/05/9ahXv30905.png',NULL,'2021-06-22 21:29:29'),(88,'Thumbnail_height','150',NULL,NULL),(89,'Thumbnail_width','150',NULL,NULL),(90,'Medium_height','400',NULL,NULL),(91,'Medium_width','400',NULL,NULL),(92,'Large_height','900',NULL,NULL),(93,'Large_width','900',NULL,NULL),(94,'environmentt','local',NULL,'2021-07-07 04:41:24'),(95,'maintenance_text','Website is under maintenance',NULL,'2021-07-07 04:41:24'),(96,'package_charge_taxt','0',NULL,NULL),(97,'order_commission','0',NULL,NULL),(98,'all_items_price_included_tax','yes',NULL,NULL),(99,'all_items_price_included_tax_value','0',NULL,NULL),(100,'driver_accept_multiple_order','1',NULL,NULL),(101,'min_order_price','20',NULL,'2021-07-07 04:41:24'),(102,'youtube_link','0',NULL,NULL),(103,'external_website_link','https://winztime.com/',NULL,'2021-07-07 04:41:24'),(104,'google_map_api','',NULL,'2021-07-07 04:41:24'),(105,'is_pos_purchased','0',NULL,NULL),(106,'admin_version','4.0.17',NULL,NULL),(107,'app_version','4.0.17',NULL,NULL),(108,'web_version','4.0.17',NULL,NULL),(109,'pos_version','0',NULL,NULL),(110,'android_app_link','#',NULL,NULL),(111,'iphone_app_link','#',NULL,NULL),(112,'about_content','Lorum Ipsum Upsum Kupsum Jipsum Mipsum Lorum Ipsum Upsum Kupsum Jipsum Mipsum Lorum Ipsum Upsum Kupsum Jipsum Mipsum Lorum Ipsum Upsum Kupsum Jipsum Mipsum Lorum Ipsum Upsum Kupsum Jipsum Mipsum Lorum Ipsum Upsum Kupsum Jipsum Mipsum Lorum Ipsum Upsum Kupsum Jipsum Mipsum',NULL,'2021-06-26 23:29:20'),(113,'contact_content','Lorum Ipsum Upsum Kupsum Jipsum Mipsum Lorum Ipsum Upsum Kupsum Jipsum Mipsum Lorum Ipsum Upsum Kupsum Jipsum Mipsum Lorum Ipsum Upsum Kupsum Jipsum Mipsum Lorum Ipsum Upsum Kupsum Jipsum Mipsum Lorum Ipsum Upsum Kupsum Jipsum Mipsum Lorum Ipsum Upsum Kupsum Jipsum Mipsum',NULL,'2021-06-26 23:29:20'),(114,'contents',NULL,NULL,NULL),(115,'fb_redirect_url','https://winztime.com/login/facebook/callback',NULL,'2021-08-26 07:32:03'),(116,'google_client_id','237419119552-1236g8084gtgru94fo998a9et6ag1om5.apps.googleusercontent.com',NULL,'2021-08-29 01:54:18'),(117,'google_client_secret','Mdg-aI8-LCrMbF8dRSL8Ibbe',NULL,'2021-08-29 01:54:18'),(118,'google_redirect_url','https://winztime.com/login/google/callback',NULL,'2021-08-29 01:54:18'),(119,'newsletter','0',NULL,'2019-11-01 01:58:36'),(120,'allow_cookies','0',NULL,'2021-06-26 23:29:20'),(121,'card_style','1',NULL,'2019-11-01 01:58:36'),(122,'banner_style','1',NULL,'2019-11-01 01:58:36'),(123,'mail_chimp_api','',NULL,'2019-11-01 01:58:36'),(124,'mail_chimp_list_id','',NULL,'2019-11-01 01:58:36'),(125,'newsletter_image','images/media/2019/10/newsletter.jpg',NULL,'2019-11-01 01:58:36'),(126,'instauserid','',NULL,'2019-11-01 01:58:36'),(127,'web_card_style','6',NULL,'2020-09-22 14:45:05'),(128,'youtube','https://youtube.com/channel/UCF_-XYC6abqSxypR4RW1gEg','2018-04-26 19:00:00','2021-06-26 23:29:20'),(129,'redeem_covertion','10','2021-02-10 21:24:29','2021-07-07 04:41:24'),(130,'referral_lpoints','100',NULL,'2021-07-07 04:41:24'),(131,'order_lpoints_percent','10',NULL,'2021-07-07 04:41:24'),(132,'order_lpoints_percent_gold','12.5',NULL,'2021-07-07 04:41:24'),(133,'order_lpoints_percent_platinum','15',NULL,'2021-07-07 04:41:24');
/*!40000 ALTER TABLE `settings` ENABLE KEYS */;
UNLOCK TABLES;

--
-- Table structure for table `shipping_description`
--

DROP TABLE IF EXISTS `shipping_description`;
/*!40101 SET @saved_cs_client     = @@character_set_client */;
/*!40101 SET character_set_client = utf8 */;
CREATE TABLE `shipping_description` (
  `id` int(11) NOT NULL AUTO_INCREMENT,
  `name` varchar(100) COLLATE utf8mb4_unicode_ci NOT NULL,
  `language_id` int(11) NOT NULL,
  `table_name` varchar(100) COLLATE utf8mb4_unicode_ci NOT NULL,
  `sub_labels` text COLLATE utf8mb4_unicode_ci NOT NULL,
  PRIMARY KEY (`id`)
) ENGINE=MyISAM AUTO_INCREMENT=22 DEFAULT CHARSET=utf8mb4 COLLATE=utf8mb4_unicode_ci;
/*!40101 SET character_set_client = @saved_cs_client */;

--
-- Dumping data for table `shipping_description`
--

LOCK TABLES `shipping_description` WRITE;
/*!40000 ALTER TABLE `shipping_description` DISABLE KEYS */;
INSERT INTO `shipping_description` VALUES (1,'Free Shipping',1,'free_shipping',''),(4,'Normal Delivery',1,'local_pickup',''),(7,'Shipping',1,'flate_rate',''),(10,'UPS Shipping',1,'ups_shipping','{\"nextDayAir\":\"Next Day Air\",\"secondDayAir\":\"2nd Day Air\",\"ground\":\"Ground\",\"threeDaySelect\":\"3 Day Select\",\"nextDayAirSaver\":\"Next Day AirSaver\",\"nextDayAirEarlyAM\":\"Next Day Air Early A.M.\",\"secondndDayAirAM\":\"2nd Day Air A.M.\"}'),(13,'Shipping Price',1,'shipping_by_weight','');
/*!40000 ALTER TABLE `shipping_description` ENABLE KEYS */;
UNLOCK TABLES;

--
-- Table structure for table `shipping_methods`
--

DROP TABLE IF EXISTS `shipping_methods`;
/*!40101 SET @saved_cs_client     = @@character_set_client */;
/*!40101 SET character_set_client = utf8 */;
CREATE TABLE `shipping_methods` (
  `shipping_methods_id` int(11) NOT NULL AUTO_INCREMENT,
  `methods_type_link` varchar(100) COLLATE utf8mb4_unicode_ci NOT NULL,
  `isDefault` tinyint(1) NOT NULL DEFAULT '0',
  `status` tinyint(1) NOT NULL DEFAULT '0',
  `table_name` varchar(191) COLLATE utf8mb4_unicode_ci NOT NULL,
  PRIMARY KEY (`shipping_methods_id`)
) ENGINE=MyISAM AUTO_INCREMENT=6 DEFAULT CHARSET=utf8mb4 COLLATE=utf8mb4_unicode_ci;
/*!40101 SET character_set_client = @saved_cs_client */;

--
-- Dumping data for table `shipping_methods`
--

LOCK TABLES `shipping_methods` WRITE;
/*!40000 ALTER TABLE `shipping_methods` DISABLE KEYS */;
INSERT INTO `shipping_methods` VALUES (1,'upsShipping',0,0,'ups_shipping'),(2,'freeShipping',0,0,'free_shipping'),(3,'localPickup',0,0,'local_pickup'),(4,'flateRate',1,1,'flate_rate'),(5,'shippingByWeight',0,0,'shipping_by_weight');
/*!40000 ALTER TABLE `shipping_methods` ENABLE KEYS */;
UNLOCK TABLES;

--
-- Table structure for table `sliders_images`
--

DROP TABLE IF EXISTS `sliders_images`;
/*!40101 SET @saved_cs_client     = @@character_set_client */;
/*!40101 SET character_set_client = utf8 */;
CREATE TABLE `sliders_images` (
  `sliders_id` int(11) NOT NULL AUTO_INCREMENT,
  `sliders_title` varchar(64) COLLATE utf8mb4_unicode_ci NOT NULL,
  `sliders_url` varchar(191) COLLATE utf8mb4_unicode_ci NOT NULL,
  `carousel_id` int(11) DEFAULT NULL,
  `sliders_image` varchar(191) COLLATE utf8mb4_unicode_ci NOT NULL,
  `sliders_group` varchar(64) COLLATE utf8mb4_unicode_ci NOT NULL,
  `sliders_html_text` text COLLATE utf8mb4_unicode_ci NOT NULL,
  `expires_date` datetime NOT NULL,
  `date_added` datetime NOT NULL,
  `status` tinyint(1) NOT NULL,
  `type` varchar(64) COLLATE utf8mb4_unicode_ci NOT NULL,
  `date_status_change` datetime DEFAULT NULL,
  `languages_id` int(11) NOT NULL,
  PRIMARY KEY (`sliders_id`)
) ENGINE=MyISAM AUTO_INCREMENT=54 DEFAULT CHARSET=utf8mb4 COLLATE=utf8mb4_unicode_ci;
/*!40101 SET character_set_client = @saved_cs_client */;

--
-- Dumping data for table `sliders_images`
--

LOCK TABLES `sliders_images` WRITE;
/*!40000 ALTER TABLE `sliders_images` DISABLE KEYS */;
INSERT INTO `sliders_images` VALUES (46,'Full Page Slider (1170x420)','0',2,'677','','','2021-08-31 00:00:00','2021-09-02 16:32:08',1,'product','2021-09-02 16:32:08',1),(53,'Full Screen Slider (1600x420)','boy-s-clothing',1,'680','','','2021-10-15 00:00:00','2021-09-05 14:23:50',1,'category',NULL,1),(48,'Full Page Slider (1170x420)','0',2,'666','','','2021-08-31 00:00:00','2021-07-06 16:00:13',1,'product','2021-07-06 16:00:13',1),(52,'Full Page Slider (1170x420)','0',2,'681','','','2021-08-31 00:00:00','2021-09-05 15:00:24',1,'product','2021-09-05 15:00:24',1);
/*!40000 ALTER TABLE `sliders_images` ENABLE KEYS */;
UNLOCK TABLES;

--
-- Table structure for table `specials`
--

DROP TABLE IF EXISTS `specials`;
/*!40101 SET @saved_cs_client     = @@character_set_client */;
/*!40101 SET character_set_client = utf8 */;
CREATE TABLE `specials` (
  `specials_id` int(11) NOT NULL AUTO_INCREMENT,
  `products_id` int(11) NOT NULL,
  `specials_new_products_price` decimal(15,2) NOT NULL,
  `specials_date_added` int(11) NOT NULL,
  `specials_last_modified` int(11) NOT NULL,
  `expires_date` int(11) NOT NULL,
  `date_status_change` int(11) NOT NULL,
  `status` int(11) NOT NULL DEFAULT '1',
  PRIMARY KEY (`specials_id`),
  KEY `idx_specials_products_id` (`products_id`)
) ENGINE=MyISAM AUTO_INCREMENT=34 DEFAULT CHARSET=utf8mb4 COLLATE=utf8mb4_unicode_ci;
/*!40101 SET character_set_client = @saved_cs_client */;

--
-- Dumping data for table `specials`
--

LOCK TABLES `specials` WRITE;
/*!40000 ALTER TABLE `specials` DISABLE KEYS */;
/*!40000 ALTER TABLE `specials` ENABLE KEYS */;
UNLOCK TABLES;

--
-- Table structure for table `tax_class`
--

DROP TABLE IF EXISTS `tax_class`;
/*!40101 SET @saved_cs_client     = @@character_set_client */;
/*!40101 SET character_set_client = utf8 */;
CREATE TABLE `tax_class` (
  `tax_class_id` int(11) NOT NULL AUTO_INCREMENT,
  `tax_class_title` varchar(32) COLLATE utf8mb4_unicode_ci NOT NULL,
  `tax_class_description` varchar(191) COLLATE utf8mb4_unicode_ci NOT NULL,
  `last_modified` datetime DEFAULT NULL,
  `date_added` datetime NOT NULL,
  `created_at` timestamp NULL DEFAULT NULL,
  `updated_at` timestamp NULL DEFAULT NULL,
  PRIMARY KEY (`tax_class_id`)
) ENGINE=MyISAM AUTO_INCREMENT=4 DEFAULT CHARSET=utf8mb4 COLLATE=utf8mb4_unicode_ci;
/*!40101 SET character_set_client = @saved_cs_client */;

--
-- Dumping data for table `tax_class`
--

LOCK TABLES `tax_class` WRITE;
/*!40000 ALTER TABLE `tax_class` DISABLE KEYS */;
INSERT INTO `tax_class` VALUES (2,'VAT','Lorem Ipsum is simply dummy text of the printing and typesetting industry. Lorem Ipsum has been the industry’s standard dummy text ever since the 1500s, when an unknown printer took a galley',NULL,'2020-04-05 01:10:00','2019-09-18 15:33:25','2021-07-11 10:54:35');
/*!40000 ALTER TABLE `tax_class` ENABLE KEYS */;
UNLOCK TABLES;

--
-- Table structure for table `tax_rates`
--

DROP TABLE IF EXISTS `tax_rates`;
/*!40101 SET @saved_cs_client     = @@character_set_client */;
/*!40101 SET character_set_client = utf8 */;
CREATE TABLE `tax_rates` (
  `tax_rates_id` int(11) NOT NULL AUTO_INCREMENT,
  `tax_zone_id` int(11) NOT NULL,
  `tax_class_id` int(11) NOT NULL,
  `tax_priority` int(11) DEFAULT '1',
  `tax_rate` decimal(7,2) NOT NULL,
  `tax_description` varchar(191) COLLATE utf8mb4_unicode_ci NOT NULL,
  `last_modified` datetime DEFAULT NULL,
  `date_added` datetime NOT NULL,
  `created_at` timestamp NULL DEFAULT NULL,
  `updated_at` timestamp NULL DEFAULT NULL,
  PRIMARY KEY (`tax_rates_id`)
) ENGINE=MyISAM AUTO_INCREMENT=5 DEFAULT CHARSET=utf8mb4 COLLATE=utf8mb4_unicode_ci;
/*!40101 SET character_set_client = @saved_cs_client */;

--
-- Dumping data for table `tax_rates`
--

LOCK TABLES `tax_rates` WRITE;
/*!40000 ALTER TABLE `tax_rates` DISABLE KEYS */;
/*!40000 ALTER TABLE `tax_rates` ENABLE KEYS */;
UNLOCK TABLES;

--
-- Table structure for table `tickets`
--

DROP TABLE IF EXISTS `tickets`;
/*!40101 SET @saved_cs_client     = @@character_set_client */;
/*!40101 SET character_set_client = utf8 */;
CREATE TABLE `tickets` (
  `id` int(11) NOT NULL AUTO_INCREMENT,
  `type` varchar(11) NOT NULL,
  `ticket_number` int(222) DEFAULT NULL,
  `customers_id` int(11) NOT NULL,
  `products_id` int(11) NOT NULL,
  `campaign_id` int(11) NOT NULL,
  `orders_id` int(11) NOT NULL,
  `reward_id` int(111) NOT NULL DEFAULT '3',
  `status` enum('0','1') NOT NULL DEFAULT '1',
  `custom_name` varchar(222) DEFAULT NULL,
  `created_at` timestamp NOT NULL DEFAULT CURRENT_TIMESTAMP,
  `updated_at` timestamp NOT NULL DEFAULT CURRENT_TIMESTAMP ON UPDATE CURRENT_TIMESTAMP,
  PRIMARY KEY (`id`)
) ENGINE=InnoDB AUTO_INCREMENT=889 DEFAULT CHARSET=utf8mb4;
/*!40101 SET character_set_client = @saved_cs_client */;

--
-- Dumping data for table `tickets`
--

LOCK TABLES `tickets` WRITE;
/*!40000 ALTER TABLE `tickets` DISABLE KEYS */;
INSERT INTO `tickets` VALUES (1,'O',1,64,43,6,1,3,'1',NULL,'2021-07-13 14:29:43','2021-07-13 12:29:43'),(2,'D',1,64,43,6,1,3,'1',NULL,'2021-07-13 14:29:43','2021-07-13 12:29:43'),(3,'E',1,64,43,6,1,3,'1',NULL,'2021-07-13 14:29:43','2021-07-13 12:29:43'),(7,'E',2,69,42,11,2,4,'1','Nikhil Shetty','2021-07-15 13:53:24','2021-08-26 07:24:52'),(8,'O',3,69,42,11,2,4,'1','Nikhil Shetty','2021-07-15 13:53:24','2021-08-26 07:24:54'),(9,'E',3,69,42,11,2,4,'1','Nikhil Shetty','2021-07-15 13:53:24','2021-08-26 07:24:56'),(10,'O',1,69,13,7,3,2,'1',NULL,'2021-07-15 13:54:41','2021-07-15 11:54:41'),(11,'E',1,69,13,7,3,2,'1',NULL,'2021-07-15 13:54:41','2021-07-15 11:54:41'),(12,'O',2,69,13,7,3,2,'1',NULL,'2021-07-15 13:54:41','2021-07-15 11:54:41'),(13,'E',2,69,13,7,3,2,'1',NULL,'2021-07-15 13:54:41','2021-07-15 11:54:41'),(14,'O',3,69,13,7,3,2,'1',NULL,'2021-07-15 13:54:41','2021-07-15 11:54:41'),(15,'E',3,69,13,7,3,2,'1',NULL,'2021-07-15 13:54:41','2021-07-15 11:54:41'),(16,'O',4,69,13,7,3,2,'1',NULL,'2021-07-15 13:54:41','2021-07-15 11:54:41'),(17,'E',4,69,13,7,3,2,'1',NULL,'2021-07-15 13:54:41','2021-07-15 11:54:41'),(18,'O',1,65,7,8,4,1,'1','Abir Ahmed','2021-07-15 13:55:48','2021-08-26 10:28:15'),(19,'D',1,65,7,8,4,1,'1','Abir Ahmed','2021-07-15 13:55:48','2021-08-26 10:28:17'),(20,'E',1,65,7,8,4,1,'1','Abir Ahmed','2021-07-15 13:55:48','2021-08-26 10:28:18'),(21,'O',2,65,7,8,4,1,'1','Sheheryar Khan','2021-07-15 13:55:48','2021-08-26 10:30:12'),(22,'D',2,65,7,8,4,1,'1','Sheheryar Khan','2021-07-15 13:55:48','2021-08-26 10:30:14'),(23,'E',2,65,7,8,4,1,'1','Sheheryar Khan','2021-07-15 13:55:48','2021-08-26 10:30:16'),(24,'O',3,65,7,8,4,1,'1','Mena Abdel Fattah','2021-07-15 13:55:48','2021-08-26 10:34:56'),(25,'D',3,65,7,8,4,1,'1','Mena Abdel Fattah','2021-07-15 13:55:48','2021-08-26 10:34:59'),(26,'E',3,65,7,8,4,1,'1','Mena Abdel Fattah','2021-07-15 13:55:48','2021-08-26 10:35:15'),(33,'O',1,62,45,10,5,6,'1',NULL,'2021-07-15 13:56:58','2021-07-15 11:56:58'),(34,'D',1,62,45,10,5,6,'1',NULL,'2021-07-15 13:56:58','2021-07-15 11:56:58'),(35,'E',1,62,45,10,5,6,'1',NULL,'2021-07-15 13:56:58','2021-07-15 11:56:58'),(36,'O',2,62,45,10,5,6,'1',NULL,'2021-07-15 13:56:58','2021-07-15 11:56:58'),(37,'D',2,62,45,10,5,6,'1',NULL,'2021-07-15 13:56:58','2021-07-15 11:56:58'),(38,'E',2,62,45,10,5,6,'1',NULL,'2021-07-15 13:56:58','2021-07-15 11:56:58'),(39,'O',2,69,43,6,6,3,'1',NULL,'2021-07-15 13:57:40','2021-07-15 11:57:40'),(40,'E',2,69,43,6,6,3,'1',NULL,'2021-07-15 13:57:40','2021-07-15 11:57:40'),(41,'O',3,69,43,6,6,3,'1',NULL,'2021-07-15 13:57:40','2021-07-15 11:57:40'),(42,'E',3,69,43,6,6,3,'1',NULL,'2021-07-15 13:57:40','2021-07-15 11:57:40'),(43,'O',4,69,43,6,6,3,'1',NULL,'2021-07-15 13:57:40','2021-07-15 11:57:40'),(44,'E',4,69,43,6,6,3,'1',NULL,'2021-07-15 13:57:40','2021-07-15 11:57:40'),(45,'O',5,69,43,6,6,3,'1',NULL,'2021-07-15 13:57:40','2021-07-15 11:57:40'),(46,'E',5,69,43,6,6,3,'1',NULL,'2021-07-15 13:57:40','2021-07-15 11:57:40'),(59,'O',7,64,7,8,9,1,'1',NULL,'2021-07-26 11:31:04','2021-07-26 09:31:04'),(60,'D',7,64,7,8,9,1,'1',NULL,'2021-07-26 11:31:04','2021-07-26 09:31:04'),(61,'E',7,64,7,8,9,1,'1',NULL,'2021-07-26 11:31:04','2021-07-26 09:31:04'),(65,'O',5,54,12,9,10,5,'1','Hira Razzak','2021-08-10 11:23:51','2021-08-26 09:34:16'),(66,'D',5,54,12,9,10,5,'1','Hira Razzak','2021-08-10 11:23:51','2021-08-26 09:34:18'),(67,'E',5,54,12,9,10,5,'1','Hira Razzak','2021-08-10 11:23:51','2021-08-26 09:34:20'),(68,'O',6,54,12,9,10,5,'1','Hira Razzak','2021-08-10 11:23:51','2021-08-26 09:34:23'),(69,'D',6,54,12,9,10,5,'1','Hira Razzak','2021-08-10 11:23:51','2021-08-26 09:34:25'),(70,'E',6,54,12,9,10,5,'1','Hira Razzak','2021-08-10 11:23:51','2021-08-26 09:34:22'),(71,'O',7,54,12,9,10,5,'1','Hira Razzak','2021-08-10 11:23:51','2021-08-26 07:57:44'),(72,'D',7,54,12,9,10,5,'1','Hira Razzak','2021-08-10 11:23:51','2021-08-26 07:57:43'),(73,'E',7,54,12,9,10,5,'1','Hira Razzak','2021-08-10 11:23:51','2021-08-26 07:57:41'),(74,'O',8,54,12,9,10,5,'1','Hira Razzak','2021-08-10 11:23:51','2021-08-26 07:57:37'),(75,'D',8,54,12,9,10,5,'1','Hira Razzak','2021-08-10 11:23:52','2021-08-26 07:57:35'),(76,'E',8,54,12,9,10,5,'1','Hira Razzak','2021-08-10 11:23:52','2021-08-26 07:57:33'),(77,'O',9,54,12,9,10,5,'1','Abir Ahmed','2021-08-10 11:23:52','2021-08-26 07:47:44'),(78,'D',9,54,12,9,10,5,'1','Abir Ahmed','2021-08-10 11:23:52','2021-08-26 07:47:47'),(79,'E',9,54,12,9,10,5,'1','Abir Ahmed','2021-08-10 11:23:52','2021-08-26 07:47:48'),(80,'O',4,54,42,11,10,4,'1','Nikhil Shetty','2021-08-10 11:23:52','2021-08-26 07:23:49'),(81,'D',4,54,42,11,10,4,'1','Nikhil Shetty','2021-08-10 11:23:52','2021-08-26 07:23:51'),(82,'E',4,54,42,11,10,4,'1','Nikhil Shetty','2021-08-10 11:23:52','2021-08-26 07:23:54'),(83,'O',5,54,42,11,10,4,'1','Nikhil Shetty','2021-08-10 11:23:52','2021-08-26 07:23:59'),(84,'D',5,54,42,11,10,4,'1','Nikhil Shetty','2021-08-10 11:23:52','2021-08-26 07:24:02'),(85,'E',5,54,42,11,10,4,'1','Nikhil Shetty','2021-08-10 11:23:52','2021-08-26 07:24:05'),(86,'O',6,54,42,11,10,4,'1','Nikhil Shetty','2021-08-10 11:23:52','2021-08-26 07:24:07'),(87,'D',6,54,42,11,10,4,'1','Nikhil Shetty','2021-08-10 11:23:52','2021-08-26 07:24:10'),(88,'E',6,54,42,11,10,4,'1','Nikhil Shetty','2021-08-10 11:23:52','2021-08-26 07:24:12'),(89,'O',7,54,42,11,10,4,'1','Sheheryar Khan','2021-08-10 11:23:52','2021-08-25 14:16:55'),(90,'D',7,54,42,11,10,4,'1','Sheheryar Khan','2021-08-10 11:23:52','2021-08-25 14:16:57'),(91,'E',7,54,42,11,10,4,'1','Sheheryar Khan','2021-08-10 11:23:52','2021-08-25 14:17:00'),(116,'O',6,105,42,11,11,4,'0',NULL,'2021-08-31 12:46:50','2021-09-05 07:36:41'),(117,'D',6,105,42,11,11,4,'0',NULL,'2021-08-31 12:46:50','2021-09-05 07:36:58'),(118,'E',6,105,42,11,11,4,'0',NULL,'2021-08-31 12:46:50','2021-09-05 07:37:06'),(119,'O',7,57,42,11,12,4,'0',NULL,'2021-08-31 13:37:32','2021-09-05 07:33:40'),(120,'D',7,57,42,11,12,4,'0',NULL,'2021-08-31 13:37:32','2021-09-05 07:34:09'),(121,'E',7,57,42,11,12,4,'0',NULL,'2021-08-31 13:37:32','2021-09-05 07:34:22'),(122,'O',5,57,7,8,13,1,'0',NULL,'2021-08-31 17:08:41','2021-09-05 07:37:22'),(123,'E',5,57,7,8,13,1,'0',NULL,'2021-08-31 17:08:41','2021-09-05 07:37:30'),(124,'O',1,67,47,12,14,7,'1',NULL,'2021-09-02 19:48:52','2021-09-02 17:48:52'),(125,'D',1,67,47,12,14,7,'1',NULL,'2021-09-02 19:48:52','2021-09-02 17:48:52'),(126,'E',1,67,47,12,14,7,'1',NULL,'2021-09-02 19:48:52','2021-09-02 17:48:52'),(127,'O',2,81,47,12,15,7,'1',NULL,'2021-09-03 12:18:29','2021-09-03 10:18:29'),(128,'E',2,81,47,12,15,7,'1',NULL,'2021-09-03 12:18:29','2021-09-03 10:18:29'),(129,'O',3,57,47,12,16,7,'1',NULL,'2021-09-05 07:10:18','2021-09-05 05:10:18'),(130,'D',3,57,47,12,16,7,'1',NULL,'2021-09-05 07:10:18','2021-09-05 05:10:18'),(131,'E',3,57,47,12,16,7,'1',NULL,'2021-09-05 07:10:18','2021-09-05 05:10:18'),(132,'O',1,57,9,14,17,9,'1',NULL,'2021-09-05 09:12:25','2021-09-05 07:12:25'),(133,'E',1,57,9,14,17,9,'1',NULL,'2021-09-05 09:12:25','2021-09-05 07:12:25'),(134,'O',2,117,9,14,18,9,'1',NULL,'2021-09-05 14:08:50','2021-09-05 12:08:50'),(135,'E',2,117,9,14,18,9,'1',NULL,'2021-09-05 14:08:50','2021-09-05 12:08:50'),(136,'O',5,117,13,7,19,2,'1',NULL,'2021-09-05 14:39:57','2021-09-05 12:39:57'),(137,'E',5,117,13,7,19,2,'1',NULL,'2021-09-05 14:39:57','2021-09-05 12:39:57'),(138,'O',1,64,42,17,20,10,'1',NULL,'2021-09-05 16:26:22','2021-09-05 14:26:22'),(139,'D',1,64,42,17,20,10,'1',NULL,'2021-09-05 16:26:22','2021-09-05 14:26:22'),(140,'E',1,64,42,17,20,10,'1',NULL,'2021-09-05 16:26:22','2021-09-05 14:26:22'),(141,'O',6,57,13,7,21,2,'1',NULL,'2021-09-07 09:06:26','2021-09-07 07:06:26'),(142,'E',6,57,13,7,21,2,'1',NULL,'2021-09-07 09:06:26','2021-09-07 07:06:26'),(143,'O',7,117,13,7,22,2,'1',NULL,'2021-09-07 09:35:45','2021-09-07 07:35:45'),(144,'E',7,117,13,7,22,2,'1',NULL,'2021-09-07 09:35:45','2021-09-07 07:35:45'),(145,'O',1,117,13,16,23,12,'1',NULL,'2021-09-07 09:57:07','2021-09-07 07:57:07'),(146,'E',1,117,13,16,23,12,'1',NULL,'2021-09-07 09:57:07','2021-09-07 07:57:07'),(147,'O',2,137,13,16,24,12,'1','Sami Khoury','2021-09-07 11:04:09','2021-09-07 11:15:55'),(148,'D',2,137,13,16,24,12,'1','Sami Khoury','2021-09-07 11:04:10','2021-09-07 11:15:44'),(149,'E',2,137,13,16,24,12,'1','Sami Khoury','2021-09-07 11:04:10','2021-09-07 11:15:34'),(150,'O',1,57,44,15,25,11,'1',NULL,'2021-09-07 11:56:39','2021-09-07 09:56:39'),(151,'E',1,57,44,15,25,11,'1',NULL,'2021-09-07 11:56:39','2021-09-07 09:56:39'),(152,'O',4,141,47,12,26,7,'1',NULL,'2021-09-11 08:21:49','2021-09-11 06:21:49'),(153,'D',4,141,47,12,26,7,'1',NULL,'2021-09-11 08:21:49','2021-09-11 06:21:49'),(154,'E',4,141,47,12,26,7,'1',NULL,'2021-09-11 08:21:49','2021-09-11 06:21:49'),(155,'O',5,141,47,12,26,7,'1',NULL,'2021-09-11 08:21:49','2021-09-11 06:21:49'),(156,'D',5,141,47,12,26,7,'1',NULL,'2021-09-11 08:21:49','2021-09-11 06:21:49'),(157,'E',5,141,47,12,26,7,'1',NULL,'2021-09-11 08:21:49','2021-09-11 06:21:49'),(158,'O',6,142,47,12,27,7,'1',NULL,'2021-09-11 22:17:18','2021-09-11 20:17:18'),(159,'D',6,142,47,12,27,7,'1',NULL,'2021-09-11 22:17:18','2021-09-11 20:17:18'),(160,'E',6,142,47,12,27,7,'1',NULL,'2021-09-11 22:17:18','2021-09-11 20:17:18'),(161,'O',1,81,7,13,28,8,'1',NULL,'2021-09-12 18:16:36','2021-09-12 16:16:36'),(162,'E',1,81,7,13,28,8,'1',NULL,'2021-09-12 18:16:36','2021-09-12 16:16:36'),(163,'O',7,144,47,12,29,7,'1',NULL,'2021-09-12 18:31:14','2021-09-12 16:31:14'),(164,'E',7,144,47,12,29,7,'1',NULL,'2021-09-12 18:31:14','2021-09-12 16:31:14'),(165,'O',2,147,7,13,30,8,'1',NULL,'2021-09-13 11:12:23','2021-09-13 09:12:23'),(166,'E',2,147,7,13,30,8,'1',NULL,'2021-09-13 11:12:23','2021-09-13 09:12:23'),(167,'O',8,151,47,12,31,7,'1',NULL,'2021-09-13 16:22:35','2021-09-13 14:22:35'),(168,'D',8,151,47,12,31,7,'1',NULL,'2021-09-13 16:22:35','2021-09-13 14:22:35'),(169,'E',8,151,47,12,31,7,'1',NULL,'2021-09-13 16:22:35','2021-09-13 14:22:35'),(170,'O',9,152,47,12,32,7,'1',NULL,'2021-09-13 17:27:07','2021-09-13 15:27:07'),(171,'E',9,152,47,12,32,7,'1',NULL,'2021-09-13 17:27:07','2021-09-13 15:27:07'),(172,'O',10,152,47,12,32,7,'1',NULL,'2021-09-13 17:27:07','2021-09-13 15:27:07'),(173,'E',10,152,47,12,32,7,'1',NULL,'2021-09-13 17:27:07','2021-09-13 15:27:07'),(174,'O',11,156,47,12,33,7,'1',NULL,'2021-09-13 20:30:35','2021-09-13 18:30:35'),(175,'D',11,156,47,12,33,7,'1',NULL,'2021-09-13 20:30:35','2021-09-13 18:30:35'),(176,'E',11,156,47,12,33,7,'1',NULL,'2021-09-13 20:30:35','2021-09-13 18:30:35'),(177,'O',12,156,47,12,33,7,'1',NULL,'2021-09-13 20:30:35','2021-09-13 18:30:35'),(178,'D',12,156,47,12,33,7,'1',NULL,'2021-09-13 20:30:35','2021-09-13 18:30:35'),(179,'E',12,156,47,12,33,7,'1',NULL,'2021-09-13 20:30:35','2021-09-13 18:30:35'),(180,'O',13,156,47,12,33,7,'1',NULL,'2021-09-13 20:30:35','2021-09-13 18:30:35'),(181,'D',13,156,47,12,33,7,'1',NULL,'2021-09-13 20:30:35','2021-09-13 18:30:35'),(182,'E',13,156,47,12,33,7,'1',NULL,'2021-09-13 20:30:35','2021-09-13 18:30:35'),(183,'O',14,156,47,12,33,7,'1',NULL,'2021-09-13 20:30:35','2021-09-13 18:30:35'),(184,'D',14,156,47,12,33,7,'1',NULL,'2021-09-13 20:30:35','2021-09-13 18:30:35'),(185,'E',14,156,47,12,33,7,'1',NULL,'2021-09-13 20:30:35','2021-09-13 18:30:35'),(186,'O',15,157,47,12,34,7,'1',NULL,'2021-09-13 21:38:51','2021-09-13 19:38:51'),(187,'E',15,157,47,12,34,7,'1',NULL,'2021-09-13 21:38:51','2021-09-13 19:38:51'),(188,'O',3,157,7,13,34,8,'1',NULL,'2021-09-13 21:38:51','2021-09-13 19:38:51'),(189,'E',3,157,7,13,34,8,'1',NULL,'2021-09-13 21:38:51','2021-09-13 19:38:51'),(190,'O',16,155,47,12,35,7,'1',NULL,'2021-09-13 22:42:14','2021-09-13 20:42:14'),(191,'D',16,155,47,12,35,7,'1',NULL,'2021-09-13 22:42:14','2021-09-13 20:42:14'),(192,'E',16,155,47,12,35,7,'1',NULL,'2021-09-13 22:42:14','2021-09-13 20:42:14'),(193,'O',17,159,47,12,36,7,'1',NULL,'2021-09-13 23:00:37','2021-09-13 21:00:37'),(194,'D',17,159,47,12,36,7,'1',NULL,'2021-09-13 23:00:37','2021-09-13 21:00:37'),(195,'E',17,159,47,12,36,7,'1',NULL,'2021-09-13 23:00:37','2021-09-13 21:00:37'),(196,'O',18,160,47,12,37,7,'1',NULL,'2021-09-14 08:58:13','2021-09-14 06:58:13'),(197,'D',18,160,47,12,37,7,'1',NULL,'2021-09-14 08:58:13','2021-09-14 06:58:13'),(198,'E',18,160,47,12,37,7,'1',NULL,'2021-09-14 08:58:13','2021-09-14 06:58:13'),(199,'O',19,160,47,12,37,7,'1',NULL,'2021-09-14 08:58:13','2021-09-14 06:58:13'),(200,'D',19,160,47,12,37,7,'1',NULL,'2021-09-14 08:58:13','2021-09-14 06:58:13'),(201,'E',19,160,47,12,37,7,'1',NULL,'2021-09-14 08:58:13','2021-09-14 06:58:13'),(202,'O',20,142,47,12,38,7,'1',NULL,'2021-09-14 20:28:34','2021-09-14 18:28:34'),(203,'D',20,142,47,12,38,7,'1',NULL,'2021-09-14 20:28:34','2021-09-14 18:28:34'),(204,'E',20,142,47,12,38,7,'1',NULL,'2021-09-14 20:28:34','2021-09-14 18:28:34'),(205,'O',4,114,7,13,39,8,'1',NULL,'2021-09-15 06:07:34','2021-09-15 04:07:34'),(206,'D',4,114,7,13,39,8,'1',NULL,'2021-09-15 06:07:34','2021-09-15 04:07:34'),(207,'E',4,114,7,13,39,8,'1',NULL,'2021-09-15 06:07:34','2021-09-15 04:07:34'),(208,'O',5,114,7,13,39,8,'1',NULL,'2021-09-15 06:07:34','2021-09-15 04:07:34'),(209,'D',5,114,7,13,39,8,'1',NULL,'2021-09-15 06:07:34','2021-09-15 04:07:34'),(210,'E',5,114,7,13,39,8,'1',NULL,'2021-09-15 06:07:34','2021-09-15 04:07:34'),(211,'O',6,114,7,13,39,8,'1',NULL,'2021-09-15 06:07:34','2021-09-15 04:07:34'),(212,'D',6,114,7,13,39,8,'1',NULL,'2021-09-15 06:07:34','2021-09-15 04:07:34'),(213,'E',6,114,7,13,39,8,'1',NULL,'2021-09-15 06:07:34','2021-09-15 04:07:34'),(214,'O',7,114,7,13,39,8,'1',NULL,'2021-09-15 06:07:34','2021-09-15 04:07:34'),(215,'D',7,114,7,13,39,8,'1',NULL,'2021-09-15 06:07:34','2021-09-15 04:07:34'),(216,'E',7,114,7,13,39,8,'1',NULL,'2021-09-15 06:07:34','2021-09-15 04:07:34'),(217,'O',8,114,7,13,39,8,'1',NULL,'2021-09-15 06:07:34','2021-09-15 04:07:34'),(218,'D',8,114,7,13,39,8,'1',NULL,'2021-09-15 06:07:34','2021-09-15 04:07:34'),(219,'E',8,114,7,13,39,8,'1',NULL,'2021-09-15 06:07:34','2021-09-15 04:07:34'),(220,'O',9,114,7,13,39,8,'1',NULL,'2021-09-15 06:07:34','2021-09-15 04:07:34'),(221,'D',9,114,7,13,39,8,'1',NULL,'2021-09-15 06:07:34','2021-09-15 04:07:34'),(222,'E',9,114,7,13,39,8,'1',NULL,'2021-09-15 06:07:34','2021-09-15 04:07:34'),(223,'O',10,114,7,13,39,8,'1',NULL,'2021-09-15 06:07:34','2021-09-15 04:07:34'),(224,'D',10,114,7,13,39,8,'1',NULL,'2021-09-15 06:07:34','2021-09-15 04:07:34'),(225,'E',10,114,7,13,39,8,'1',NULL,'2021-09-15 06:07:34','2021-09-15 04:07:34'),(226,'O',11,114,7,13,39,8,'1',NULL,'2021-09-15 06:07:34','2021-09-15 04:07:34'),(227,'D',11,114,7,13,39,8,'1',NULL,'2021-09-15 06:07:34','2021-09-15 04:07:34'),(228,'E',11,114,7,13,39,8,'1',NULL,'2021-09-15 06:07:34','2021-09-15 04:07:34'),(229,'O',12,114,7,13,39,8,'1',NULL,'2021-09-15 06:07:34','2021-09-15 04:07:34'),(230,'D',12,114,7,13,39,8,'1',NULL,'2021-09-15 06:07:34','2021-09-15 04:07:34'),(231,'E',12,114,7,13,39,8,'1',NULL,'2021-09-15 06:07:34','2021-09-15 04:07:34'),(232,'O',13,114,7,13,39,8,'1',NULL,'2021-09-15 06:07:34','2021-09-15 04:07:34'),(233,'D',13,114,7,13,39,8,'1',NULL,'2021-09-15 06:07:34','2021-09-15 04:07:34'),(234,'E',13,114,7,13,39,8,'1',NULL,'2021-09-15 06:07:34','2021-09-15 04:07:34'),(235,'O',14,114,7,13,39,8,'1',NULL,'2021-09-15 06:07:34','2021-09-15 04:07:34'),(236,'D',14,114,7,13,39,8,'1',NULL,'2021-09-15 06:07:34','2021-09-15 04:07:34'),(237,'E',14,114,7,13,39,8,'1',NULL,'2021-09-15 06:07:35','2021-09-15 04:07:35'),(238,'O',15,114,7,13,39,8,'1',NULL,'2021-09-15 06:07:35','2021-09-15 04:07:35'),(239,'D',15,114,7,13,39,8,'1',NULL,'2021-09-15 06:07:35','2021-09-15 04:07:35'),(240,'E',15,114,7,13,39,8,'1',NULL,'2021-09-15 06:07:35','2021-09-15 04:07:35'),(241,'O',16,114,7,13,39,8,'1',NULL,'2021-09-15 06:07:35','2021-09-15 04:07:35'),(242,'D',16,114,7,13,39,8,'1',NULL,'2021-09-15 06:07:35','2021-09-15 04:07:35'),(243,'E',16,114,7,13,39,8,'1',NULL,'2021-09-15 06:07:35','2021-09-15 04:07:35'),(244,'O',17,114,7,13,39,8,'1',NULL,'2021-09-15 06:07:35','2021-09-15 04:07:35'),(245,'D',17,114,7,13,39,8,'1',NULL,'2021-09-15 06:07:35','2021-09-15 04:07:35'),(246,'E',17,114,7,13,39,8,'1',NULL,'2021-09-15 06:07:35','2021-09-15 04:07:35'),(247,'O',18,114,7,13,39,8,'1',NULL,'2021-09-15 06:07:35','2021-09-15 04:07:35'),(248,'D',18,114,7,13,39,8,'1',NULL,'2021-09-15 06:07:35','2021-09-15 04:07:35'),(249,'E',18,114,7,13,39,8,'1',NULL,'2021-09-15 06:07:35','2021-09-15 04:07:35'),(250,'O',19,114,7,13,39,8,'1',NULL,'2021-09-15 06:07:35','2021-09-15 04:07:35'),(251,'D',19,114,7,13,39,8,'1',NULL,'2021-09-15 06:07:35','2021-09-15 04:07:35'),(252,'E',19,114,7,13,39,8,'1',NULL,'2021-09-15 06:07:35','2021-09-15 04:07:35'),(253,'O',20,114,7,13,39,8,'1',NULL,'2021-09-15 06:07:35','2021-09-15 04:07:35'),(254,'D',20,114,7,13,39,8,'1',NULL,'2021-09-15 06:07:35','2021-09-15 04:07:35'),(255,'E',20,114,7,13,39,8,'1',NULL,'2021-09-15 06:07:35','2021-09-15 04:07:35'),(256,'O',21,114,7,13,39,8,'1',NULL,'2021-09-15 06:07:35','2021-09-15 04:07:35'),(257,'D',21,114,7,13,39,8,'1',NULL,'2021-09-15 06:07:35','2021-09-15 04:07:35'),(258,'E',21,114,7,13,39,8,'1',NULL,'2021-09-15 06:07:35','2021-09-15 04:07:35'),(259,'O',22,114,7,13,39,8,'1',NULL,'2021-09-15 06:07:35','2021-09-15 04:07:35'),(260,'D',22,114,7,13,39,8,'1',NULL,'2021-09-15 06:07:35','2021-09-15 04:07:35'),(261,'E',22,114,7,13,39,8,'1','Sami Khoury','2021-09-15 06:07:35','2021-09-15 08:23:04'),(262,'O',21,167,47,12,40,7,'1',NULL,'2021-09-15 10:04:28','2021-09-15 08:04:28'),(263,'D',21,167,47,12,40,7,'1',NULL,'2021-09-15 10:04:28','2021-09-15 08:04:28'),(264,'E',21,167,47,12,40,7,'1',NULL,'2021-09-15 10:04:28','2021-09-15 08:04:28'),(265,'O',23,167,7,13,41,8,'1',NULL,'2021-09-15 10:09:04','2021-09-15 08:09:04'),(266,'D',23,167,7,13,41,8,'1',NULL,'2021-09-15 10:09:04','2021-09-15 08:09:04'),(267,'E',23,167,7,13,41,8,'1',NULL,'2021-09-15 10:09:04','2021-09-15 08:09:04'),(268,'O',22,57,47,12,42,7,'0',NULL,'2021-09-15 10:43:17','2021-09-15 13:11:41'),(269,'D',22,57,47,12,42,7,'0',NULL,'2021-09-15 10:43:17','2021-09-15 13:11:34'),(270,'E',22,57,47,12,42,7,'0',NULL,'2021-09-15 10:43:17','2021-09-15 13:11:27'),(271,'O',23,57,47,12,43,7,'0',NULL,'2021-09-15 14:18:03','2021-09-15 13:11:19'),(272,'D',23,57,47,12,43,7,'0',NULL,'2021-09-15 14:18:03','2021-09-15 13:11:13'),(273,'E',23,57,47,12,43,7,'0',NULL,'2021-09-15 14:18:03','2021-09-15 13:11:06'),(274,'O',24,169,47,12,44,7,'1',NULL,'2021-09-15 15:35:24','2021-09-15 13:35:24'),(275,'D',24,169,47,12,44,7,'1',NULL,'2021-09-15 15:35:24','2021-09-15 13:35:24'),(276,'E',24,169,47,12,44,7,'1',NULL,'2021-09-15 15:35:24','2021-09-15 13:35:24'),(277,'O',25,169,47,12,44,7,'1',NULL,'2021-09-15 15:35:24','2021-09-15 13:35:24'),(278,'D',25,169,47,12,44,7,'1',NULL,'2021-09-15 15:35:24','2021-09-15 13:35:24'),(279,'E',25,169,47,12,44,7,'1',NULL,'2021-09-15 15:35:24','2021-09-15 13:35:24'),(280,'O',26,169,47,12,44,7,'1',NULL,'2021-09-15 15:35:24','2021-09-15 13:35:24'),(281,'D',26,169,47,12,44,7,'1',NULL,'2021-09-15 15:35:24','2021-09-15 13:35:24'),(282,'E',26,169,47,12,44,7,'1',NULL,'2021-09-15 15:35:24','2021-09-15 13:35:24'),(283,'O',2,169,42,17,44,10,'1',NULL,'2021-09-15 15:35:24','2021-09-15 13:35:24'),(284,'D',2,169,42,17,44,10,'1',NULL,'2021-09-15 15:35:24','2021-09-15 13:35:24'),(285,'E',2,169,42,17,44,10,'1',NULL,'2021-09-15 15:35:24','2021-09-15 13:35:24'),(286,'O',3,169,42,17,44,10,'1',NULL,'2021-09-15 15:35:24','2021-09-15 13:35:24'),(287,'D',3,169,42,17,44,10,'1',NULL,'2021-09-15 15:35:24','2021-09-15 13:35:24'),(288,'E',3,169,42,17,44,10,'1',NULL,'2021-09-15 15:35:24','2021-09-15 13:35:24'),(289,'O',24,169,7,13,44,8,'1',NULL,'2021-09-15 15:35:24','2021-09-15 13:35:24'),(290,'D',24,169,7,13,44,8,'1',NULL,'2021-09-15 15:35:24','2021-09-15 13:35:24'),(291,'E',24,169,7,13,44,8,'1',NULL,'2021-09-15 15:35:24','2021-09-15 13:35:24'),(292,'O',25,169,7,13,44,8,'1',NULL,'2021-09-15 15:35:24','2021-09-15 13:35:24'),(293,'D',25,169,7,13,44,8,'1',NULL,'2021-09-15 15:35:24','2021-09-15 13:35:24'),(294,'E',25,169,7,13,44,8,'1',NULL,'2021-09-15 15:35:24','2021-09-15 13:35:24'),(295,'O',3,169,9,14,44,9,'1',NULL,'2021-09-15 15:35:24','2021-09-15 13:35:24'),(296,'D',3,169,9,14,44,9,'1',NULL,'2021-09-15 15:35:24','2021-09-15 13:35:24'),(297,'E',3,169,9,14,44,9,'1',NULL,'2021-09-15 15:35:24','2021-09-15 13:35:24'),(298,'O',1,57,45,21,45,6,'1',NULL,'2021-09-15 16:53:36','2021-09-15 14:53:36'),(299,'D',1,57,45,21,45,6,'1',NULL,'2021-09-15 16:53:36','2021-09-15 14:53:36'),(300,'E',1,57,45,21,45,6,'1',NULL,'2021-09-15 16:53:36','2021-09-15 14:53:36'),(301,'O',27,164,47,12,46,7,'1',NULL,'2021-09-16 07:11:39','2021-09-16 05:11:39'),(302,'D',27,164,47,12,46,7,'1',NULL,'2021-09-16 07:11:39','2021-09-16 05:11:39'),(303,'E',27,164,47,12,46,7,'1',NULL,'2021-09-16 07:11:39','2021-09-16 05:11:39'),(304,'O',28,188,47,12,47,7,'1',NULL,'2021-09-17 11:55:21','2021-09-17 09:55:21'),(305,'D',28,188,47,12,47,7,'1',NULL,'2021-09-17 11:55:21','2021-09-17 09:55:21'),(306,'E',28,188,47,12,47,7,'1',NULL,'2021-09-17 11:55:21','2021-09-17 09:55:21'),(307,'O',29,188,47,12,47,7,'1',NULL,'2021-09-17 11:55:21','2021-09-17 09:55:21'),(308,'D',29,188,47,12,47,7,'1',NULL,'2021-09-17 11:55:21','2021-09-17 09:55:21'),(309,'E',29,188,47,12,47,7,'1',NULL,'2021-09-17 11:55:21','2021-09-17 09:55:21'),(310,'O',30,57,47,12,48,7,'1',NULL,'2021-09-17 13:29:09','2021-09-17 11:29:09'),(311,'D',30,57,47,12,48,7,'1',NULL,'2021-09-17 13:29:09','2021-09-17 11:29:09'),(312,'E',30,57,47,12,48,7,'1',NULL,'2021-09-17 13:29:09','2021-09-17 11:29:09'),(313,'O',31,195,47,12,49,7,'1',NULL,'2021-09-17 14:35:57','2021-09-17 12:35:57'),(314,'D',31,195,47,12,49,7,'1',NULL,'2021-09-17 14:35:57','2021-09-17 12:35:57'),(315,'E',31,195,47,12,49,7,'1',NULL,'2021-09-17 14:35:58','2021-09-17 12:35:58'),(316,'O',32,156,47,12,50,7,'1',NULL,'2021-09-17 18:48:26','2021-09-17 16:48:26'),(317,'D',32,156,47,12,50,7,'1',NULL,'2021-09-17 18:48:26','2021-09-17 16:48:26'),(318,'E',32,156,47,12,50,7,'1',NULL,'2021-09-17 18:48:26','2021-09-17 16:48:26'),(319,'O',33,156,47,12,50,7,'1',NULL,'2021-09-17 18:48:26','2021-09-17 16:48:26'),(320,'D',33,156,47,12,50,7,'1',NULL,'2021-09-17 18:48:26','2021-09-17 16:48:26'),(321,'E',33,156,47,12,50,7,'1',NULL,'2021-09-17 18:48:26','2021-09-17 16:48:26'),(322,'O',34,156,47,12,50,7,'1',NULL,'2021-09-17 18:48:26','2021-09-17 16:48:26'),(323,'D',34,156,47,12,50,7,'1',NULL,'2021-09-17 18:48:26','2021-09-17 16:48:26'),(324,'E',34,156,47,12,50,7,'1',NULL,'2021-09-17 18:48:26','2021-09-17 16:48:26'),(325,'O',35,206,47,12,51,7,'1',NULL,'2021-09-21 10:09:34','2021-09-21 08:09:34'),(326,'D',35,206,47,12,51,7,'1',NULL,'2021-09-21 10:09:34','2021-09-21 08:09:34'),(327,'E',35,206,47,12,51,7,'1',NULL,'2021-09-21 10:09:34','2021-09-21 08:09:34'),(328,'O',36,205,47,12,52,7,'1',NULL,'2021-09-21 10:14:07','2021-09-21 08:14:07'),(329,'D',36,205,47,12,52,7,'1',NULL,'2021-09-21 10:14:07','2021-09-21 08:14:07'),(330,'E',36,205,47,12,52,7,'1',NULL,'2021-09-21 10:14:07','2021-09-21 08:14:07'),(331,'O',37,57,47,12,53,7,'1',NULL,'2021-09-21 16:50:18','2021-09-21 12:50:18'),(332,'D',37,57,47,12,53,7,'1',NULL,'2021-09-21 16:50:18','2021-09-21 12:50:18'),(333,'E',37,57,47,12,53,7,'1',NULL,'2021-09-21 16:50:18','2021-09-21 12:50:18'),(334,'O',1,214,45,23,54,13,'1',NULL,'2021-09-21 17:26:02','2021-09-21 13:26:02'),(335,'D',1,214,45,23,54,13,'1',NULL,'2021-09-21 17:26:02','2021-09-21 13:26:02'),(336,'E',1,214,45,23,54,13,'1',NULL,'2021-09-21 17:26:02','2021-09-21 13:26:02'),(337,'O',2,214,45,23,54,13,'1',NULL,'2021-09-21 17:26:02','2021-09-21 13:26:02'),(338,'D',2,214,45,23,54,13,'1',NULL,'2021-09-21 17:26:02','2021-09-21 13:26:02'),(339,'E',2,214,45,23,54,13,'1',NULL,'2021-09-21 17:26:02','2021-09-21 13:26:02'),(340,'O',3,214,45,23,54,13,'1',NULL,'2021-09-21 17:26:02','2021-09-21 13:26:02'),(341,'D',3,214,45,23,54,13,'1',NULL,'2021-09-21 17:26:02','2021-09-21 13:26:02'),(342,'E',3,214,45,23,54,13,'1',NULL,'2021-09-21 17:26:02','2021-09-21 13:26:02'),(343,'O',4,57,45,23,55,13,'1',NULL,'2021-09-23 09:43:17','2021-09-23 05:43:17'),(344,'D',4,57,45,23,55,13,'1',NULL,'2021-09-23 09:43:17','2021-09-23 05:43:17'),(345,'E',4,57,45,23,55,13,'1',NULL,'2021-09-23 09:43:17','2021-09-23 05:43:17'),(346,'O',38,222,47,12,56,7,'1',NULL,'2021-09-23 12:29:49','2021-09-23 08:29:49'),(347,'D',38,222,47,12,56,7,'1',NULL,'2021-09-23 12:29:49','2021-09-23 08:29:49'),(348,'E',38,222,47,12,56,7,'1',NULL,'2021-09-23 12:29:49','2021-09-23 08:29:49'),(349,'O',39,214,47,12,57,7,'1',NULL,'2021-09-26 16:41:16','2021-09-26 12:41:16'),(350,'D',39,214,47,12,57,7,'1',NULL,'2021-09-26 16:41:16','2021-09-26 12:41:16'),(351,'E',39,214,47,12,57,7,'1',NULL,'2021-09-26 16:41:16','2021-09-26 12:41:16'),(352,'O',40,214,47,12,57,7,'1',NULL,'2021-09-26 16:41:16','2021-09-26 12:41:16'),(353,'D',40,214,47,12,57,7,'1',NULL,'2021-09-26 16:41:16','2021-09-26 12:41:16'),(354,'E',40,214,47,12,57,7,'1',NULL,'2021-09-26 16:41:16','2021-09-26 12:41:16'),(355,'O',5,214,45,23,57,13,'1',NULL,'2021-09-26 16:41:16','2021-09-26 12:41:16'),(356,'D',5,214,45,23,57,13,'1',NULL,'2021-09-26 16:41:16','2021-09-26 12:41:16'),(357,'E',5,214,45,23,57,13,'1',NULL,'2021-09-26 16:41:16','2021-09-26 12:41:16'),(358,'O',41,143,47,12,58,7,'1',NULL,'2021-09-27 15:24:44','2021-09-27 11:24:44'),(359,'D',41,143,47,12,58,7,'1',NULL,'2021-09-27 15:24:44','2021-09-27 11:24:44'),(360,'E',41,143,47,12,58,7,'1',NULL,'2021-09-27 15:24:44','2021-09-27 11:24:44'),(361,'O',42,143,47,12,58,7,'1',NULL,'2021-09-27 15:24:44','2021-09-27 11:24:44'),(362,'D',42,143,47,12,58,7,'1',NULL,'2021-09-27 15:24:44','2021-09-27 11:24:44'),(363,'E',42,143,47,12,58,7,'1',NULL,'2021-09-27 15:24:44','2021-09-27 11:24:44'),(364,'O',4,141,42,17,59,10,'1',NULL,'2021-09-28 19:16:04','2021-09-28 15:16:04'),(365,'E',4,141,42,17,59,10,'1',NULL,'2021-09-28 19:16:04','2021-09-28 15:16:04'),(366,'O',43,232,47,12,60,7,'1',NULL,'2021-09-30 00:10:51','2021-09-29 20:10:51'),(367,'D',43,232,47,12,60,7,'1',NULL,'2021-09-30 00:10:51','2021-09-29 20:10:51'),(368,'E',43,232,47,12,60,7,'1',NULL,'2021-09-30 00:10:51','2021-09-29 20:10:51'),(369,'O',5,232,42,17,60,10,'1',NULL,'2021-09-30 00:10:51','2021-09-29 20:10:51'),(370,'D',5,232,42,17,60,10,'1',NULL,'2021-09-30 00:10:51','2021-09-29 20:10:51'),(371,'E',5,232,42,17,60,10,'1',NULL,'2021-09-30 00:10:51','2021-09-29 20:10:51'),(372,'O',26,232,7,13,60,8,'1',NULL,'2021-09-30 00:10:51','2021-09-29 20:10:51'),(373,'D',26,232,7,13,60,8,'1',NULL,'2021-09-30 00:10:51','2021-09-29 20:10:51'),(374,'E',26,232,7,13,60,8,'1',NULL,'2021-09-30 00:10:51','2021-09-29 20:10:51'),(375,'O',4,232,9,14,60,9,'1',NULL,'2021-09-30 00:10:51','2021-09-29 20:10:51'),(376,'D',4,232,9,14,60,9,'1',NULL,'2021-09-30 00:10:51','2021-09-29 20:10:51'),(377,'E',4,232,9,14,60,9,'1',NULL,'2021-09-30 00:10:51','2021-09-29 20:10:51'),(378,'O',44,280,47,12,61,7,'1',NULL,'2021-10-03 14:15:29','2021-10-03 10:15:29'),(379,'D',44,280,47,12,61,7,'1',NULL,'2021-10-03 14:15:29','2021-10-03 10:15:29'),(380,'E',44,280,47,12,61,7,'1',NULL,'2021-10-03 14:15:29','2021-10-03 10:15:29'),(381,'O',45,280,47,12,61,7,'1',NULL,'2021-10-03 14:15:29','2021-10-03 10:15:29'),(382,'D',45,280,47,12,61,7,'1',NULL,'2021-10-03 14:15:29','2021-10-03 10:15:29'),(383,'E',45,280,47,12,61,7,'1',NULL,'2021-10-03 14:15:29','2021-10-03 10:15:29'),(384,'O',6,280,45,23,61,13,'1',NULL,'2021-10-03 14:15:29','2021-10-03 10:15:29'),(385,'D',6,280,45,23,61,13,'1',NULL,'2021-10-03 14:15:29','2021-10-03 10:15:29'),(386,'E',6,280,45,23,61,13,'1',NULL,'2021-10-03 14:15:29','2021-10-03 10:15:29'),(387,'O',7,280,45,23,61,13,'1',NULL,'2021-10-03 14:15:29','2021-10-03 10:15:29'),(388,'D',7,280,45,23,61,13,'1',NULL,'2021-10-03 14:15:29','2021-10-03 10:15:29'),(389,'E',7,280,45,23,61,13,'1',NULL,'2021-10-03 14:15:29','2021-10-03 10:15:29'),(390,'O',6,280,42,17,61,10,'1',NULL,'2021-10-03 14:15:29','2021-10-03 10:15:29'),(391,'D',6,280,42,17,61,10,'1',NULL,'2021-10-03 14:15:29','2021-10-03 10:15:29'),(392,'E',6,280,42,17,61,10,'1',NULL,'2021-10-03 14:15:29','2021-10-03 10:15:29'),(393,'O',7,280,42,17,61,10,'1',NULL,'2021-10-03 14:15:29','2021-10-03 10:15:29'),(394,'D',7,280,42,17,61,10,'1',NULL,'2021-10-03 14:15:29','2021-10-03 10:15:29'),(395,'E',7,280,42,17,61,10,'1',NULL,'2021-10-03 14:15:29','2021-10-03 10:15:29'),(396,'O',27,280,7,13,61,8,'1',NULL,'2021-10-03 14:15:29','2021-10-03 10:15:29'),(397,'D',27,280,7,13,61,8,'1',NULL,'2021-10-03 14:15:29','2021-10-03 10:15:29'),(398,'E',27,280,7,13,61,8,'1',NULL,'2021-10-03 14:15:29','2021-10-03 10:15:29'),(399,'O',28,280,7,13,61,8,'1',NULL,'2021-10-03 14:15:29','2021-10-03 10:15:29'),(400,'D',28,280,7,13,61,8,'1',NULL,'2021-10-03 14:15:29','2021-10-03 10:15:29'),(401,'E',28,280,7,13,61,8,'1',NULL,'2021-10-03 14:15:29','2021-10-03 10:15:29'),(402,'O',5,280,9,14,61,9,'1',NULL,'2021-10-03 14:15:29','2021-10-03 10:15:29'),(403,'D',5,280,9,14,61,9,'1',NULL,'2021-10-03 14:15:29','2021-10-03 10:15:29'),(404,'E',5,280,9,14,61,9,'1',NULL,'2021-10-03 14:15:29','2021-10-03 10:15:29'),(405,'O',8,57,45,23,62,13,'1',NULL,'2021-10-03 17:33:26','2021-10-03 13:33:26'),(406,'D',8,57,45,23,62,13,'1',NULL,'2021-10-03 17:33:26','2021-10-03 13:33:26'),(407,'E',8,57,45,23,62,13,'1',NULL,'2021-10-03 17:33:26','2021-10-03 13:33:26'),(408,'O',8,57,42,17,62,10,'1',NULL,'2021-10-03 17:33:26','2021-10-03 13:33:26'),(409,'D',8,57,42,17,62,10,'1',NULL,'2021-10-03 17:33:26','2021-10-03 13:33:26'),(410,'E',8,57,42,17,62,10,'1',NULL,'2021-10-03 17:33:26','2021-10-03 13:33:26'),(411,'O',29,57,7,13,62,8,'1',NULL,'2021-10-03 17:33:26','2021-10-03 13:33:26'),(412,'D',29,57,7,13,62,8,'1',NULL,'2021-10-03 17:33:26','2021-10-03 13:33:26'),(413,'E',29,57,7,13,62,8,'1',NULL,'2021-10-03 17:33:26','2021-10-03 13:33:26'),(414,'O',30,57,7,13,62,8,'1',NULL,'2021-10-03 17:33:26','2021-10-03 13:33:26'),(415,'D',30,57,7,13,62,8,'1',NULL,'2021-10-03 17:33:26','2021-10-03 13:33:26'),(416,'E',30,57,7,13,62,8,'1',NULL,'2021-10-03 17:33:26','2021-10-03 13:33:26'),(417,'O',46,281,47,12,63,7,'1',NULL,'2021-10-03 17:48:51','2021-10-03 13:48:51'),(418,'D',46,281,47,12,63,7,'1',NULL,'2021-10-03 17:48:51','2021-10-03 13:48:51'),(419,'E',46,281,47,12,63,7,'1',NULL,'2021-10-03 17:48:51','2021-10-03 13:48:51'),(420,'O',47,281,47,12,63,7,'1',NULL,'2021-10-03 17:48:51','2021-10-03 13:48:51'),(421,'D',47,281,47,12,63,7,'1',NULL,'2021-10-03 17:48:51','2021-10-03 13:48:51'),(422,'E',47,281,47,12,63,7,'1',NULL,'2021-10-03 17:48:51','2021-10-03 13:48:51'),(423,'O',48,281,47,12,63,7,'1',NULL,'2021-10-03 17:48:51','2021-10-03 13:48:51'),(424,'D',48,281,47,12,63,7,'1',NULL,'2021-10-03 17:48:51','2021-10-03 13:48:51'),(425,'E',48,281,47,12,63,7,'1',NULL,'2021-10-03 17:48:51','2021-10-03 13:48:51'),(426,'O',9,281,42,17,63,10,'1',NULL,'2021-10-03 17:48:51','2021-10-03 13:48:51'),(427,'D',9,281,42,17,63,10,'1',NULL,'2021-10-03 17:48:51','2021-10-03 13:48:51'),(428,'E',9,281,42,17,63,10,'1',NULL,'2021-10-03 17:48:51','2021-10-03 13:48:51'),(429,'O',6,281,9,14,63,9,'1',NULL,'2021-10-03 17:48:51','2021-10-03 13:48:51'),(430,'D',6,281,9,14,63,9,'1',NULL,'2021-10-03 17:48:51','2021-10-03 13:48:51'),(431,'E',6,281,9,14,63,9,'1',NULL,'2021-10-03 17:48:51','2021-10-03 13:48:51'),(432,'O',49,282,47,12,64,7,'1',NULL,'2021-10-04 11:59:26','2021-10-04 07:59:26'),(433,'D',49,282,47,12,64,7,'1',NULL,'2021-10-04 11:59:26','2021-10-04 07:59:26'),(434,'E',49,282,47,12,64,7,'1',NULL,'2021-10-04 11:59:26','2021-10-04 07:59:26'),(435,'O',50,282,47,12,64,7,'1',NULL,'2021-10-04 11:59:26','2021-10-04 07:59:26'),(436,'D',50,282,47,12,64,7,'1',NULL,'2021-10-04 11:59:26','2021-10-04 07:59:26'),(437,'E',50,282,47,12,64,7,'1',NULL,'2021-10-04 11:59:26','2021-10-04 07:59:26'),(438,'O',10,281,42,17,65,10,'1',NULL,'2021-10-04 14:43:40','2021-10-04 10:43:40'),(439,'D',10,281,42,17,65,10,'1',NULL,'2021-10-04 14:43:40','2021-10-04 10:43:40'),(440,'E',10,281,42,17,65,10,'1',NULL,'2021-10-04 14:43:40','2021-10-04 10:43:40'),(441,'O',11,281,42,17,65,10,'1',NULL,'2021-10-04 14:43:40','2021-10-04 10:43:40'),(442,'D',11,281,42,17,65,10,'1',NULL,'2021-10-04 14:43:40','2021-10-04 10:43:40'),(443,'E',11,281,42,17,65,10,'1',NULL,'2021-10-04 14:43:40','2021-10-04 10:43:40'),(444,'O',12,281,42,17,65,10,'1',NULL,'2021-10-04 14:43:40','2021-10-04 10:43:40'),(445,'D',12,281,42,17,65,10,'1',NULL,'2021-10-04 14:43:40','2021-10-04 10:43:40'),(446,'E',12,281,42,17,65,10,'1',NULL,'2021-10-04 14:43:40','2021-10-04 10:43:40'),(447,'O',13,281,42,17,65,10,'1',NULL,'2021-10-04 14:43:40','2021-10-04 10:43:40'),(448,'D',13,281,42,17,65,10,'1',NULL,'2021-10-04 14:43:40','2021-10-04 10:43:40'),(449,'E',13,281,42,17,65,10,'1',NULL,'2021-10-04 14:43:40','2021-10-04 10:43:40'),(450,'O',7,281,9,14,65,9,'1',NULL,'2021-10-04 14:43:40','2021-10-04 10:43:40'),(451,'D',7,281,9,14,65,9,'1',NULL,'2021-10-04 14:43:40','2021-10-04 10:43:40'),(452,'E',7,281,9,14,65,9,'1',NULL,'2021-10-04 14:43:40','2021-10-04 10:43:40'),(453,'O',8,281,9,14,65,9,'1',NULL,'2021-10-04 14:43:40','2021-10-04 10:43:40'),(454,'D',8,281,9,14,65,9,'1',NULL,'2021-10-04 14:43:40','2021-10-04 10:43:40'),(455,'E',8,281,9,14,65,9,'1',NULL,'2021-10-04 14:43:40','2021-10-04 10:43:40'),(456,'O',9,281,9,14,65,9,'1',NULL,'2021-10-04 14:43:40','2021-10-04 10:43:40'),(457,'D',9,281,9,14,65,9,'1',NULL,'2021-10-04 14:43:40','2021-10-04 10:43:40'),(458,'E',9,281,9,14,65,9,'1',NULL,'2021-10-04 14:43:40','2021-10-04 10:43:40'),(459,'O',10,281,9,14,65,9,'1',NULL,'2021-10-04 14:43:40','2021-10-04 10:43:40'),(460,'D',10,281,9,14,65,9,'1',NULL,'2021-10-04 14:43:40','2021-10-04 10:43:40'),(461,'E',10,281,9,14,65,9,'1',NULL,'2021-10-04 14:43:40','2021-10-04 10:43:40'),(462,'O',51,284,47,12,66,7,'1',NULL,'2021-10-04 17:54:03','2021-10-04 13:54:03'),(463,'D',51,284,47,12,66,7,'1',NULL,'2021-10-04 17:54:03','2021-10-04 13:54:03'),(464,'E',51,284,47,12,66,7,'1',NULL,'2021-10-04 17:54:03','2021-10-04 13:54:03'),(465,'O',52,288,47,12,67,7,'1',NULL,'2021-10-05 10:43:22','2021-10-05 06:43:22'),(466,'D',52,288,47,12,67,7,'1',NULL,'2021-10-05 10:43:22','2021-10-05 06:43:22'),(467,'E',52,288,47,12,67,7,'1',NULL,'2021-10-05 10:43:22','2021-10-05 06:43:22'),(468,'O',14,288,42,17,67,10,'1',NULL,'2021-10-05 10:43:22','2021-10-05 06:43:22'),(469,'D',14,288,42,17,67,10,'1',NULL,'2021-10-05 10:43:22','2021-10-05 06:43:22'),(470,'E',14,288,42,17,67,10,'1',NULL,'2021-10-05 10:43:22','2021-10-05 06:43:22'),(471,'O',31,288,7,13,67,8,'1',NULL,'2021-10-05 10:43:22','2021-10-05 06:43:22'),(472,'D',31,288,7,13,67,8,'1',NULL,'2021-10-05 10:43:22','2021-10-05 06:43:22'),(473,'E',31,288,7,13,67,8,'1',NULL,'2021-10-05 10:43:22','2021-10-05 06:43:22'),(474,'O',53,289,47,12,68,7,'1',NULL,'2021-10-05 16:02:13','2021-10-05 12:02:13'),(475,'D',53,289,47,12,68,7,'1',NULL,'2021-10-05 16:02:13','2021-10-05 12:02:13'),(476,'E',53,289,47,12,68,7,'1',NULL,'2021-10-05 16:02:13','2021-10-05 12:02:13'),(477,'O',15,290,42,17,69,10,'1',NULL,'2021-10-05 18:35:25','2021-10-05 14:35:25'),(478,'D',15,290,42,17,69,10,'1',NULL,'2021-10-05 18:35:25','2021-10-05 14:35:25'),(479,'E',15,290,42,17,69,10,'1',NULL,'2021-10-05 18:35:25','2021-10-05 14:35:25'),(480,'O',16,158,42,17,70,10,'1',NULL,'2021-10-05 19:23:53','2021-10-05 15:23:53'),(481,'D',16,158,42,17,70,10,'1',NULL,'2021-10-05 19:23:53','2021-10-05 15:23:53'),(482,'E',16,158,42,17,70,10,'1',NULL,'2021-10-05 19:23:53','2021-10-05 15:23:53'),(483,'O',54,57,47,12,71,7,'1',NULL,'2021-10-05 20:15:51','2021-10-05 16:15:51'),(484,'D',54,57,47,12,71,7,'1',NULL,'2021-10-05 20:15:51','2021-10-05 16:15:51'),(485,'E',54,57,47,12,71,7,'1',NULL,'2021-10-05 20:15:51','2021-10-05 16:15:51'),(486,'O',55,57,47,12,72,7,'1',NULL,'2021-10-05 20:26:50','2021-10-05 16:26:50'),(487,'D',55,57,47,12,72,7,'1',NULL,'2021-10-05 20:26:50','2021-10-05 16:26:50'),(488,'E',55,57,47,12,72,7,'1',NULL,'2021-10-05 20:26:50','2021-10-05 16:26:50'),(489,'O',56,281,47,12,73,7,'1',NULL,'2021-10-06 10:07:21','2021-10-06 06:07:21'),(490,'D',56,281,47,12,73,7,'1',NULL,'2021-10-06 10:07:21','2021-10-06 06:07:21'),(491,'E',56,281,47,12,73,7,'1',NULL,'2021-10-06 10:07:21','2021-10-06 06:07:21'),(492,'O',57,64,47,12,74,7,'1',NULL,'2021-10-06 10:20:48','2021-10-06 06:20:48'),(493,'D',57,64,47,12,74,7,'1',NULL,'2021-10-06 10:20:48','2021-10-06 06:20:48'),(494,'E',57,64,47,12,74,7,'1',NULL,'2021-10-06 10:20:48','2021-10-06 06:20:48'),(495,'O',17,281,42,17,75,10,'1',NULL,'2021-10-06 10:41:01','2021-10-06 06:41:01'),(496,'D',17,281,42,17,75,10,'1',NULL,'2021-10-06 10:41:01','2021-10-06 06:41:01'),(497,'E',17,281,42,17,75,10,'1',NULL,'2021-10-06 10:41:01','2021-10-06 06:41:01'),(498,'O',18,281,42,17,75,10,'1',NULL,'2021-10-06 10:41:01','2021-10-06 06:41:01'),(499,'D',18,281,42,17,75,10,'1',NULL,'2021-10-06 10:41:01','2021-10-06 06:41:01'),(500,'E',18,281,42,17,75,10,'1',NULL,'2021-10-06 10:41:01','2021-10-06 06:41:01'),(501,'O',32,300,7,13,76,8,'1',NULL,'2021-10-06 10:42:01','2021-10-06 06:42:01'),(502,'D',32,300,7,13,76,8,'1',NULL,'2021-10-06 10:42:01','2021-10-06 06:42:01'),(503,'E',32,300,7,13,76,8,'1',NULL,'2021-10-06 10:42:01','2021-10-06 06:42:01'),(504,'O',33,57,7,13,77,8,'1',NULL,'2021-10-06 12:42:35','2021-10-06 08:42:35'),(505,'D',33,57,7,13,77,8,'1',NULL,'2021-10-06 12:42:35','2021-10-06 08:42:35'),(506,'E',33,57,7,13,77,8,'1',NULL,'2021-10-06 12:42:35','2021-10-06 08:42:35'),(507,'O',19,290,42,17,78,10,'1',NULL,'2021-10-06 17:53:16','2021-10-06 13:53:16'),(508,'D',19,290,42,17,78,10,'1',NULL,'2021-10-06 17:53:16','2021-10-06 13:53:16'),(509,'E',19,290,42,17,78,10,'1',NULL,'2021-10-06 17:53:16','2021-10-06 13:53:16'),(510,'O',20,290,42,17,79,10,'1',NULL,'2021-10-08 13:40:56','2021-10-08 09:40:56'),(511,'D',20,290,42,17,79,10,'1',NULL,'2021-10-08 13:40:56','2021-10-08 09:40:56'),(512,'E',20,290,42,17,79,10,'1',NULL,'2021-10-08 13:40:56','2021-10-08 09:40:56'),(513,'O',58,281,47,12,80,7,'1',NULL,'2021-10-08 13:57:33','2021-10-08 09:57:33'),(514,'D',58,281,47,12,80,7,'1',NULL,'2021-10-08 13:57:33','2021-10-08 09:57:33'),(515,'E',58,281,47,12,80,7,'1',NULL,'2021-10-08 13:57:33','2021-10-08 09:57:33'),(516,'O',59,281,47,12,81,7,'1',NULL,'2021-10-08 14:01:09','2021-10-08 10:01:09'),(517,'D',59,281,47,12,81,7,'1',NULL,'2021-10-08 14:01:09','2021-10-08 10:01:09'),(518,'E',59,281,47,12,81,7,'1',NULL,'2021-10-08 14:01:09','2021-10-08 10:01:09'),(519,'O',60,310,47,12,82,7,'1',NULL,'2021-10-11 14:25:22','2021-10-11 10:25:22'),(520,'D',60,310,47,12,82,7,'1',NULL,'2021-10-11 14:25:22','2021-10-11 10:25:22'),(521,'E',60,310,47,12,82,7,'1',NULL,'2021-10-11 14:25:22','2021-10-11 10:25:22'),(522,'O',61,310,47,12,82,7,'1',NULL,'2021-10-11 14:25:22','2021-10-11 10:25:22'),(523,'D',61,310,47,12,82,7,'1',NULL,'2021-10-11 14:25:22','2021-10-11 10:25:22'),(524,'E',61,310,47,12,82,7,'1',NULL,'2021-10-11 14:25:22','2021-10-11 10:25:22'),(525,'O',62,281,47,12,83,7,'1',NULL,'2021-10-13 20:29:47','2021-10-13 16:29:47'),(526,'D',62,281,47,12,83,7,'1',NULL,'2021-10-13 20:29:47','2021-10-13 16:29:47'),(527,'E',62,281,47,12,83,7,'1',NULL,'2021-10-13 20:29:47','2021-10-13 16:29:47'),(528,'O',63,281,47,12,83,7,'1',NULL,'2021-10-13 20:29:47','2021-10-13 16:29:47'),(529,'D',63,281,47,12,83,7,'1',NULL,'2021-10-13 20:29:47','2021-10-13 16:29:47'),(530,'E',63,281,47,12,83,7,'1',NULL,'2021-10-13 20:29:47','2021-10-13 16:29:47'),(531,'O',11,316,9,14,84,9,'1',NULL,'2021-10-15 22:09:29','2021-10-15 18:09:29'),(532,'E',11,316,9,14,84,9,'1',NULL,'2021-10-15 22:09:29','2021-10-15 18:09:29'),(533,'O',21,281,42,17,85,10,'1',NULL,'2021-10-16 20:55:19','2021-10-16 16:55:19'),(534,'D',21,281,42,17,85,10,'1',NULL,'2021-10-16 20:55:19','2021-10-16 16:55:19'),(535,'E',21,281,42,17,85,10,'1',NULL,'2021-10-16 20:55:19','2021-10-16 16:55:19'),(536,'O',64,317,47,12,86,7,'1',NULL,'2021-10-17 09:43:03','2021-10-17 05:43:03'),(537,'D',64,317,47,12,86,7,'1',NULL,'2021-10-17 09:43:03','2021-10-17 05:43:03'),(538,'E',64,317,47,12,86,7,'1',NULL,'2021-10-17 09:43:03','2021-10-17 05:43:03'),(539,'O',65,323,47,12,87,7,'1',NULL,'2021-10-22 20:31:18','2021-10-22 16:31:18'),(540,'D',65,323,47,12,87,7,'1',NULL,'2021-10-22 20:31:18','2021-10-22 16:31:18'),(541,'E',65,323,47,12,87,7,'1',NULL,'2021-10-22 20:31:18','2021-10-22 16:31:18'),(542,'O',66,281,47,12,88,7,'1',NULL,'2021-10-24 15:07:28','2021-10-24 11:07:28'),(543,'D',66,281,47,12,88,7,'1',NULL,'2021-10-24 15:07:28','2021-10-24 11:07:28'),(544,'E',66,281,47,12,88,7,'1',NULL,'2021-10-24 15:07:28','2021-10-24 11:07:28'),(545,'O',22,281,42,17,88,10,'1',NULL,'2021-10-24 15:07:28','2021-10-24 11:07:28'),(546,'D',22,281,42,17,88,10,'1',NULL,'2021-10-24 15:07:28','2021-10-24 11:07:28'),(547,'E',22,281,42,17,88,10,'1',NULL,'2021-10-24 15:07:28','2021-10-24 11:07:28'),(548,'O',34,281,7,13,88,8,'1',NULL,'2021-10-24 15:07:28','2021-10-24 11:07:28'),(549,'D',34,281,7,13,88,8,'1',NULL,'2021-10-24 15:07:28','2021-10-24 11:07:28'),(550,'E',34,281,7,13,88,8,'1',NULL,'2021-10-24 15:07:28','2021-10-24 11:07:28'),(551,'O',67,332,47,12,89,7,'1',NULL,'2021-10-26 03:15:47','2021-10-25 23:15:47'),(552,'D',67,332,47,12,89,7,'1',NULL,'2021-10-26 03:15:47','2021-10-25 23:15:47'),(553,'E',67,332,47,12,89,7,'1',NULL,'2021-10-26 03:15:47','2021-10-25 23:15:47'),(554,'O',35,332,7,13,90,8,'1',NULL,'2021-10-26 03:19:24','2021-10-25 23:19:24'),(555,'D',35,332,7,13,90,8,'1',NULL,'2021-10-26 03:19:24','2021-10-25 23:19:24'),(556,'O',23,332,42,17,91,10,'1',NULL,'2021-10-26 03:23:43','2021-10-25 23:23:43'),(557,'D',23,332,42,17,91,10,'1',NULL,'2021-10-26 03:23:43','2021-10-25 23:23:43'),(558,'E',23,332,42,17,91,10,'1',NULL,'2021-10-26 03:23:43','2021-10-25 23:23:43'),(559,'O',68,332,47,12,92,7,'1',NULL,'2021-10-26 04:09:35','2021-10-26 00:09:35'),(560,'D',68,332,47,12,92,7,'1',NULL,'2021-10-26 04:09:35','2021-10-26 00:09:35'),(561,'E',68,332,47,12,92,7,'1',NULL,'2021-10-26 04:09:35','2021-10-26 00:09:35'),(562,'O',69,332,47,12,93,7,'1',NULL,'2021-10-26 10:38:05','2021-10-26 06:38:05'),(563,'D',69,332,47,12,93,7,'1',NULL,'2021-10-26 10:38:05','2021-10-26 06:38:05'),(564,'E',69,332,47,12,93,7,'1',NULL,'2021-10-26 10:38:05','2021-10-26 06:38:05'),(565,'O',70,332,47,12,94,7,'1',NULL,'2021-10-26 15:23:45','2021-10-26 11:23:45'),(566,'D',70,332,47,12,94,7,'1',NULL,'2021-10-26 15:23:45','2021-10-26 11:23:45'),(567,'E',70,332,47,12,94,7,'1',NULL,'2021-10-26 15:23:45','2021-10-26 11:23:45'),(568,'O',36,332,7,13,95,8,'1',NULL,'2021-10-26 15:31:51','2021-10-26 11:31:51'),(569,'D',36,332,7,13,95,8,'1',NULL,'2021-10-26 15:31:51','2021-10-26 11:31:51'),(570,'O',71,332,47,12,96,7,'1',NULL,'2021-10-27 00:21:01','2021-10-26 20:21:01'),(571,'D',71,332,47,12,96,7,'1',NULL,'2021-10-27 00:21:01','2021-10-26 20:21:01'),(572,'E',71,332,47,12,96,7,'1',NULL,'2021-10-27 00:21:01','2021-10-26 20:21:01'),(573,'O',72,281,47,12,97,7,'1',NULL,'2021-10-27 07:25:05','2021-10-27 03:25:05'),(574,'D',72,281,47,12,97,7,'1',NULL,'2021-10-27 07:25:05','2021-10-27 03:25:05'),(575,'E',72,281,47,12,97,7,'1',NULL,'2021-10-27 07:25:05','2021-10-27 03:25:05'),(576,'O',73,281,47,12,98,7,'1',NULL,'2021-10-27 07:28:15','2021-10-27 03:28:15'),(577,'D',73,281,47,12,98,7,'1',NULL,'2021-10-27 07:28:15','2021-10-27 03:28:15'),(578,'E',73,281,47,12,98,7,'1',NULL,'2021-10-27 07:28:15','2021-10-27 03:28:15'),(579,'O',74,281,47,12,99,7,'1',NULL,'2021-10-27 07:34:34','2021-10-27 03:34:34'),(580,'D',74,281,47,12,99,7,'1',NULL,'2021-10-27 07:34:34','2021-10-27 03:34:34'),(581,'E',74,281,47,12,99,7,'1',NULL,'2021-10-27 07:34:34','2021-10-27 03:34:34'),(582,'O',75,333,47,12,100,7,'1',NULL,'2021-10-27 13:00:35','2021-10-27 09:00:35'),(583,'D',75,333,47,12,100,7,'1',NULL,'2021-10-27 13:00:35','2021-10-27 09:00:35'),(584,'E',75,333,47,12,100,7,'1',NULL,'2021-10-27 13:00:35','2021-10-27 09:00:35'),(585,'O',37,333,7,13,100,8,'1',NULL,'2021-10-27 13:00:35','2021-10-27 09:00:35'),(586,'D',37,333,7,13,100,8,'1',NULL,'2021-10-27 13:00:35','2021-10-27 09:00:35'),(587,'O',76,332,47,12,101,7,'1',NULL,'2021-10-28 00:46:11','2021-10-27 20:46:11'),(588,'D',76,332,47,12,101,7,'1',NULL,'2021-10-28 00:46:11','2021-10-27 20:46:11'),(589,'E',76,332,47,12,101,7,'1',NULL,'2021-10-28 00:46:11','2021-10-27 20:46:11'),(590,'O',24,282,42,17,102,10,'1',NULL,'2021-10-28 12:06:42','2021-10-28 08:06:42'),(591,'D',24,282,42,17,102,10,'1',NULL,'2021-10-28 12:06:42','2021-10-28 08:06:42'),(592,'E',24,282,42,17,102,10,'1',NULL,'2021-10-28 12:06:42','2021-10-28 08:06:42'),(593,'O',77,334,47,12,103,7,'1',NULL,'2021-10-28 12:51:54','2021-10-28 08:51:54'),(594,'D',77,334,47,12,103,7,'1',NULL,'2021-10-28 12:51:54','2021-10-28 08:51:54'),(595,'E',77,334,47,12,103,7,'1',NULL,'2021-10-28 12:51:54','2021-10-28 08:51:54'),(596,'O',78,141,47,12,104,7,'1',NULL,'2021-10-28 12:57:47','2021-10-28 08:57:47'),(597,'D',78,141,47,12,104,7,'1',NULL,'2021-10-28 12:57:47','2021-10-28 08:57:47'),(598,'E',78,141,47,12,104,7,'1',NULL,'2021-10-28 12:57:47','2021-10-28 08:57:47'),(599,'O',79,141,47,12,104,7,'1',NULL,'2021-10-28 12:57:47','2021-10-28 08:57:47'),(600,'D',79,141,47,12,104,7,'1',NULL,'2021-10-28 12:57:47','2021-10-28 08:57:47'),(601,'E',79,141,47,12,104,7,'1',NULL,'2021-10-28 12:57:47','2021-10-28 08:57:47'),(602,'O',80,141,47,12,104,7,'1',NULL,'2021-10-28 12:57:47','2021-10-28 08:57:47'),(603,'D',80,141,47,12,104,7,'1',NULL,'2021-10-28 12:57:47','2021-10-28 08:57:47'),(604,'E',80,141,47,12,104,7,'1',NULL,'2021-10-28 12:57:47','2021-10-28 08:57:47'),(605,'O',81,141,47,12,104,7,'1',NULL,'2021-10-28 12:57:47','2021-10-28 08:57:47'),(606,'D',81,141,47,12,104,7,'1',NULL,'2021-10-28 12:57:47','2021-10-28 08:57:47'),(607,'E',81,141,47,12,104,7,'1',NULL,'2021-10-28 12:57:47','2021-10-28 08:57:47'),(608,'O',25,282,42,17,105,10,'1',NULL,'2021-10-28 13:03:02','2021-10-28 09:03:02'),(609,'D',25,282,42,17,105,10,'1',NULL,'2021-10-28 13:03:02','2021-10-28 09:03:02'),(610,'E',25,282,42,17,105,10,'1',NULL,'2021-10-28 13:03:02','2021-10-28 09:03:02'),(611,'O',82,332,47,12,106,7,'1',NULL,'2021-10-29 03:47:09','2021-10-28 23:47:09'),(612,'D',82,332,47,12,106,7,'1',NULL,'2021-10-29 03:47:09','2021-10-28 23:47:09'),(613,'O',83,336,47,12,107,7,'1',NULL,'2021-10-29 04:48:22','2021-10-29 00:48:22'),(614,'D',83,336,47,12,107,7,'1',NULL,'2021-10-29 04:48:22','2021-10-29 00:48:22'),(615,'O',26,336,42,17,108,10,'1',NULL,'2021-10-29 04:59:14','2021-10-29 00:59:14'),(616,'D',26,336,42,17,108,10,'1',NULL,'2021-10-29 04:59:14','2021-10-29 00:59:14'),(617,'E',26,336,42,17,108,10,'1',NULL,'2021-10-29 04:59:14','2021-10-29 00:59:14'),(618,'O',84,338,47,12,109,7,'1',NULL,'2021-10-29 06:06:16','2021-10-29 02:06:16'),(619,'D',84,338,47,12,109,7,'1',NULL,'2021-10-29 06:06:16','2021-10-29 02:06:16'),(620,'O',85,338,47,12,110,7,'1',NULL,'2021-10-29 06:18:01','2021-10-29 02:18:01'),(621,'D',85,338,47,12,110,7,'1',NULL,'2021-10-29 06:18:01','2021-10-29 02:18:01'),(622,'O',38,338,7,13,110,8,'1',NULL,'2021-10-29 06:18:01','2021-10-29 02:18:01'),(623,'D',38,338,7,13,110,8,'1',NULL,'2021-10-29 06:18:01','2021-10-29 02:18:01'),(624,'O',27,282,42,17,111,10,'1',NULL,'2021-10-29 08:36:52','2021-10-29 04:36:52'),(625,'D',27,282,42,17,111,10,'1',NULL,'2021-10-29 08:36:52','2021-10-29 04:36:52'),(626,'E',27,282,42,17,111,10,'1',NULL,'2021-10-29 08:36:52','2021-10-29 04:36:52'),(627,'O',28,282,42,17,111,10,'1',NULL,'2021-10-29 08:36:52','2021-10-29 04:36:52'),(628,'D',28,282,42,17,111,10,'1',NULL,'2021-10-29 08:36:52','2021-10-29 04:36:52'),(629,'E',28,282,42,17,111,10,'1',NULL,'2021-10-29 08:36:52','2021-10-29 04:36:52'),(630,'O',86,334,47,12,112,7,'1',NULL,'2021-10-29 11:07:34','2021-10-29 07:07:34'),(631,'D',86,334,47,12,112,7,'1',NULL,'2021-10-29 11:07:34','2021-10-29 07:07:34'),(632,'O',39,334,7,13,112,8,'1',NULL,'2021-10-29 11:07:34','2021-10-29 07:07:34'),(633,'D',39,334,7,13,112,8,'1',NULL,'2021-10-29 11:07:34','2021-10-29 07:07:34'),(634,'O',87,282,47,12,113,7,'1',NULL,'2021-10-29 11:20:21','2021-10-29 07:20:21'),(635,'D',87,282,47,12,113,7,'1',NULL,'2021-10-29 11:20:21','2021-10-29 07:20:21'),(636,'O',29,282,42,17,113,10,'1',NULL,'2021-10-29 11:20:21','2021-10-29 07:20:21'),(637,'D',29,282,42,17,113,10,'1',NULL,'2021-10-29 11:20:21','2021-10-29 07:20:21'),(638,'E',29,282,42,17,113,10,'1',NULL,'2021-10-29 11:20:21','2021-10-29 07:20:21'),(639,'O',40,282,7,13,113,8,'1',NULL,'2021-10-29 11:20:21','2021-10-29 07:20:21'),(640,'D',40,282,7,13,113,8,'1',NULL,'2021-10-29 11:20:21','2021-10-29 07:20:21'),(641,'O',88,332,47,12,114,7,'1',NULL,'2021-10-29 20:41:38','2021-10-29 16:41:38'),(642,'D',88,332,47,12,114,7,'1',NULL,'2021-10-29 20:41:38','2021-10-29 16:41:38'),(643,'O',89,340,47,12,115,7,'1',NULL,'2021-10-30 04:46:30','2021-10-30 00:46:30'),(644,'D',89,340,47,12,115,7,'1',NULL,'2021-10-30 04:46:30','2021-10-30 00:46:30'),(645,'O',90,340,47,12,116,7,'1',NULL,'2021-10-30 04:51:38','2021-10-30 00:51:38'),(646,'D',90,340,47,12,116,7,'1',NULL,'2021-10-30 04:51:38','2021-10-30 00:51:38'),(647,'O',41,340,7,13,116,8,'1',NULL,'2021-10-30 04:51:38','2021-10-30 00:51:38'),(648,'D',41,340,7,13,116,8,'1',NULL,'2021-10-30 04:51:38','2021-10-30 00:51:38'),(649,'O',91,344,47,12,117,7,'1',NULL,'2021-10-30 23:14:35','2021-10-30 19:14:35'),(650,'D',91,344,47,12,117,7,'1',NULL,'2021-10-30 23:14:35','2021-10-30 19:14:35'),(651,'O',92,332,47,12,118,7,'1',NULL,'2021-10-31 01:12:26','2021-10-30 21:12:26'),(652,'D',92,332,47,12,118,7,'1',NULL,'2021-10-31 01:12:26','2021-10-30 21:12:26'),(653,'O',93,347,47,12,119,7,'1',NULL,'2021-10-31 02:27:39','2021-10-30 22:27:39'),(654,'D',93,347,47,12,119,7,'1',NULL,'2021-10-31 02:27:39','2021-10-30 22:27:39'),(655,'O',30,282,42,17,120,10,'1',NULL,'2021-10-31 10:52:43','2021-10-31 06:52:43'),(656,'E',30,282,42,17,120,10,'1',NULL,'2021-10-31 10:52:43','2021-10-31 06:52:43'),(657,'O',31,282,42,17,120,10,'1',NULL,'2021-10-31 10:52:43','2021-10-31 06:52:43'),(658,'E',31,282,42,17,120,10,'1',NULL,'2021-10-31 10:52:43','2021-10-31 06:52:43'),(659,'O',42,282,7,13,120,8,'1',NULL,'2021-10-31 10:52:43','2021-10-31 06:52:43'),(660,'O',12,282,9,14,120,9,'1',NULL,'2021-10-31 10:52:43','2021-10-31 06:52:43'),(661,'O',94,346,47,12,121,7,'1',NULL,'2021-10-31 11:27:08','2021-10-31 07:27:08'),(662,'D',94,346,47,12,121,7,'1',NULL,'2021-10-31 11:27:08','2021-10-31 07:27:08'),(663,'O',32,332,42,17,122,10,'1',NULL,'2021-10-31 15:06:40','2021-10-31 11:06:40'),(664,'D',32,332,42,17,122,10,'1',NULL,'2021-10-31 15:06:40','2021-10-31 11:06:40'),(665,'E',32,332,42,17,122,10,'1',NULL,'2021-10-31 15:06:40','2021-10-31 11:06:40'),(666,'O',95,350,47,12,123,7,'1',NULL,'2021-11-01 05:33:33','2021-11-01 01:33:33'),(667,'D',95,350,47,12,123,7,'1',NULL,'2021-11-01 05:33:33','2021-11-01 01:33:33'),(668,'O',96,332,47,12,124,7,'1',NULL,'2021-11-01 15:02:28','2021-11-01 11:02:28'),(669,'D',96,332,47,12,124,7,'1',NULL,'2021-11-01 15:02:28','2021-11-01 11:02:28'),(670,'O',97,281,47,12,125,7,'1',NULL,'2021-11-01 23:14:13','2021-11-01 19:14:13'),(671,'D',97,281,47,12,125,7,'1',NULL,'2021-11-01 23:14:13','2021-11-01 19:14:13'),(672,'O',98,281,47,12,126,7,'1',NULL,'2021-11-01 23:22:28','2021-11-01 19:22:28'),(673,'D',98,281,47,12,126,7,'1',NULL,'2021-11-01 23:22:28','2021-11-01 19:22:28'),(674,'O',99,317,47,12,127,7,'1',NULL,'2021-11-02 12:07:30','2021-11-02 08:07:30'),(675,'D',99,317,47,12,127,7,'1',NULL,'2021-11-02 12:07:30','2021-11-02 08:07:30'),(676,'O',43,361,7,13,128,8,'1',NULL,'2021-11-02 14:52:03','2021-11-02 10:52:03'),(677,'O',44,64,7,13,129,8,'1',NULL,'2021-11-02 16:26:00','2021-11-02 12:26:00'),(678,'D',44,64,7,13,129,8,'1',NULL,'2021-11-02 16:26:00','2021-11-02 12:26:00'),(679,'O',45,64,7,13,129,8,'1',NULL,'2021-11-02 16:26:00','2021-11-02 12:26:00'),(680,'D',45,64,7,13,129,8,'1',NULL,'2021-11-02 16:26:00','2021-11-02 12:26:00'),(681,'O',100,332,47,12,130,7,'1',NULL,'2021-11-03 00:56:45','2021-11-02 20:56:45'),(682,'D',100,332,47,12,130,7,'1',NULL,'2021-11-03 00:56:45','2021-11-02 20:56:45'),(683,'O',101,362,47,12,131,7,'1',NULL,'2021-11-03 19:25:27','2021-11-03 15:25:27'),(684,'D',101,362,47,12,131,7,'1',NULL,'2021-11-03 19:25:27','2021-11-03 15:25:27'),(685,'O',33,362,42,17,131,10,'1',NULL,'2021-11-03 19:25:27','2021-11-03 15:25:27'),(686,'D',33,362,42,17,131,10,'1',NULL,'2021-11-03 19:25:27','2021-11-03 15:25:27'),(687,'E',33,362,42,17,131,10,'1',NULL,'2021-11-03 19:25:27','2021-11-03 15:25:27'),(688,'O',46,362,7,13,131,8,'1',NULL,'2021-11-03 19:25:27','2021-11-03 15:25:27'),(689,'D',46,362,7,13,131,8,'1',NULL,'2021-11-03 19:25:27','2021-11-03 15:25:27'),(690,'O',13,362,9,14,131,9,'1',NULL,'2021-11-03 19:25:27','2021-11-03 15:25:27'),(691,'D',13,362,9,14,131,9,'1',NULL,'2021-11-03 19:25:27','2021-11-03 15:25:27'),(692,'O',34,282,42,17,132,10,'1',NULL,'2021-11-03 21:06:46','2021-11-03 17:06:46'),(693,'E',34,282,42,17,132,10,'1',NULL,'2021-11-03 21:06:46','2021-11-03 17:06:46'),(694,'O',35,282,42,17,132,10,'1',NULL,'2021-11-03 21:06:46','2021-11-03 17:06:46'),(695,'E',35,282,42,17,132,10,'1',NULL,'2021-11-03 21:06:46','2021-11-03 17:06:46'),(696,'O',36,282,42,17,132,10,'1',NULL,'2021-11-03 21:06:46','2021-11-03 17:06:46'),(697,'E',36,282,42,17,132,10,'1',NULL,'2021-11-03 21:06:46','2021-11-03 17:06:46'),(698,'O',47,282,7,13,132,8,'1',NULL,'2021-11-03 21:06:47','2021-11-03 17:06:47'),(699,'O',48,282,7,13,132,8,'1',NULL,'2021-11-03 21:06:47','2021-11-03 17:06:47'),(700,'O',14,282,9,14,132,9,'1',NULL,'2021-11-03 21:06:47','2021-11-03 17:06:47'),(701,'O',102,332,47,12,133,7,'1',NULL,'2021-11-04 12:34:19','2021-11-04 08:34:19'),(702,'D',102,332,47,12,133,7,'1',NULL,'2021-11-04 12:34:19','2021-11-04 08:34:19'),(703,'O',103,281,47,12,134,7,'1',NULL,'2021-11-05 07:31:44','2021-11-05 03:31:44'),(704,'D',103,281,47,12,134,7,'1',NULL,'2021-11-05 07:31:44','2021-11-05 03:31:44'),(705,'O',49,365,7,13,135,8,'1',NULL,'2021-11-05 08:51:30','2021-11-05 04:51:30'),(706,'O',50,281,7,13,136,8,'1',NULL,'2021-11-05 09:56:51','2021-11-05 05:56:51'),(707,'O',104,282,47,12,137,7,'1',NULL,'2021-11-05 10:05:25','2021-11-05 06:05:25'),(708,'D',104,282,47,12,137,7,'1',NULL,'2021-11-05 10:05:25','2021-11-05 06:05:25'),(709,'O',105,368,47,12,138,7,'1',NULL,'2021-11-05 19:40:11','2021-11-05 15:40:11'),(710,'D',105,368,47,12,138,7,'1',NULL,'2021-11-05 19:40:11','2021-11-05 15:40:11'),(711,'O',51,81,7,13,139,8,'1',NULL,'2021-11-06 10:53:06','2021-11-06 06:53:06'),(712,'D',51,81,7,13,139,8,'1',NULL,'2021-11-06 10:53:06','2021-11-06 06:53:06'),(713,'O',52,81,7,13,139,8,'1',NULL,'2021-11-06 10:53:06','2021-11-06 06:53:06'),(714,'D',52,81,7,13,139,8,'1',NULL,'2021-11-06 10:53:06','2021-11-06 06:53:06'),(715,'O',53,81,7,13,139,8,'1',NULL,'2021-11-06 10:53:06','2021-11-06 06:53:06'),(716,'D',53,81,7,13,139,8,'1',NULL,'2021-11-06 10:53:06','2021-11-06 06:53:06'),(717,'O',106,371,47,12,140,7,'1',NULL,'2021-11-06 12:05:54','2021-11-06 08:05:54'),(718,'D',106,371,47,12,140,7,'1',NULL,'2021-11-06 12:05:54','2021-11-06 08:05:54'),(719,'O',107,372,47,12,141,7,'1',NULL,'2021-11-06 13:32:30','2021-11-06 09:32:30'),(720,'D',107,372,47,12,141,7,'1',NULL,'2021-11-06 13:32:30','2021-11-06 09:32:30'),(721,'O',108,373,47,12,142,7,'1',NULL,'2021-11-06 13:51:54','2021-11-06 09:51:54'),(722,'D',108,373,47,12,142,7,'1',NULL,'2021-11-06 13:51:54','2021-11-06 09:51:54'),(723,'O',15,375,9,14,143,9,'1',NULL,'2021-11-06 14:09:13','2021-11-06 10:09:13'),(724,'D',15,375,9,14,143,9,'1',NULL,'2021-11-06 14:09:13','2021-11-06 10:09:13'),(725,'O',109,332,47,12,144,7,'1',NULL,'2021-11-06 15:55:41','2021-11-06 11:55:41'),(726,'D',109,332,47,12,144,7,'1',NULL,'2021-11-06 15:55:41','2021-11-06 11:55:41'),(727,'O',110,332,47,12,145,7,'1',NULL,'2021-11-06 15:58:19','2021-11-06 11:58:19'),(728,'D',110,332,47,12,145,7,'1',NULL,'2021-11-06 15:58:19','2021-11-06 11:58:19'),(729,'O',111,332,47,12,145,7,'1',NULL,'2021-11-06 15:58:19','2021-11-06 11:58:19'),(730,'D',111,332,47,12,145,7,'1',NULL,'2021-11-06 15:58:19','2021-11-06 11:58:19'),(731,'O',112,332,47,12,145,7,'1',NULL,'2021-11-06 15:58:19','2021-11-06 11:58:19'),(732,'D',112,332,47,12,145,7,'1',NULL,'2021-11-06 15:58:19','2021-11-06 11:58:19'),(733,'O',113,332,47,12,145,7,'1',NULL,'2021-11-06 15:58:19','2021-11-06 11:58:19'),(734,'D',113,332,47,12,145,7,'1',NULL,'2021-11-06 15:58:19','2021-11-06 11:58:19'),(735,'O',114,332,47,12,145,7,'1',NULL,'2021-11-06 15:58:19','2021-11-06 11:58:19'),(736,'D',114,332,47,12,145,7,'1',NULL,'2021-11-06 15:58:19','2021-11-06 11:58:19'),(737,'O',37,232,42,17,146,10,'1',NULL,'2021-11-06 21:15:11','2021-11-06 17:15:11'),(738,'D',37,232,42,17,146,10,'1',NULL,'2021-11-06 21:15:11','2021-11-06 17:15:11'),(739,'E',37,232,42,17,146,10,'1',NULL,'2021-11-06 21:15:11','2021-11-06 17:15:11'),(740,'O',115,376,47,12,147,7,'1',NULL,'2021-11-06 21:21:10','2021-11-06 17:21:10'),(741,'D',115,376,47,12,147,7,'1',NULL,'2021-11-06 21:21:10','2021-11-06 17:21:10'),(742,'O',116,376,47,12,147,7,'1',NULL,'2021-11-06 21:21:10','2021-11-06 17:21:10'),(743,'D',116,376,47,12,147,7,'1',NULL,'2021-11-06 21:21:10','2021-11-06 17:21:10'),(744,'O',117,376,47,12,147,7,'1',NULL,'2021-11-06 21:21:10','2021-11-06 17:21:10'),(745,'D',117,376,47,12,147,7,'1',NULL,'2021-11-06 21:21:10','2021-11-06 17:21:10'),(746,'O',118,376,47,12,147,7,'1',NULL,'2021-11-06 21:21:10','2021-11-06 17:21:10'),(747,'D',118,376,47,12,147,7,'1',NULL,'2021-11-06 21:21:10','2021-11-06 17:21:10'),(748,'O',38,376,42,17,147,10,'1',NULL,'2021-11-06 21:21:10','2021-11-06 17:21:10'),(749,'D',38,376,42,17,147,10,'1',NULL,'2021-11-06 21:21:10','2021-11-06 17:21:10'),(750,'E',38,376,42,17,147,10,'1',NULL,'2021-11-06 21:21:10','2021-11-06 17:21:10'),(751,'O',54,376,7,13,147,8,'1',NULL,'2021-11-06 21:21:10','2021-11-06 17:21:10'),(752,'D',54,376,7,13,147,8,'1',NULL,'2021-11-06 21:21:10','2021-11-06 17:21:10'),(753,'O',16,376,9,14,147,9,'1',NULL,'2021-11-06 21:21:10','2021-11-06 17:21:10'),(754,'D',16,376,9,14,147,9,'1',NULL,'2021-11-06 21:21:10','2021-11-06 17:21:10'),(755,'O',119,377,47,12,148,7,'1',NULL,'2021-11-06 21:55:47','2021-11-06 17:55:47'),(756,'D',119,377,47,12,148,7,'1',NULL,'2021-11-06 21:55:47','2021-11-06 17:55:47'),(757,'O',120,378,47,12,149,7,'1',NULL,'2021-11-07 01:51:03','2021-11-06 21:51:03'),(758,'O',121,378,47,12,149,7,'1',NULL,'2021-11-07 01:51:03','2021-11-06 21:51:03'),(759,'O',122,378,47,12,149,7,'1',NULL,'2021-11-07 01:51:03','2021-11-06 21:51:03'),(760,'O',55,378,7,13,149,8,'1',NULL,'2021-11-07 01:51:03','2021-11-06 21:51:03'),(761,'O',56,378,7,13,149,8,'1',NULL,'2021-11-07 01:51:03','2021-11-06 21:51:03'),(762,'O',39,361,42,17,150,10,'1',NULL,'2021-11-07 11:18:51','2021-11-07 07:18:51'),(763,'E',39,361,42,17,150,10,'1',NULL,'2021-11-07 11:18:51','2021-11-07 07:18:51'),(764,'O',17,361,9,14,150,9,'1',NULL,'2021-11-07 11:18:51','2021-11-07 07:18:51'),(765,'O',123,332,47,12,151,7,'1',NULL,'2021-11-08 00:46:57','2021-11-07 20:46:57'),(766,'D',123,332,47,12,151,7,'1',NULL,'2021-11-08 00:46:57','2021-11-07 20:46:57'),(767,'O',18,332,9,14,152,9,'1',NULL,'2021-11-08 00:49:26','2021-11-07 20:49:26'),(768,'D',18,332,9,14,152,9,'1',NULL,'2021-11-08 00:49:26','2021-11-07 20:49:26'),(769,'O',124,382,47,12,153,7,'1',NULL,'2021-11-08 19:07:03','2021-11-08 15:07:03'),(770,'D',124,382,47,12,153,7,'1',NULL,'2021-11-08 19:07:03','2021-11-08 15:07:03'),(771,'O',125,382,47,12,153,7,'1',NULL,'2021-11-08 19:07:03','2021-11-08 15:07:03'),(772,'D',125,382,47,12,153,7,'1',NULL,'2021-11-08 19:07:03','2021-11-08 15:07:03'),(773,'O',126,382,47,12,153,7,'1',NULL,'2021-11-08 19:07:03','2021-11-08 15:07:03'),(774,'D',126,382,47,12,153,7,'1',NULL,'2021-11-08 19:07:03','2021-11-08 15:07:03'),(775,'O',127,382,47,12,153,7,'1',NULL,'2021-11-08 19:07:03','2021-11-08 15:07:03'),(776,'D',127,382,47,12,153,7,'1',NULL,'2021-11-08 19:07:03','2021-11-08 15:07:03'),(777,'O',128,382,47,12,153,7,'1',NULL,'2021-11-08 19:07:03','2021-11-08 15:07:03'),(778,'D',128,382,47,12,153,7,'1',NULL,'2021-11-08 19:07:03','2021-11-08 15:07:03'),(779,'O',129,282,47,12,154,7,'1',NULL,'2021-11-08 19:52:01','2021-11-08 15:52:01'),(780,'D',129,282,47,12,154,7,'1',NULL,'2021-11-08 19:52:01','2021-11-08 15:52:01'),(781,'O',40,282,42,17,154,10,'1',NULL,'2021-11-08 19:52:01','2021-11-08 15:52:01'),(782,'D',40,282,42,17,154,10,'1',NULL,'2021-11-08 19:52:01','2021-11-08 15:52:01'),(783,'E',40,282,42,17,154,10,'1',NULL,'2021-11-08 19:52:01','2021-11-08 15:52:01'),(784,'O',130,332,47,12,155,7,'1',NULL,'2021-11-08 20:19:02','2021-11-08 16:19:02'),(785,'D',130,332,47,12,155,7,'1',NULL,'2021-11-08 20:19:02','2021-11-08 16:19:02'),(786,'O',1,281,12,20,156,5,'1',NULL,'2021-11-09 17:01:03','2021-11-09 13:01:03'),(787,'D',1,281,12,20,156,5,'1',NULL,'2021-11-09 17:01:03','2021-11-09 13:01:03'),(788,'E',1,281,12,20,156,5,'1',NULL,'2021-11-09 17:01:03','2021-11-09 13:01:03'),(789,'O',1,281,44,35,156,18,'1',NULL,'2021-11-09 17:01:03','2021-11-09 13:01:03'),(790,'D',1,281,44,35,156,18,'1',NULL,'2021-11-09 17:01:03','2021-11-09 13:01:03'),(791,'E',1,281,44,35,156,18,'1',NULL,'2021-11-09 17:01:03','2021-11-09 13:01:03'),(792,'O',2,223,44,35,157,18,'1',NULL,'2021-11-09 17:11:10','2021-11-09 13:11:10'),(793,'D',2,223,44,35,157,18,'1',NULL,'2021-11-09 17:11:10','2021-11-09 13:11:10'),(794,'E',2,223,44,35,157,18,'1',NULL,'2021-11-09 17:11:10','2021-11-09 13:11:10'),(795,'O',131,362,47,12,158,7,'1',NULL,'2021-11-09 17:24:10','2021-11-09 13:24:10'),(796,'D',131,362,47,12,158,7,'1',NULL,'2021-11-09 17:24:10','2021-11-09 13:24:10'),(797,'O',41,362,42,17,158,10,'1',NULL,'2021-11-09 17:24:10','2021-11-09 13:24:10'),(798,'D',41,362,42,17,158,10,'1',NULL,'2021-11-09 17:24:10','2021-11-09 13:24:10'),(799,'O',57,362,7,13,158,8,'1',NULL,'2021-11-09 17:24:10','2021-11-09 13:24:10'),(800,'D',57,362,7,13,158,8,'1',NULL,'2021-11-09 17:24:10','2021-11-09 13:24:10'),(801,'O',3,362,44,35,158,18,'1',NULL,'2021-11-09 17:24:10','2021-11-09 13:24:10'),(802,'D',3,362,44,35,158,18,'1',NULL,'2021-11-09 17:24:10','2021-11-09 13:24:10'),(803,'E',3,362,44,35,158,18,'1',NULL,'2021-11-09 17:24:10','2021-11-09 13:24:10'),(804,'O',2,281,12,20,159,5,'1',NULL,'2021-11-09 17:26:27','2021-11-09 13:26:27'),(805,'D',2,281,12,20,159,5,'1',NULL,'2021-11-09 17:26:27','2021-11-09 13:26:27'),(806,'E',2,281,12,20,159,5,'1',NULL,'2021-11-09 17:26:27','2021-11-09 13:26:27'),(807,'O',42,281,42,17,159,10,'1',NULL,'2021-11-09 17:26:27','2021-11-09 13:26:27'),(808,'D',42,281,42,17,159,10,'1',NULL,'2021-11-09 17:26:27','2021-11-09 13:26:27'),(809,'O',19,281,9,14,159,9,'1',NULL,'2021-11-09 17:26:27','2021-11-09 13:26:27'),(810,'D',19,281,9,14,159,9,'1',NULL,'2021-11-09 17:26:27','2021-11-09 13:26:27'),(811,'O',3,381,12,20,160,5,'1',NULL,'2021-11-09 18:21:53','2021-11-09 14:21:53'),(812,'D',3,381,12,20,160,5,'1',NULL,'2021-11-09 18:21:53','2021-11-09 14:21:53'),(813,'E',3,381,12,20,160,5,'1',NULL,'2021-11-09 18:21:53','2021-11-09 14:21:53'),(814,'O',43,381,42,17,160,10,'1',NULL,'2021-11-09 18:21:53','2021-11-09 14:21:53'),(815,'D',43,381,42,17,160,10,'1',NULL,'2021-11-09 18:21:53','2021-11-09 14:21:53'),(816,'O',20,381,9,14,160,9,'1',NULL,'2021-11-09 18:21:53','2021-11-09 14:21:53'),(817,'D',20,381,9,14,160,9,'1',NULL,'2021-11-09 18:21:53','2021-11-09 14:21:53'),(818,'O',132,332,47,12,161,7,'1',NULL,'2021-11-09 20:59:30','2021-11-09 16:59:30'),(819,'D',132,332,47,12,161,7,'1',NULL,'2021-11-09 20:59:30','2021-11-09 16:59:30'),(820,'O',133,332,47,12,161,7,'1',NULL,'2021-11-09 20:59:30','2021-11-09 16:59:30'),(821,'D',133,332,47,12,161,7,'1',NULL,'2021-11-09 20:59:30','2021-11-09 16:59:30'),(822,'O',134,385,47,12,162,7,'1',NULL,'2021-11-10 00:30:36','2021-11-09 20:30:36'),(823,'D',134,385,47,12,162,7,'1',NULL,'2021-11-10 00:30:36','2021-11-09 20:30:36'),(824,'O',135,385,47,12,162,7,'1',NULL,'2021-11-10 00:30:36','2021-11-09 20:30:36'),(825,'D',135,385,47,12,162,7,'1',NULL,'2021-11-10 00:30:36','2021-11-09 20:30:36'),(826,'O',58,385,7,13,162,8,'1',NULL,'2021-11-10 00:30:36','2021-11-09 20:30:36'),(827,'D',58,385,7,13,162,8,'1',NULL,'2021-11-10 00:30:36','2021-11-09 20:30:36'),(828,'O',59,385,7,13,162,8,'1',NULL,'2021-11-10 00:30:36','2021-11-09 20:30:36'),(829,'D',59,385,7,13,162,8,'1',NULL,'2021-11-10 00:30:36','2021-11-09 20:30:36'),(830,'O',1,281,12,34,163,17,'1',NULL,'2021-11-10 10:36:48','2021-11-10 06:36:48'),(831,'D',1,281,12,34,163,17,'1',NULL,'2021-11-10 10:36:48','2021-11-10 06:36:48'),(832,'E',1,281,12,34,163,17,'1',NULL,'2021-11-10 10:36:48','2021-11-10 06:36:48'),(833,'O',1,281,42,32,163,15,'1',NULL,'2021-11-10 10:36:48','2021-11-10 06:36:48'),(834,'D',1,281,42,32,163,15,'1',NULL,'2021-11-10 10:36:48','2021-11-10 06:36:48'),(835,'E',1,281,42,32,163,15,'1',NULL,'2021-11-10 10:36:48','2021-11-10 06:36:48'),(836,'O',1,281,9,33,163,16,'1',NULL,'2021-11-10 10:36:48','2021-11-10 06:36:48'),(837,'D',1,281,9,33,163,16,'1',NULL,'2021-11-10 10:36:48','2021-11-10 06:36:48'),(838,'E',1,281,9,33,163,16,'1',NULL,'2021-11-10 10:36:48','2021-11-10 06:36:48'),(839,'O',136,361,47,12,164,7,'1',NULL,'2021-11-10 15:30:09','2021-11-10 11:30:09'),(840,'D',136,361,47,12,164,7,'1',NULL,'2021-11-10 15:30:09','2021-11-10 11:30:09'),(841,'E',136,361,47,12,164,7,'1',NULL,'2021-11-10 15:30:09','2021-11-10 11:30:09'),(842,'O',60,281,7,13,165,8,'1',NULL,'2021-11-11 11:31:33','2021-11-11 07:31:33'),(843,'D',60,281,7,13,165,8,'1',NULL,'2021-11-11 11:31:33','2021-11-11 07:31:33'),(844,'O',61,281,7,13,165,8,'1',NULL,'2021-11-11 11:31:33','2021-11-11 07:31:33'),(845,'D',61,281,7,13,165,8,'1',NULL,'2021-11-11 11:31:33','2021-11-11 07:31:33'),(846,'O',62,281,7,13,165,8,'1',NULL,'2021-11-11 11:31:33','2021-11-11 07:31:33'),(847,'D',62,281,7,13,165,8,'1',NULL,'2021-11-11 11:31:33','2021-11-11 07:31:33'),(848,'O',63,381,7,13,166,8,'1',NULL,'2021-11-11 11:38:20','2021-11-11 07:38:20'),(849,'D',63,381,7,13,166,8,'1',NULL,'2021-11-11 11:38:20','2021-11-11 07:38:20'),(850,'O',64,381,7,13,166,8,'1',NULL,'2021-11-11 11:38:20','2021-11-11 07:38:20'),(851,'D',64,381,7,13,166,8,'1',NULL,'2021-11-11 11:38:20','2021-11-11 07:38:20'),(852,'O',65,381,7,13,166,8,'1',NULL,'2021-11-11 11:38:20','2021-11-11 07:38:20'),(853,'D',65,381,7,13,166,8,'1',NULL,'2021-11-11 11:38:20','2021-11-11 07:38:20'),(854,'O',2,282,42,32,167,15,'1',NULL,'2021-11-11 20:08:14','2021-11-11 16:08:14'),(855,'E',2,282,42,32,167,15,'1',NULL,'2021-11-11 20:08:14','2021-11-11 16:08:14'),(856,'O',2,399,12,34,168,17,'1',NULL,'2021-11-13 11:45:57','2021-11-13 07:45:57'),(857,'D',2,399,12,34,168,17,'1',NULL,'2021-11-13 11:45:57','2021-11-13 07:45:57'),(858,'E',2,399,12,34,168,17,'1',NULL,'2021-11-13 11:45:57','2021-11-13 07:45:57'),(859,'O',3,401,12,34,169,17,'1',NULL,'2021-11-15 10:43:33','2021-11-15 06:43:33'),(860,'D',3,401,12,34,169,17,'1',NULL,'2021-11-15 10:43:33','2021-11-15 06:43:33'),(861,'E',3,401,12,34,169,17,'1',NULL,'2021-11-15 10:43:33','2021-11-15 06:43:33'),(862,'O',4,401,12,34,169,17,'1',NULL,'2021-11-15 10:43:33','2021-11-15 06:43:33'),(863,'D',4,401,12,34,169,17,'1',NULL,'2021-11-15 10:43:33','2021-11-15 06:43:33'),(864,'E',4,401,12,34,169,17,'1',NULL,'2021-11-15 10:43:33','2021-11-15 06:43:33'),(865,'O',4,401,44,35,169,18,'1',NULL,'2021-11-15 10:43:33','2021-11-15 06:43:33'),(866,'D',4,401,44,35,169,18,'1',NULL,'2021-11-15 10:43:33','2021-11-15 06:43:33'),(867,'E',4,401,44,35,169,18,'1',NULL,'2021-11-15 10:43:33','2021-11-15 06:43:33'),(868,'O',5,401,44,35,170,18,'1',NULL,'2021-11-15 10:50:22','2021-11-15 06:50:22'),(869,'D',5,401,44,35,170,18,'1',NULL,'2021-11-15 10:50:22','2021-11-15 06:50:22'),(870,'E',5,401,44,35,170,18,'1',NULL,'2021-11-15 10:50:22','2021-11-15 06:50:22'),(871,'O',6,401,44,35,170,18,'1',NULL,'2021-11-15 10:50:22','2021-11-15 06:50:22'),(872,'D',6,401,44,35,170,18,'1',NULL,'2021-11-15 10:50:22','2021-11-15 06:50:22'),(873,'E',6,401,44,35,170,18,'1',NULL,'2021-11-15 10:50:22','2021-11-15 06:50:22'),(874,'O',3,332,42,32,171,15,'1',NULL,'2021-11-16 01:34:47','2021-11-15 21:34:47'),(875,'D',3,332,42,32,171,15,'1',NULL,'2021-11-16 01:34:47','2021-11-15 21:34:47'),(876,'E',3,332,42,32,171,15,'1',NULL,'2021-11-16 01:34:47','2021-11-15 21:34:47'),(877,'O',2,281,9,33,172,16,'1',NULL,'2021-11-17 15:08:16','2021-11-17 11:08:16'),(878,'D',2,281,9,33,172,16,'1',NULL,'2021-11-17 15:08:16','2021-11-17 11:08:16'),(879,'E',2,281,9,33,172,16,'1',NULL,'2021-11-17 15:08:16','2021-11-17 11:08:16'),(880,'O',3,388,9,33,173,16,'1',NULL,'2021-11-17 15:17:13','2021-11-17 11:17:13'),(881,'D',3,388,9,33,173,16,'1',NULL,'2021-11-17 15:17:13','2021-11-17 11:17:13'),(882,'E',3,388,9,33,173,16,'1',NULL,'2021-11-17 15:17:13','2021-11-17 11:17:13'),(883,'O',4,388,9,33,173,16,'1',NULL,'2021-11-17 15:17:13','2021-11-17 11:17:13'),(884,'D',4,388,9,33,173,16,'1',NULL,'2021-11-17 15:17:13','2021-11-17 11:17:13'),(885,'E',4,388,9,33,173,16,'1',NULL,'2021-11-17 15:17:13','2021-11-17 11:17:13'),(886,'O',4,401,42,32,174,15,'1',NULL,'2021-11-17 15:30:26','2021-11-17 11:30:26'),(887,'D',4,401,42,32,174,15,'1',NULL,'2021-11-17 15:30:26','2021-11-17 11:30:26'),(888,'E',4,401,42,32,174,15,'1',NULL,'2021-11-17 15:30:26','2021-11-17 11:30:26');
/*!40000 ALTER TABLE `tickets` ENABLE KEYS */;
UNLOCK TABLES;

--
-- Table structure for table `tickets_types`
--

DROP TABLE IF EXISTS `tickets_types`;
/*!40101 SET @saved_cs_client     = @@character_set_client */;
/*!40101 SET character_set_client = utf8 */;
CREATE TABLE `tickets_types` (
  `id` int(11) NOT NULL AUTO_INCREMENT,
  `inner_type` varchar(11) NOT NULL,
  `ticket_id` int(11) NOT NULL,
  `campaign_id` int(11) NOT NULL,
  `orders_id` int(11) NOT NULL,
  `status` int(11) NOT NULL DEFAULT '1',
  `created_at` timestamp NOT NULL DEFAULT CURRENT_TIMESTAMP,
  `updated_at` timestamp NOT NULL DEFAULT CURRENT_TIMESTAMP ON UPDATE CURRENT_TIMESTAMP,
  PRIMARY KEY (`id`)
) ENGINE=InnoDB DEFAULT CHARSET=latin1;
/*!40101 SET character_set_client = @saved_cs_client */;

--
-- Dumping data for table `tickets_types`
--

LOCK TABLES `tickets_types` WRITE;
/*!40000 ALTER TABLE `tickets_types` DISABLE KEYS */;
/*!40000 ALTER TABLE `tickets_types` ENABLE KEYS */;
UNLOCK TABLES;

--
-- Table structure for table `top_offers`
--

DROP TABLE IF EXISTS `top_offers`;
/*!40101 SET @saved_cs_client     = @@character_set_client */;
/*!40101 SET character_set_client = utf8 */;
CREATE TABLE `top_offers` (
  `top_offers_id` int(11) NOT NULL AUTO_INCREMENT,
  `top_offers_text` text COLLATE utf8mb4_unicode_ci NOT NULL,
  `created_at` timestamp NOT NULL DEFAULT CURRENT_TIMESTAMP,
  `updated_at` timestamp NULL DEFAULT NULL,
  `language_id` int(11) NOT NULL,
  PRIMARY KEY (`top_offers_id`)
) ENGINE=MyISAM AUTO_INCREMENT=4 DEFAULT CHARSET=utf8mb4 COLLATE=utf8mb4_unicode_ci;
/*!40101 SET character_set_client = @saved_cs_client */;

--
-- Dumping data for table `top_offers`
--

LOCK TABLES `top_offers` WRITE;
/*!40000 ALTER TABLE `top_offers` DISABLE KEYS */;
INSERT INTO `top_offers` VALUES (1,'Get<strong> UPTO 40% OFF </strong>on your 1st order\r\n <div class=\\\"pro-link-dropdown js-toppanel-link-dropdown\\\">\r\n <a href=\\\"/shop\\\" class=\\\"pro-dropdown-toggle\\\">\r\nSHOP NOW\r\n</a>\r\n</div>','2020-04-02 15:56:52','2020-04-02 16:10:12',1),(2,'<p>Get<strong> UPTO 40% OFF </strong>on your 1st order <strong> <a href=\\\"#\\\"> More details </a> </strong></p>','2020-04-02 15:56:52','2020-02-04 01:26:53',2),(3,'احصل على <strong> خصم يصل إلى 40٪ </ strong> على طلبك الأول\r\n <div class = \\\"pro-link-dropdown js-toppanel-link-dropdown\\\">\r\n <a href=\\\"/shop\\\" class=\\\"pro-dropdown-toggle\\\">\r\nتسوق الآن\r\n</a>\r\n</div>','2020-04-02 15:56:52','2020-04-02 16:10:12',4);
/*!40000 ALTER TABLE `top_offers` ENABLE KEYS */;
UNLOCK TABLES;

--
-- Table structure for table `units`
--

DROP TABLE IF EXISTS `units`;
/*!40101 SET @saved_cs_client     = @@character_set_client */;
/*!40101 SET character_set_client = utf8 */;
CREATE TABLE `units` (
  `unit_id` int(10) unsigned NOT NULL AUTO_INCREMENT,
  `is_active` tinyint(1) NOT NULL,
  `date_added` datetime DEFAULT NULL,
  `last_modified` datetime DEFAULT NULL,
  `created_at` timestamp NULL DEFAULT NULL,
  `updated_at` timestamp NULL DEFAULT NULL,
  PRIMARY KEY (`unit_id`)
) ENGINE=MyISAM AUTO_INCREMENT=6 DEFAULT CHARSET=utf8mb4 COLLATE=utf8mb4_unicode_ci;
/*!40101 SET character_set_client = @saved_cs_client */;

--
-- Dumping data for table `units`
--

LOCK TABLES `units` WRITE;
/*!40000 ALTER TABLE `units` DISABLE KEYS */;
INSERT INTO `units` VALUES (1,1,NULL,NULL,'2019-01-01 13:04:18','2019-01-01 13:04:18'),(2,1,NULL,NULL,'2019-01-01 13:04:18','2019-01-01 13:04:18');
/*!40000 ALTER TABLE `units` ENABLE KEYS */;
UNLOCK TABLES;

--
-- Table structure for table `units_descriptions`
--

DROP TABLE IF EXISTS `units_descriptions`;
/*!40101 SET @saved_cs_client     = @@character_set_client */;
/*!40101 SET character_set_client = utf8 */;
CREATE TABLE `units_descriptions` (
  `units_description_id` int(10) unsigned NOT NULL AUTO_INCREMENT,
  `units_name` varchar(191) COLLATE utf8mb4_unicode_ci NOT NULL,
  `languages_id` int(11) NOT NULL,
  `unit_id` int(11) NOT NULL,
  `created_at` timestamp NULL DEFAULT NULL,
  `updated_at` timestamp NULL DEFAULT NULL,
  PRIMARY KEY (`units_description_id`)
) ENGINE=MyISAM AUTO_INCREMENT=4 DEFAULT CHARSET=utf8mb4 COLLATE=utf8mb4_unicode_ci;
/*!40101 SET character_set_client = @saved_cs_client */;

--
-- Dumping data for table `units_descriptions`
--

LOCK TABLES `units_descriptions` WRITE;
/*!40000 ALTER TABLE `units_descriptions` DISABLE KEYS */;
INSERT INTO `units_descriptions` VALUES (1,'kg',1,3,NULL,NULL),(2,'Gram',1,4,NULL,NULL);
/*!40000 ALTER TABLE `units_descriptions` ENABLE KEYS */;
UNLOCK TABLES;

--
-- Table structure for table `ups_shipping`
--

DROP TABLE IF EXISTS `ups_shipping`;
/*!40101 SET @saved_cs_client     = @@character_set_client */;
/*!40101 SET character_set_client = utf8 */;
CREATE TABLE `ups_shipping` (
  `ups_id` int(11) NOT NULL AUTO_INCREMENT,
  `pickup_method` varchar(191) COLLATE utf8mb4_unicode_ci NOT NULL,
  `isDisplayCal` varchar(191) COLLATE utf8mb4_unicode_ci NOT NULL,
  `serviceType` varchar(191) COLLATE utf8mb4_unicode_ci NOT NULL,
  `shippingEnvironment` varchar(191) COLLATE utf8mb4_unicode_ci NOT NULL,
  `user_name` varchar(191) COLLATE utf8mb4_unicode_ci NOT NULL,
  `access_key` varchar(191) COLLATE utf8mb4_unicode_ci NOT NULL,
  `password` varchar(191) COLLATE utf8mb4_unicode_ci NOT NULL,
  `person_name` varchar(191) COLLATE utf8mb4_unicode_ci NOT NULL,
  `company_name` varchar(191) COLLATE utf8mb4_unicode_ci NOT NULL,
  `phone_number` varchar(191) COLLATE utf8mb4_unicode_ci NOT NULL,
  `address_line_1` varchar(191) COLLATE utf8mb4_unicode_ci NOT NULL,
  `address_line_2` varchar(191) COLLATE utf8mb4_unicode_ci NOT NULL,
  `country` varchar(191) COLLATE utf8mb4_unicode_ci NOT NULL,
  `state` varchar(191) COLLATE utf8mb4_unicode_ci NOT NULL,
  `post_code` varchar(191) COLLATE utf8mb4_unicode_ci NOT NULL,
  `city` varchar(191) COLLATE utf8mb4_unicode_ci NOT NULL,
  `no_of_package` varchar(191) COLLATE utf8mb4_unicode_ci NOT NULL,
  `parcel_height` varchar(191) COLLATE utf8mb4_unicode_ci NOT NULL,
  `parcel_width` varchar(191) COLLATE utf8mb4_unicode_ci NOT NULL,
  `title` varchar(191) COLLATE utf8mb4_unicode_ci NOT NULL,
  PRIMARY KEY (`ups_id`)
) ENGINE=MyISAM AUTO_INCREMENT=2 DEFAULT CHARSET=utf8mb4 COLLATE=utf8mb4_unicode_ci;
/*!40101 SET character_set_client = @saved_cs_client */;

--
-- Dumping data for table `ups_shipping`
--

LOCK TABLES `ups_shipping` WRITE;
/*!40000 ALTER TABLE `ups_shipping` DISABLE KEYS */;
INSERT INTO `ups_shipping` VALUES (1,'07','','US_01,US_02,US_03,US_12,US_13,US_14,US_59','0','nyblueprint','FCD7C8F94CB5EF46','delfia11','','','','D Ground','','US','NY','10312','New York City','','','','');
/*!40000 ALTER TABLE `ups_shipping` ENABLE KEYS */;
UNLOCK TABLES;

--
-- Table structure for table `user_export_2021_01_25_11_17_49`
--

DROP TABLE IF EXISTS `user_export_2021_01_25_11_17_49`;
/*!40101 SET @saved_cs_client     = @@character_set_client */;
/*!40101 SET character_set_client = utf8 */;
CREATE TABLE `user_export_2021_01_25_11_17_49` (
  `COL 1` varchar(5) DEFAULT NULL,
  `COL 2` varchar(11) DEFAULT NULL,
  `COL 3` varchar(39) DEFAULT NULL,
  `COL 4` varchar(35) DEFAULT NULL,
  `COL 5` varchar(39) DEFAULT NULL,
  `COL 6` varchar(69) DEFAULT NULL,
  `COL 7` varchar(55) DEFAULT NULL,
  `COL 8` varchar(19) DEFAULT NULL,
  `COL 9` varchar(39) DEFAULT NULL,
  `COL 10` varchar(39) DEFAULT NULL,
  `COL 11` varchar(15) DEFAULT NULL,
  `COL 12` varchar(11) DEFAULT NULL,
  `COL 13` varchar(25) DEFAULT NULL,
  `COL 14` varchar(39) DEFAULT NULL,
  `COL 15` varchar(177) DEFAULT NULL,
  `COL 16` varchar(12) DEFAULT NULL,
  `COL 17` varchar(19) DEFAULT NULL,
  `COL 18` varchar(11) DEFAULT NULL,
  `COL 19` varchar(7) DEFAULT NULL,
  `COL 20` varchar(20) DEFAULT NULL,
  `COL 21` varchar(6) DEFAULT NULL,
  `COL 22` varchar(13) DEFAULT NULL,
  `COL 23` varchar(295) DEFAULT NULL,
  `COL 24` varchar(11) DEFAULT NULL
) ENGINE=InnoDB DEFAULT CHARSET=utf8;
/*!40101 SET character_set_client = @saved_cs_client */;

--
-- Dumping data for table `user_export_2021_01_25_11_17_49`
--

LOCK TABLES `user_export_2021_01_25_11_17_49` WRITE;
/*!40000 ALTER TABLE `user_export_2021_01_25_11_17_49` DISABLE KEYS */;
/*!40000 ALTER TABLE `user_export_2021_01_25_11_17_49` ENABLE KEYS */;
UNLOCK TABLES;

--
-- Table structure for table `user_to_address`
--

DROP TABLE IF EXISTS `user_to_address`;
/*!40101 SET @saved_cs_client     = @@character_set_client */;
/*!40101 SET character_set_client = utf8 */;
CREATE TABLE `user_to_address` (
  `id` int(11) NOT NULL AUTO_INCREMENT,
  `user_id` int(11) NOT NULL,
  `address_book_id` int(11) NOT NULL,
  `is_default` tinyint(1) NOT NULL DEFAULT '0',
  PRIMARY KEY (`id`)
) ENGINE=InnoDB DEFAULT CHARSET=utf8 COLLATE=utf8_unicode_ci;
/*!40101 SET character_set_client = @saved_cs_client */;

--
-- Dumping data for table `user_to_address`
--

LOCK TABLES `user_to_address` WRITE;
/*!40000 ALTER TABLE `user_to_address` DISABLE KEYS */;
/*!40000 ALTER TABLE `user_to_address` ENABLE KEYS */;
UNLOCK TABLES;

--
-- Table structure for table `user_types`
--

DROP TABLE IF EXISTS `user_types`;
/*!40101 SET @saved_cs_client     = @@character_set_client */;
/*!40101 SET character_set_client = utf8 */;
CREATE TABLE `user_types` (
  `user_types_id` int(11) NOT NULL AUTO_INCREMENT,
  `user_types_name` varchar(191) COLLATE utf8_unicode_ci NOT NULL,
  `created_at` int(11) DEFAULT NULL,
  `updated_at` int(11) DEFAULT NULL,
  `isActive` tinyint(1) NOT NULL DEFAULT '1',
  PRIMARY KEY (`user_types_id`)
) ENGINE=InnoDB AUTO_INCREMENT=15 DEFAULT CHARSET=utf8 COLLATE=utf8_unicode_ci;
/*!40101 SET character_set_client = @saved_cs_client */;

--
-- Dumping data for table `user_types`
--

LOCK TABLES `user_types` WRITE;
/*!40000 ALTER TABLE `user_types` DISABLE KEYS */;
INSERT INTO `user_types` VALUES (1,'Super Admin',1534774230,NULL,1),(2,'Customers',1534777027,NULL,1),(3,'Vendors',1538390209,NULL,1),(4,'Delivery Guy',1542965906,NULL,1),(5,'Test 1',1542965906,NULL,1),(6,'Test 2',1542965906,NULL,1),(7,'Test 3',1542965906,NULL,1),(8,'Test 4',1542965906,NULL,1),(9,'Test 5',1542965906,NULL,1),(10,'Test 6',1542965906,NULL,1),(11,'Admin',1542965906,NULL,1),(12,'Manager',1542965906,NULL,1),(13,'Data Entry',1542965906,NULL,1),(14,'Sub Admin',1594655372,NULL,1);
/*!40000 ALTER TABLE `user_types` ENABLE KEYS */;
UNLOCK TABLES;

--
-- Table structure for table `users`
--

DROP TABLE IF EXISTS `users`;
/*!40101 SET @saved_cs_client     = @@character_set_client */;
/*!40101 SET character_set_client = utf8 */;
CREATE TABLE `users` (
  `id` int(11) NOT NULL AUTO_INCREMENT,
  `role_id` int(11) DEFAULT NULL,
  `redeem_points` int(111) NOT NULL DEFAULT '0',
  `level_id` int(11) NOT NULL DEFAULT '1',
  `user_name` varchar(191) COLLATE utf8_unicode_ci DEFAULT NULL,
  `first_name` varchar(191) COLLATE utf8_unicode_ci NOT NULL,
  `last_name` varchar(191) COLLATE utf8_unicode_ci NOT NULL,
  `gender` varchar(191) COLLATE utf8_unicode_ci DEFAULT NULL,
  `marry_status` varchar(100) COLLATE utf8_unicode_ci DEFAULT NULL,
  `nationality` varchar(222) COLLATE utf8_unicode_ci NOT NULL,
  `country_res` varchar(222) COLLATE utf8_unicode_ci NOT NULL,
  `default_address_id` int(11) NOT NULL DEFAULT '0',
  `country_code` varchar(191) COLLATE utf8_unicode_ci DEFAULT NULL,
  `phone` varchar(191) COLLATE utf8_unicode_ci DEFAULT NULL,
  `email` varchar(191) COLLATE utf8_unicode_ci NOT NULL,
  `password` varchar(191) COLLATE utf8_unicode_ci NOT NULL,
  `avatar` varchar(191) COLLATE utf8_unicode_ci DEFAULT NULL,
  `status` varchar(191) COLLATE utf8_unicode_ci NOT NULL DEFAULT '1',
  `otp_code` int(11) NOT NULL,
  `is_otp_verify` int(11) NOT NULL DEFAULT '0',
  `is_seen` tinyint(1) NOT NULL DEFAULT '0',
  `phone_verified` varchar(191) COLLATE utf8_unicode_ci DEFAULT NULL,
  `remember_token` varchar(191) COLLATE utf8_unicode_ci DEFAULT NULL,
  `auth_id_tiwilo` varchar(191) COLLATE utf8_unicode_ci DEFAULT NULL,
  `dob` varchar(33) COLLATE utf8_unicode_ci DEFAULT NULL,
  `address` text COLLATE utf8_unicode_ci NOT NULL,
  `refered_by` int(11) NOT NULL DEFAULT '0',
  `refered_by_status` int(11) NOT NULL DEFAULT '0' COMMENT '0 means reffered ticket is given \r\n1 means have to give referred ticket on 1st purchase',
  `created_at` timestamp NULL DEFAULT NULL,
  `updated_at` timestamp NULL DEFAULT NULL,
  PRIMARY KEY (`id`)
) ENGINE=InnoDB AUTO_INCREMENT=405 DEFAULT CHARSET=utf8 COLLATE=utf8_unicode_ci;
/*!40101 SET character_set_client = @saved_cs_client */;

--
-- Dumping data for table `users`
--

LOCK TABLES `users` WRITE;
/*!40000 ALTER TABLE `users` DISABLE KEYS */;
INSERT INTO `users` VALUES (3,1,0,1,'Admin_admin1594650498','Admin','admin',NULL,NULL,'','',0,NULL,'12345679','admin@gmail.com','$2y$10$takIbmm1LpuT8fyuuX7z1OoH2b73p3zhNk/EfyKId3d/Gmons2LRW','','1',0,1,1,NULL,NULL,NULL,NULL,'',0,0,NULL,NULL),(4,14,0,1,NULL,'client','client','1',NULL,'','',0,NULL,'312312332','client@winztime.com','$2y$10$gJ4sy3CaulgxU5zP8tS1Cu7nSvJXT.lk8.Ujo9aOqpFJ9MRRzl7pq','','1',0,1,1,NULL,NULL,NULL,NULL,'',0,0,NULL,'2021-09-23 09:36:46'),(57,2,66,1,NULL,'Ali','Jaber','1','0','United Kingdom','United Arab Emirates',0,NULL,'502801120','mailmayanksetia@gmail.com','$2y$10$OP/8V6fZapxE42owR96nrus8ECNaGGM9EiqztZwEVrAZF2jAGFxni',NULL,'1',0,1,1,NULL,NULL,NULL,'05/07/2010','',0,0,'2021-06-29 05:09:07','2021-10-03 09:44:43'),(64,2,48,1,NULL,'Abir','Jaber',NULL,NULL,'','',0,NULL,'567594147','abirjaber24@gmail.com','$2y$10$CDRW3Kcx2JLRIl/pPkliYOCf4hMCPazpxG3vzUkB0cBxAW3lZepMW',NULL,'1',0,1,1,NULL,NULL,NULL,NULL,'',0,0,'2021-07-06 04:32:55','2021-07-12 23:57:13'),(78,2,0,1,NULL,'Mohamed','Ali',NULL,NULL,'','',0,NULL,'+971538952406','martel_9@yahoo.com','$2y$10$vQHmZysTLNSxPSeP18I2ve4o4TyKQy65rSGo1hzfTLHrEElV7BVIe',NULL,'1',0,1,1,NULL,NULL,NULL,NULL,'',0,0,'2021-07-12 23:46:25','2021-07-12 23:46:25'),(79,2,0,1,NULL,'SYED MINHAJUDDIN','MINHAJUDDIN',NULL,NULL,'','',0,NULL,'+971566345185','mahzoozminhaj@gmail.com','$2y$10$B5htMnweBXHyAfZdp4BmTepXbrXlsej0kyHHq3SFWTKDVVCt6Q1VS',NULL,'1',0,1,1,NULL,NULL,NULL,NULL,'',0,0,'2021-07-14 00:10:37','2021-07-14 00:10:37'),(80,2,0,1,NULL,'Ricardo','Carza',NULL,NULL,'','',0,NULL,'+971501974685','Ricardocarza46@gmail.com','$2y$10$dEV7zNTrKr447oLhObtGOOyL7V.wC6dER.xARa.rTtz1SmIQd55l2',NULL,'1',0,1,1,NULL,NULL,NULL,NULL,'',0,0,'2021-07-14 23:32:47','2021-07-14 23:32:47'),(81,2,5,1,NULL,'Majid Ali','Khan',NULL,NULL,'','',0,NULL,'+971528378448','Alimajid539@Gmail.com','$2y$10$viC78RUFCTZqvgoS/kHSQexAEIsFyaK.aLSZDMwHX.pBgHV9qWMFW',NULL,'1',0,1,1,NULL,NULL,NULL,NULL,'',0,0,'2021-07-17 00:25:30','2021-07-17 00:25:30'),(82,2,0,1,NULL,'Haidar','Ali',NULL,NULL,'','',0,NULL,'+971525312859','ha2562726@gmail.com','$2y$10$3J/TA4pR9Lv6LMBxhpyWUO.VWmIsfgJvjP2Jv3BZJ6.kOTzgYTk9G',NULL,'1',0,1,1,NULL,NULL,NULL,NULL,'',0,0,'2021-07-20 23:57:55','2021-07-20 23:57:55'),(83,2,0,1,NULL,'David','Ndidi',NULL,NULL,'','',0,NULL,'+971567469472','davendidi1978@gmail.com','$2y$10$47xbt59h1ZHskduztZzwO.t28x0ezCpYrUFf8oHvOWDCJjSvPB3F6',NULL,'1',0,1,1,NULL,NULL,NULL,NULL,'',0,0,'2021-07-21 07:33:58','2021-07-21 07:33:58'),(85,2,0,1,NULL,'Mohammed','Ershad',NULL,NULL,'','',0,NULL,'+971561047773','mohdershad90@gmail.com','$2y$10$JXnxry4VwYFpXGoDvQKnaeq1s/Be/qLMvi/NdEzemUHiBO4lNQzB2',NULL,'1',0,1,1,NULL,NULL,NULL,NULL,'',0,0,'2021-07-25 09:39:11','2021-07-25 09:39:11'),(86,2,0,1,NULL,'AnAm','Chowdhury',NULL,NULL,'','',0,NULL,'+971581440597','anamchy1122@gmail.com','$2y$10$FjC0tHJHqR6Kfl9WvGhN0unbzcGFxQHr.zFE5gvslyHwhADkj1dFO',NULL,'1',0,1,1,NULL,NULL,NULL,NULL,'',0,0,'2021-07-27 05:11:59','2021-07-27 05:11:59'),(87,2,0,1,NULL,'jaydip','tandel',NULL,NULL,'','',0,NULL,'0529202001','jaydip221122@gmail.com','$2y$10$qjtoRE734ilJaAUZGLANtOiGMdd90xFk4uVq1S0.2Tino7Xq9OeLy',NULL,'1',0,1,1,NULL,NULL,NULL,NULL,'',0,0,'2021-07-27 03:28:11','2021-07-27 03:28:11'),(89,2,0,1,NULL,'Nour','Jaber',NULL,NULL,'','',0,NULL,'01000900537','njaber22@gmail.com','$2y$10$h4LZqdj2wG5VwVvz329GOeD/6SqW8YsnqiCRupwar/V29JypcQYs2',NULL,'1',0,1,1,NULL,NULL,NULL,NULL,'',0,0,'2021-07-28 09:24:57','2021-07-28 09:24:57'),(90,2,0,1,NULL,'Sharon','Nalukwago',NULL,NULL,'','',0,NULL,'522414306','sharonnalukwago20@gmail.com','$2y$10$9k8g3JhKt5.mV3NDoWQOKOeyWrvDBMoUsEkPTvhj5ec9hBgABfL6K',NULL,'1',0,1,1,NULL,NULL,NULL,NULL,'',0,0,'2021-07-29 01:37:30','2021-07-29 01:37:30'),(91,2,0,1,NULL,'Pearl','Sharma',NULL,NULL,'','',0,NULL,'7973465670','pearlsharma1238@gmail.com','$2y$10$knp0qEYEWDaUnKnxj7Nne.OicWzmHcJ0KIuKpd4wY9/00yiDQzVZO',NULL,'1',0,1,1,NULL,NULL,NULL,NULL,'',0,0,'2021-07-29 01:44:49','2021-07-29 01:44:49'),(93,2,0,1,NULL,'RahulKumar','Sharma',NULL,NULL,'','',0,NULL,'9803150996','rahuldream43@gmail.com','$2y$10$KNodgxqdHsoHJnAa0/ao0.X9Y7FvErYPqqHsIDkvTRSl5J.U9QKLG',NULL,'1',0,1,1,NULL,NULL,NULL,NULL,'',0,0,'2021-07-29 03:12:39','2021-07-29 03:12:39'),(105,2,4,1,NULL,'Saiju','Ninan','0',NULL,'','',0,NULL,'503467290','Saijuottethu@gmail.com','$2y$10$F825ARrSEf1IoNRzXDc8g.aMZkyN1IQBr1lkIod9pnM.mr/n/hEzm',NULL,'1',0,1,1,NULL,NULL,NULL,NULL,'',0,0,'2021-08-12 01:57:17','2021-08-12 01:57:17'),(106,2,0,1,NULL,'omair','ahmed','0',NULL,'','',0,NULL,'+971545580042','omairahmed1986@gmail.com','$2y$10$zz0NvVeFzfbUDxzdkfPwuemcYEpRScwQgva0QLFrFnf2.fuveCo9q',NULL,'1',0,1,1,NULL,NULL,NULL,NULL,'',0,0,'2021-08-15 08:38:24','2021-08-15 08:38:24'),(126,2,0,1,NULL,'Sharoz','Alam','0',NULL,'','',0,NULL,'03102450220','sharoz.alam.khan@gmail.com','$2y$10$pn68c.yiGSgP286BV786XOAUYYguI6OKHANNx1.q9vEK4oIkH.srC',NULL,'1',0,1,1,NULL,NULL,NULL,NULL,'',0,0,'2021-08-31 03:52:47','2021-08-31 03:52:47'),(131,2,0,1,NULL,'Elissa','deJesus','1',NULL,'','',0,NULL,'0561904724','ashlan04_aly@yahoo.com','$2y$10$TrgebSdltfug2.yuoJe8sOkwdVxJc8IRJyhRR540Y7W327lJCOAFq',NULL,'1',0,1,1,NULL,NULL,NULL,NULL,'',0,0,'2021-09-01 09:41:59','2021-09-01 09:41:59'),(133,2,0,1,NULL,'Harsha','Bhatia','1',NULL,'India','United Arab Emirates',0,NULL,'','harsha_bhatia@hotmail.com','$2y$10$ACSEKY7bTvj34cNTQoZLbOtrQybyHIY4uewW7RK2eF.QvD5/vkNse',NULL,'1',0,1,1,NULL,NULL,NULL,NULL,'',0,0,'2021-09-05 01:48:49','2021-09-15 12:37:28'),(135,2,0,1,NULL,'Vipin','Mahesh Kumar','0',NULL,'','',0,NULL,'0561137432','vmsuri912@gmaiI.com','$2y$10$5Arky/CsEQBXeFfwwBOMuukADsA16Czod63udE5SNFBPlFgU4Bb2W',NULL,'1',0,1,1,NULL,NULL,NULL,NULL,'',0,0,'2021-09-06 06:12:08','2021-09-06 06:12:08'),(136,2,0,1,NULL,'','',NULL,NULL,'','',0,NULL,NULL,'esrasaf92@gmail.com','$2y$10$jzIZqTc9LsbWYRPP0eLQCeZeo.BwpEIvjPr43IIxolwVPpFR943J.',NULL,'1',0,1,1,NULL,NULL,NULL,NULL,'',0,0,'0000-00-00 00:00:00',NULL),(137,2,10,1,NULL,'','',NULL,NULL,'','',0,NULL,NULL,'charbelsevanbob@gmail.com','$2y$10$d/Vt9MKVY/OePp3qqUp11.MjtFDCpC7wVPfXhXBuEZ4mO8m0fZpl.',NULL,'1',0,1,1,NULL,NULL,NULL,NULL,'',0,0,'0000-00-00 00:00:00',NULL),(139,2,0,1,NULL,'Imran','Pasta','0',NULL,'','',0,NULL,'0729342262','mrimranpasta@gmail.com','$2y$10$ZAIBcwHDPf5Wnu3lJ0Zfk.Wz6jE/AkhQ5f6m2I2iXunFZ.0Ma46qW',NULL,'1',0,1,1,NULL,NULL,NULL,NULL,'',0,0,'2021-09-10 04:03:16','2021-09-10 04:03:16'),(141,2,5,1,NULL,'Kumar','Thapa','0',NULL,'','',0,NULL,'0561808428','kumarthapa001989@yahoo.com','$2y$10$xxU0cqnSu3Q.cmGkpqQmeuTqC.KlYulbuhXuMgSGkV2enMTTrVynG',NULL,'1',0,1,1,NULL,NULL,NULL,NULL,'',0,0,'2021-09-11 08:13:14','2021-09-11 08:13:14'),(142,2,2,1,NULL,'Shabaz','Khan','0','0','India','United Arab Emirates',0,NULL,'','alkhan276@gmail.com','$2y$10$eaYl.kQHr9V9oDeF7AhBO.PR9NlP.ChOifFHBhJC.rK.xC5aOQOwS',NULL,'1',0,1,1,NULL,'y6eaaDTSaiViVbjvfcduMJrsIrRUFGPjb1ers7Cmlke9ru9d5i5eeKhaPWMl',NULL,NULL,'',0,0,'2021-09-12 10:09:20','2021-10-26 00:34:27'),(143,2,1,1,NULL,'Bhumi','Haresh Bhai','1',NULL,'','',0,NULL,'0528908553','bhumikhatri1987@gmail.com','$2y$10$DUf73TwgoKSsc2W0Dog5wuO7cIuzd1u2fMoQ.c/Z4Ot61JKbH1306',NULL,'1',0,1,1,NULL,NULL,NULL,NULL,'',0,0,'2021-09-12 04:11:39','2021-09-12 04:11:39'),(144,2,1,1,NULL,'','',NULL,NULL,'','',0,NULL,NULL,'nandpursabi34@gmail.com','$2y$10$uwEYnhyvzZAPeZEfwLzLIOkrD0OvWHCj3.X4cf4nA5T/jBHqca4ii',NULL,'1',0,1,1,NULL,NULL,NULL,NULL,'',0,0,'0000-00-00 00:00:00',NULL),(145,2,0,1,NULL,'Atta','Ur','0',NULL,'','',0,NULL,'556190939','Attazia84@yahoo.com','$2y$10$uKsienSa.8eewwdEkPjUvuEKAxPlSxZjthVV9YIUeMitp/xaZRmo2',NULL,'1',0,1,1,NULL,NULL,NULL,NULL,'',0,0,'2021-09-12 06:33:58','2021-09-12 06:33:58'),(147,2,1,1,NULL,'Lina','Mayhoub','1',NULL,'','',0,NULL,'0502691512','lina.mayhoub@gmail.com','$2y$10$mLqqOUNtLf4oEh6t0UbJfei1b8kY5BLDqqPwbcIJDshm8iPHMB.76',NULL,'1',0,1,1,NULL,NULL,NULL,NULL,'',0,0,'2021-09-12 23:07:15','2021-09-12 23:07:15'),(150,2,0,1,NULL,'Alwin','Jaison Chittilapilly','0',NULL,'','',0,NULL,'0526234085','alwinjaison9@gmail.com','$2y$10$769ZKu7yECxxPxM95/C5/OlghYtGKsq2K/VnNlKM1LAURn6DwP4je',NULL,'1',0,1,1,NULL,NULL,NULL,NULL,'',0,0,'2021-09-13 02:29:58','2021-09-13 02:29:58'),(151,2,1,1,NULL,'Christian','Santos','0',NULL,'','',0,NULL,'0507529145','cjsantos0416@yahoo.com','$2y$10$fYjxbOvB1MYfUwqfu3ecUO8uyB3HM92kRml2y53JxKGpVOy3oDARu',NULL,'1',0,1,1,NULL,NULL,NULL,NULL,'',0,0,'2021-09-13 04:13:05','2021-09-13 04:13:05'),(152,2,1,1,NULL,'','',NULL,NULL,'','',0,NULL,NULL,'waqas.ahmad01234@gmail.com','$2y$10$D5YeV9enO6..jiuTzJEle.wqk1mfxr.T9lN5o/EniKx9QUCj.nidq',NULL,'1',0,1,1,NULL,NULL,NULL,NULL,'',0,0,'0000-00-00 00:00:00',NULL),(153,2,0,1,NULL,'','',NULL,NULL,'','',0,NULL,NULL,'dmello.adrian@gmail.com','$2y$10$Lhdut6uRESItzkJ.H/FIUu0BcgwB3UxxTmuz7QakRwAKmqYoIYUjW',NULL,'1',0,1,1,NULL,NULL,NULL,NULL,'',0,0,'0000-00-00 00:00:00',NULL),(154,2,0,1,NULL,'Virginia','Al hammooshee','1',NULL,'','',0,NULL,'0544620586','Sungkipvirginia1980@yahoo.com','$2y$10$/ot82OXUgPOkf7nh3N18yODnLDjr1xKGWEQSgoz30yRnAaxkO5imS',NULL,'1',0,1,1,NULL,NULL,NULL,NULL,'',0,0,'2021-09-13 07:32:38','2021-09-13 07:32:38'),(155,2,1,1,NULL,'Mohammed iqbal','Hossen','0','1','Bangladesh','United Arab Emirates',0,NULL,'','mdiqbal467@gmail.com','$2y$10$NlB/oCLUlxEwTylk.Nm7OerlmtbW4M0k81GcDMR9EsV4nXHQnKNJG',NULL,'1',0,1,1,NULL,NULL,NULL,NULL,'',0,0,'2021-09-13 08:05:08','2021-09-13 20:07:08'),(156,2,4,1,NULL,'Moises','Tumang','0',NULL,'','',0,NULL,'','jqsmoises@yahoo.com','$2y$10$6KsC39UvGhxL.tIlDiBevut3eg/5NSzX00hpbV41VJ06M43Qeuula',NULL,'1',0,1,1,NULL,NULL,NULL,NULL,'',0,0,'2021-09-13 08:25:01','2021-09-17 18:49:33'),(157,2,2,1,NULL,'Noureen','Bilal','1','1','','United Arab Emirates',0,NULL,'','noureench55.nb@gmail.com','$2y$10$IhtrlW47aoFwkKIO6j7C7.9triBC6oY7nr4j0B43IBIE5LRXfuo/u',NULL,'1',0,1,1,NULL,NULL,NULL,NULL,'',0,0,'2021-09-13 09:31:37','2021-09-13 21:40:15'),(158,2,102,1,NULL,'Arul','Pandiyan','0',NULL,'','',0,NULL,'0543630551','arulgeethaarulgeetha065@gmail.com','$2y$10$dyQxNDlrmnHhl23RBXSZO.Yhx/yQ2ho7tgCfv.SkP6UfSoNuV8zzG',NULL,'1',0,1,1,NULL,NULL,NULL,NULL,'',67,0,'2021-09-14 10:13:07','2021-09-14 10:13:07'),(159,2,1,1,NULL,'MOHAMMED JAHEDUL','Islam','0',NULL,'','',0,NULL,'0553432354','jahidjms29@gmail.com','$2y$10$PQvFyHsPV0.VaKhsJuAe.u8KgvsmL7hrxXTX/9/rmxjxJWBRFtNq.',NULL,'1',0,1,1,NULL,NULL,NULL,NULL,'',0,0,'2021-09-14 10:51:56','2021-09-14 10:51:56'),(160,2,1,1,NULL,'Ronnie','Buenavente','0','1','Philippines','United Arab Emirates',0,NULL,'','ronnie.buenavente@gmail.com','$2y$10$Ky388Ttkd8FVsDGRQW7qUeU90RPhUH7TDRWLunCMn6WnwS19pIQum',NULL,'1',0,1,1,NULL,NULL,NULL,NULL,'',0,0,'2021-09-14 08:49:21','2021-09-14 09:01:46'),(163,2,0,1,NULL,'Anil','Pariyar','0',NULL,'','',0,NULL,'','yskblack.song143@gmail.com','$2y$10$AsJgdzUuSeNDRBmLSS.HAOqoPI0eQtf9q8gkvAfqYKsqWBra/TZSO',NULL,'1',0,1,1,NULL,NULL,NULL,NULL,'',0,0,'2021-09-14 03:29:29','2021-09-14 15:33:46'),(164,2,1,1,NULL,'Abdul Samad','Zainuddin','0',NULL,'','',0,NULL,'0505686095','samad786saif@yahoo.com','$2y$10$xIpoDZDRR.Ta1ZuxYo7fEetvOYpDYBEG29zMjbeJdE4CuWdZyp8qO',NULL,'1',0,1,1,NULL,NULL,NULL,NULL,'',0,0,'2021-09-14 08:55:57','2021-09-14 08:55:57'),(165,2,0,1,NULL,'Yasar','Tousef','0',NULL,'','',0,NULL,'557571623','Tousefk@yahoo.com','$2y$10$pbD8CBxlIf5NySoCiX3UmOJohHgaeOjDzNVvZI5JB1sELIWDbXskS',NULL,'1',0,1,1,NULL,NULL,NULL,NULL,'',0,0,'2021-09-14 09:09:29','2021-09-14 09:09:29'),(167,2,2,1,NULL,'Angelo','Calaluan','0',NULL,'','',0,NULL,'0582163281','angelocalaluan1@gmail.com','$2y$10$eBhER1GVTiGkUF0gF8zN8Oaly772SsiU1gJpgSlz0nXIF3E5V0sq2',NULL,'1',0,1,1,NULL,NULL,NULL,NULL,'',0,0,'2021-09-15 10:00:59','2021-09-15 10:00:59'),(169,2,9,1,NULL,'Harsha','bhatia','1',NULL,'','',0,NULL,'0505629662','harshabhatia0328@gmail.com','$2y$10$k8Qu/gptPwuaMCjtvT0pVuARhz3nyNXLxNJvQG23/WQeuJhBzZKoq',NULL,'1',0,1,1,NULL,'Ic0paKJeQZubEYD2Pg4FqzVzCoEeQBFMq7rew0nPs3OLMeY0Hi580YhxPSLo',NULL,NULL,'',0,0,'2021-09-15 00:58:04','2021-11-11 17:17:25'),(173,2,0,1,NULL,'Norwin','Asanza','0',NULL,'','',0,NULL,'0525822463','xyrll.norwin@live.com','$2y$10$B31qaAvdFNsUgqmmc8lhAuHGauSOEbB0PFi6kvy2mFyG5Y48EoAaO',NULL,'1',0,1,1,NULL,NULL,NULL,NULL,'',0,0,'2021-09-16 08:35:26','2021-09-16 08:35:26'),(182,2,0,1,NULL,'','',NULL,NULL,'','',0,NULL,NULL,'nasibullah03007511446@gmail.com','$2y$10$kWrupiAjn./BBnoEwqfoLORfde3xlhXe.L43LMo9jfvwGHx6fn.sG',NULL,'1',0,1,1,NULL,NULL,NULL,NULL,'',0,0,'0000-00-00 00:00:00',NULL),(186,2,0,1,NULL,'Harish','Kumar','0',NULL,'','',0,NULL,'9041190411','kumarhursh7@gmail.com','$2y$10$lSCZdsf5lTIC29lEgq3osuFeXcQiDDBdMijC.UtBmjfsTYoiMp9fS',NULL,'1',0,1,1,NULL,NULL,NULL,NULL,'',0,0,'2021-09-16 01:12:19','2021-09-16 01:12:19'),(188,2,1,1,NULL,'Jaworski','Nacion','0',NULL,'','',0,NULL,'0545431766','jawnacion10@gmail.com','$2y$10$TPXkWCQ7cgCwOSSZXNQ.auNXLaQqCrHQaK.dn4UXF66VzI3sCw.Xm',NULL,'1',0,1,1,NULL,NULL,NULL,NULL,'',0,0,'2021-09-16 23:38:32','2021-09-16 23:38:32'),(195,2,1,1,NULL,'Larry','Casapao','0',NULL,'','',0,NULL,'0567280672','xjhade83@yahoo.com','$2y$10$iFwRZ51NJPR/2Al8lmD8ju8LbtEwhqOqFjGD7wQ/jBhCUq5h2qkZq',NULL,'1',0,1,1,NULL,NULL,NULL,NULL,'',0,0,'2021-09-17 02:29:25','2021-09-17 02:29:25'),(196,2,0,1,NULL,'Melwyn','Dsoza','0',NULL,'','',0,NULL,'527385554','sales.ecommercr83@gmail.com','$2y$10$bVGRlD3lZ4i1uJYwSG8tRO5muLA5nDCQ5Ly4fZqsSlevAbksFKEXu',NULL,'1',0,1,1,NULL,NULL,NULL,NULL,'',0,0,'2021-09-17 05:58:52','2021-09-17 05:58:52'),(197,2,0,1,NULL,'','',NULL,NULL,'','',0,NULL,NULL,'fahimatu@gmail.com','$2y$10$n4CdTZwO3QOhS5UKC2JaTOYs1CWckvTPTsqrBP7ZRWRDPjyKJdUp.',NULL,'1',0,1,1,NULL,NULL,NULL,NULL,'',0,0,'0000-00-00 00:00:00',NULL),(198,2,0,1,NULL,'Jenifer','Landicho','1',NULL,'','',0,NULL,'0501848276','jenie61980@gmail.com','$2y$10$mJ9iFZtNSWYWlnY7r8ClGey0SyNn/HXcQY1FGA9yL5X/vn9NkX9OW',NULL,'1',0,1,1,NULL,NULL,NULL,NULL,'',0,0,'2021-09-18 10:12:35','2021-09-18 10:12:35'),(199,2,0,1,NULL,'','',NULL,NULL,'','',0,NULL,NULL,'jestermalixi@gmail.com','$2y$10$mlhUVsmi617ocX7qeIMUg.fcBmfN7UMd5bKo.MjxeXe/WzfatfBgW',NULL,'1',0,1,1,NULL,NULL,NULL,NULL,'',0,0,'0000-00-00 00:00:00',NULL),(200,2,0,1,NULL,'Fahad','Qadeer','0',NULL,'','',0,NULL,'0503301965','fahadqadeer@gmail.com','$2y$10$CVwYbvEj9tTf8It7lBxQauUMcF.ApB9UKKeM05fEzsZ..cYtqT11q',NULL,'1',0,1,1,NULL,NULL,NULL,NULL,'',0,0,'2021-09-17 23:51:37','2021-09-17 23:51:37'),(201,2,0,1,NULL,'BUNAS','MOIDEEN','0',NULL,'','',0,NULL,'0559345348','bunasmoideenbunu@gmail.com','$2y$10$QaTkxxJhsbFN4Fq7HaCyPOK6Bxux6oR2OAmYudD.3otD6b5DBJpA2',NULL,'1',0,1,1,NULL,NULL,NULL,NULL,'',0,0,'2021-09-18 02:20:02','2021-09-18 02:20:02'),(202,2,0,1,NULL,'','',NULL,NULL,'','',0,NULL,NULL,'henrykmathews99@gmail.com','$2y$10$h.MSXfZ.TNGtHX5A//nHrul9ZSl9BOCzqNB2kl4kzSU5Qv8Vw47su',NULL,'1',0,1,1,NULL,NULL,NULL,NULL,'',0,0,'0000-00-00 00:00:00',NULL),(203,2,0,1,NULL,'Bheryl','Claudio','1','0','Philippines','United Arab Emirates',0,NULL,'','bherylhclaudio@gmail.combh','$2y$10$EtoN6WdQ6uwtcY9w3AaxTOhEdcS5BrUiw5DkKfMYz0n5jjo5o375O',NULL,'1',0,1,1,NULL,NULL,NULL,NULL,'',0,0,'2021-09-20 08:38:34','2021-09-20 20:45:08'),(204,2,0,1,NULL,'Faisal','Al Fares','1',NULL,'','',0,NULL,'0508855574','fsf-78@hotmail.com','$2y$10$sDqrUQy2WgUkuaIWZ90YEutk0BrMYl0os2yoYCmrgPu3mwu9.vQUG',NULL,'1',0,1,1,NULL,NULL,NULL,NULL,'',0,0,'0000-00-00 00:00:00','2021-09-20 23:54:43'),(205,2,1,1,NULL,'JASPER','SAQUILAYAN','0',NULL,'','',0,NULL,'0562595598','jaspersaquilayan31@gmail.com','$2y$10$cHCaFWkjBKKOzwuo.2yfg.lcmKD.Xj9olmAWCdj/rLmsG/H4xMGU6',NULL,'1',0,1,1,NULL,NULL,NULL,NULL,'',0,0,'2021-09-21 10:00:41','2021-09-21 10:00:41'),(206,2,1,1,NULL,'Farhan','Khan','0',NULL,'','',0,NULL,'0567254030','farhan.khan2058@gmail.com','$2y$10$KQqm6O0i6wR5M4aom9aKsunehlz6WXNMMt/sTxQvwnGIVWMdgwVny',NULL,'1',0,1,1,NULL,NULL,NULL,NULL,'',0,0,'2021-09-21 10:06:05','2021-09-21 10:06:05'),(213,2,0,1,NULL,'Mayank','Setia','0',NULL,'','',0,NULL,'9041190411','mailmayanksetia@gmail.com','$2y$10$tb4A2v/eRheLHE3hjSCMUerGydCHEN3UAtPFxx9fu0JETTdf3be8m',NULL,'1',987745,1,1,NULL,NULL,NULL,NULL,'',0,0,'2021-09-21 04:37:51','2021-09-21 16:38:33'),(222,2,1,1,NULL,'SHAHID','MEERAN','0',NULL,'','',0,NULL,'+971555407095','shahidmeeran@gmail.com','$2y$10$jYApezdBlt4e.MrM7TcvVuCcwjR1I63vwtQM16OtTwg9S4D6/p5oS',NULL,'1',184705,1,1,NULL,NULL,NULL,NULL,'',0,0,'2021-09-23 12:24:58','2021-09-23 12:25:23'),(223,2,3,1,NULL,'OMAR','ELSERTY','0',NULL,'','',0,NULL,'01002877721','omarelserty@gmail.com','$2y$10$DIxf89D12REbiwnzfsn8heRlbP1Du5PbFWflcyUUQN8yMSAO9VEom',NULL,'1',842529,1,1,NULL,NULL,NULL,NULL,'',0,0,'2021-09-23 09:21:31','2021-09-23 21:22:11'),(224,2,0,1,NULL,'Adham','Tarek','0',NULL,'','',0,NULL,'01145315678','adhamtarek998@gmail.com','$2y$10$.vsTxixj0yiOFUEBlDr1nee/mX.UQ3w4kJnELqdhOvwAFh7fF3V72',NULL,'1',712259,1,1,NULL,NULL,NULL,NULL,'',0,0,'2021-09-26 01:15:20','2021-09-26 13:15:36'),(225,2,0,1,NULL,'Shifha','Alsaeedi','1',NULL,'','',0,NULL,'0582578084','shifhaalsaeedi@gmail.com','$2y$10$33toaxW8OOOiFxqwYQ8lNO7bdn9gfkur/xyaX/jhFsIyZRnXGWeZW',NULL,'1',831403,0,1,NULL,NULL,NULL,NULL,'',0,0,'2021-09-26 07:39:45','2021-09-26 19:40:25'),(226,2,0,1,NULL,'Jeann','Amarila','1',NULL,'','',0,NULL,'0569029687','amarilajeann@gmail.com','$2y$10$Sp5OCt68jKb0M4xY4zOB2OJdfm.YYvjfPeoRAJtoruQP2tFHS7wp2',NULL,'1',582544,0,1,NULL,NULL,NULL,NULL,'',0,0,'2021-09-27 08:50:19','2021-09-27 08:50:19'),(232,2,7,1,NULL,'Sheena','Chris','1','1','India','United Arab Emirates',0,NULL,'0552175964','phillipbj@hotmail.com','$2y$10$mZBzsT1T9KrKfgvqdoMiy.XXg.Gqi5DqDCxOiM3X2F7D75uQmb1Ci',NULL,'1',895579,1,1,NULL,NULL,NULL,'04/25/1983','',0,0,'2021-09-28 11:47:06','2021-09-30 11:18:28'),(235,2,0,1,NULL,'Shivam','Dhingra','0',NULL,'','',0,NULL,'9874563221','shivam.dhingra@digimantra.com','$2y$10$KQvzVj.bxQhmlpMy2SDAGO41ILss47e8MnHsRn5bGMJJnbrvWQMcy',NULL,'1',419694,1,1,NULL,NULL,NULL,NULL,'',0,0,'2021-09-29 08:03:26','2021-09-29 08:04:11'),(258,2,0,1,NULL,'Harrpreet','kaur','1',NULL,'','',0,NULL,'client@winztime.com','eeeeee@digimantra.com','$2y$10$gIsuXBuEVBdUQJiO1i.ZeOgclf8bbLOx.M693CYbfkjLmBTrSODv.',NULL,'1',0,1,1,NULL,NULL,NULL,'07/11/2000','',0,0,'2021-09-29 04:22:32','2021-09-29 16:24:21'),(260,2,0,1,NULL,'Raghavendra','Basavaraju','0',NULL,'','',0,NULL,'529129722','rbkulal@outlook.com','$2y$10$59WFdyqJaK6EIv5.pg2zqOYfw3xxlQcUJaJnXXkBkRZuy7Cf39BYC',NULL,'1',0,1,1,NULL,NULL,NULL,'01/28/1987','',0,0,'2021-09-29 08:00:03','2021-09-29 20:01:48'),(261,2,0,1,NULL,'Fatmah','Alhashmi','1',NULL,'','',0,NULL,'555440401','fatma_3li4@hotmail.com','$2y$10$LQ7Hn1Pa2TGt3FqoWkKy/.sK.6yIlYtJQlFALn4lCWWdtfnqjWYjW',NULL,'1',0,1,1,NULL,NULL,NULL,'09/30/2021','',0,0,'2021-09-29 11:23:05','2021-09-29 23:26:19'),(262,2,0,1,NULL,'Obaidul','Khan','0',NULL,'','',0,NULL,'0567012098','obaidulkhan2014@gmail.com','$2y$10$Z.JteYvk3s6itjUGWSSNJu6ErkYNr4AMSnFpj78wPCZgwCAkO/TEK',NULL,'1',0,1,1,NULL,NULL,NULL,'06/12/1997','',0,0,'2021-09-30 12:14:01','2021-09-30 00:14:51'),(263,2,0,1,NULL,'Saddam','Hosen','0',NULL,'','',0,NULL,'0543753065','saddamhosenshamim27@gmail.com','$2y$10$DzcfloU8lGsUsG.zyOSSEuIIY5s16xjjsynP6s0Ld0NlAzLp9ppQu',NULL,'1',0,1,1,NULL,NULL,NULL,'12/01/1998','',0,0,'2021-09-30 02:24:51','2021-09-30 02:27:46'),(266,2,0,1,NULL,'Pearl','Sharma','1',NULL,'','',0,NULL,'7973465670','pearl.sharma@digimantra.com','$2y$10$p1MHtOBGr54iNtdJ7ELJJOhIrPE6Bqp/lreyH5veqtxJ9QMKrj8lS',NULL,'1',415997,0,1,NULL,NULL,NULL,'09/15/2021','',0,0,'2021-09-30 03:22:27','2021-09-30 03:22:27'),(268,2,0,1,NULL,'Mayank','Setia',NULL,NULL,'','',0,NULL,NULL,'invinciblenigma@gmail.com','$2y$10$cATORFrH04mfDVzJ3sfyRuSRbel1YCfLVLzvyRv0x6U0Y4tjSyr7W',NULL,'1',0,1,1,NULL,NULL,NULL,NULL,'',0,0,'0000-00-00 00:00:00',NULL),(269,2,0,1,NULL,'Omair','Ahamed',NULL,NULL,'','',0,NULL,NULL,'sglv46@hotmail.com','$2y$10$..1QV9qpX4NuGozqs5jLZOzUEvNvDI3z925PwF/9ZCjCq4qJvAN66',NULL,'1',0,1,1,NULL,NULL,NULL,NULL,'',0,0,'0000-00-00 00:00:00',NULL),(270,2,0,1,NULL,'Shoaib','Mohammed','0',NULL,'','',0,NULL,'0562325019','shoaibrks@rediffmail.com','$2y$10$b8eEfjAYOk0lrwEa8NYyoe46XhBxrci2HBSxoEnyWrnxzVL0vlkYC',NULL,'1',614945,0,1,NULL,NULL,NULL,'10/28/1988','',0,0,'2021-09-30 05:55:38','2021-09-30 05:55:38'),(278,2,0,1,NULL,'Saeed','Alnuaimi',NULL,NULL,'','',0,NULL,NULL,'','$2y$10$CkF/8Wi1to.V2VsS7yajgeDflhN5Y.gu9/mXGd5A/sBwrICcXT7du',NULL,'1',0,1,1,NULL,NULL,NULL,NULL,'',0,0,'0000-00-00 00:00:00',NULL),(281,2,71,1,NULL,'Ali','Jaber','0',NULL,'','',0,NULL,'0502801120','a_j48@hotmail.com','$2y$10$5pNjU22Eu5G/kvXKpiz6teoFFWL319rbnKu5J2mnR6DIQ6nx9tU7e',NULL,'1',0,1,1,NULL,'SujiQrAFqFanzNC3iJwEHpptuNWPFTjvte0hG00agq17ZjAVqJSFt7VQhNdu',NULL,'12/24/01981','',0,0,'2021-10-03 05:44:06','2021-11-03 21:12:35'),(282,2,1136,1,NULL,'Janice','Barbacena','1',NULL,'Philippines','United Arab Emirates',0,NULL,'0559626554','janice.mesina@yahoo.com','$2y$10$kyFP0PARUpkjCdmJBrq/b.ulzcn5D2VVt6Ed0HvewidofuIQOKG.O',NULL,'1',0,1,1,NULL,NULL,NULL,'10/14/1983','',0,0,'2021-10-04 11:48:56','2021-11-05 07:16:52'),(283,2,0,1,NULL,'Eryl','Blaire Llemit',NULL,NULL,'','',0,NULL,NULL,'erylz213@yahoo.com','$2y$10$OYEQVuoi/IXwaEU/avVItuAbqMr1a9ce0.peN0q6A9dX8VjajT6Rq',NULL,'1',0,1,1,NULL,NULL,NULL,NULL,'',0,0,'0000-00-00 00:00:00',NULL),(284,2,1,1,NULL,'Divyansh','Sharma','0',NULL,'','',0,NULL,'0562759305','divyanshthegoodboy@gmail.com','$2y$10$Zy14wlhkE0f2.TBEU3RRUuD0adoKTiXZLmvhuHms0VeDeQ1.dZN5G',NULL,'1',0,1,1,NULL,NULL,NULL,'07/01/02001','',0,0,'2021-10-04 05:47:35','2021-10-04 17:48:27'),(285,2,0,1,NULL,'Mohammad','Arfan',NULL,NULL,'','',0,NULL,NULL,'mdfjirfan@gmail.com','$2y$10$.zMhAxAbaVo9jP0UZvkc0eCS2.JE3thA.GMU3RsuTqQvdFcH.QZhO',NULL,'1',0,1,1,NULL,NULL,NULL,NULL,'',0,0,'0000-00-00 00:00:00',NULL),(286,2,0,1,NULL,'Saiful','islam','0',NULL,'','',0,NULL,'0555887076','sbts7076@gmail.com','$2y$10$vnLXsluwLahn5TQKfWNJTey9jbmtfdqXHo9luAuPpMwV7i.dKeamq',NULL,'1',112160,0,1,NULL,NULL,NULL,'11/10/01990','',0,0,'2021-10-05 07:32:29','2021-10-05 07:32:29'),(287,2,0,1,NULL,'Saiful','islam','0',NULL,'','',0,NULL,'0555887076','islamsaiful270@gmail.com','$2y$10$uk6d2nWx4eHvmzB2mf98POtfryYfutUFYFnPb9hxAZW5qHpofuKyi',NULL,'1',0,1,1,NULL,NULL,NULL,'11/10/01990','',0,0,'2021-10-05 07:38:02','2021-10-05 07:44:20'),(288,2,4,1,NULL,'Karen Ann','Buhay','1',NULL,'','',0,NULL,'0568879189','karen_ann_buhay@yahoo.com','$2y$10$t2DABZBpQG2fx3E6Iya6wO6HoUsLJmC1ng0P9juzNj3333MvtmHQ.',NULL,'1',0,1,1,NULL,NULL,NULL,'06/13/01991','',0,0,'2021-10-05 10:37:19','2021-10-05 10:38:58'),(289,2,1,1,NULL,'Tarun','Kumar','0',NULL,'','',0,NULL,'0559092883','tarundost123@gmail.com','$2y$10$oFV8D5UlTCu3tnQjpbFO5.ZIbsDovwNblf62MtxlTASRBAcllWymC',NULL,'1',0,1,1,NULL,NULL,NULL,'10/25/01984','',0,0,'2021-10-05 03:58:22','2021-10-05 15:58:57'),(290,2,6,1,NULL,'Rasheed','Abdul','0',NULL,'','',0,NULL,'567309738','Starabdul27@gmail.com','$2y$10$ixv6SsrqFm0p/4bWV7KzbO7v4Ebkugi.oohMlLgZZsgAIaTkjW/wW',NULL,'1',0,1,1,NULL,NULL,NULL,'02/27/01978','',0,0,'2021-10-05 06:23:20','2021-10-05 18:27:19'),(291,2,0,1,NULL,'Mufassir','Musthafa','0',NULL,'','',0,NULL,'0554450346','mufassirmusthafa@gmail.com','$2y$10$iVRNLHLWp1iIRGY8Tfs9s.Qcneho1Hieg5k6Yve.ih3ISlSwWjsA.',NULL,'1',0,1,1,NULL,NULL,NULL,'02/04/01995','',0,0,'2021-10-05 09:41:33','2021-10-05 21:42:30'),(292,2,0,1,NULL,'lury','naluis','1',NULL,'','',0,NULL,'0551816232','lurylambayan@gmail.com','$2y$10$/SH29h97a3VNIn7XJ.e.6uetbPh0SruytWKsUTqh2C08LxcS6YDuq',NULL,'1',970586,0,1,NULL,NULL,NULL,'04/30/01987','',282,1,'2021-10-05 11:01:01','2021-10-05 23:01:30'),(297,2,0,1,NULL,'Deepak','Kumar','0',NULL,'','',0,NULL,'9041190411','deepak.kumar@digimantra.com','$2y$10$scTgfm/EGtwUfo1XeAcMK.MXa1etIktzsQLoJHAgKrESsg4aW5S46',NULL,'1',0,1,1,NULL,NULL,NULL,'01/01/02021','',0,0,'2021-10-06 08:28:49','2021-10-06 08:29:28'),(298,2,0,1,NULL,'Bharti','Lakhotra','1',NULL,'','',0,NULL,'9041190411','bharti.lakhotra@digimantra.com','$2y$10$8rW1zc6R6lIvDtu8xjoDP.rvBF8.aK2OLZazCiaj0JZRaLNY/Sd72',NULL,'1',0,1,1,NULL,NULL,NULL,'01/02/02019','',0,0,'2021-10-06 08:48:43','2021-10-06 08:49:02'),(300,2,1,1,NULL,'Niveen','Sibai','1',NULL,'','',0,NULL,'0504749844','niveensibai@live.com','$2y$10$HEwclotYIRgx6tKz7volUuFpOUm7kjbq9b4sBMYH9CA2cIOx93Luq',NULL,'1',0,1,1,NULL,NULL,NULL,'05/07/01993','',0,0,'2021-10-06 09:57:28','2021-10-06 09:57:46'),(301,2,0,1,NULL,'Lisa','Beaudenon','1',NULL,'','',0,NULL,'0505077198','lisabeaudenon@gmail.com','$2y$10$MjKCC98cVTCDWrPmdS5MuuEM0.jTT4iLcLDuUvnJKy6JSs7t8GTxu',NULL,'1',0,1,1,NULL,NULL,NULL,'07/21/01999','',0,0,'2021-10-06 10:00:37','2021-10-06 10:01:07'),(302,2,0,1,NULL,'Shweta','Rakesh','1',NULL,'','',0,NULL,'0504758818','coolmomindxb@gmail.com','$2y$10$yHxuoH8nqqyY0MwDFcr2j.04.LaQNZKCfwsndm5cNP0jQlEYFWxoO',NULL,'1',0,1,1,NULL,NULL,NULL,'02/11/01979','',0,0,'2021-10-06 10:27:11','2021-10-06 10:27:59'),(303,2,0,1,NULL,'Islam','Hafez','0',NULL,'','',0,NULL,'0555984624','islam.hafezzz@gmail.com','$2y$10$JgCgYg1XxG2BBOY7q9F0Auc8FIKw6vJzxibdxmue06YukmWihcrIi',NULL,'1',0,1,1,NULL,NULL,NULL,'09/22/01980','',0,0,'2021-10-06 11:00:02','2021-10-06 11:00:24'),(305,2,0,1,NULL,'Islam','Hafez','0',NULL,'','',0,NULL,'0555984624','islam.hafez@winztime.com','$2y$10$jsRsIjQnrPLH9CWpnnj6v.KISLfnmbblWFf1U4nir/11FZ410NaCW',NULL,'1',0,1,1,NULL,NULL,NULL,'09/22/01980','',0,0,'2021-10-06 11:15:57','2021-10-06 11:16:37'),(306,2,0,1,NULL,'Mubaris','Kadavath Purayil','0',NULL,'','',0,NULL,'509510965','mubakavvayi@gmail.com','$2y$10$2Lp2rG18ZLMOhUjP54KyyuehZZnDH5KD5Ap0q3/xXQlEvdhn8/E6W',NULL,'1',0,1,1,NULL,NULL,NULL,'08/31/01993','',0,0,'2021-10-06 01:13:09','2021-10-06 13:14:10'),(308,2,0,1,NULL,'Grace','Agustin','1',NULL,'','',0,NULL,'0525933796','marygraceqagustin09@gmail.com','$2y$10$dYHhauIgO3Fl1TGDZrNfL.TVnMUJNYxB5YD4dQuntr/cAI/Qqw4/y',NULL,'1',437962,0,1,NULL,NULL,NULL,'11/16/01995','',0,0,'2021-10-09 10:21:44','2021-10-09 10:21:44'),(309,2,0,1,NULL,'Khalid','Alhamed',NULL,NULL,'','',0,NULL,NULL,'mr_khalid_hamed@hotmail.com','$2y$10$xNzHeeC4qPvbheAn23p5xe6NnxSUhiGHC9bjrpCCyEkrlUdUN0JI6',NULL,'1',0,1,1,NULL,NULL,NULL,NULL,'',0,0,'0000-00-00 00:00:00',NULL),(310,2,1,1,NULL,'Jem','Margoux','1',NULL,'','',0,NULL,'0585196874','jemmargoux@gmail.com','$2y$10$r2YSUS8Fzmw3osUG9S8BaOieopgWLUahwFXJsfbrymHgvh4rby6h.',NULL,'1',0,1,1,NULL,NULL,NULL,'10/05/01996','',0,0,'2021-10-11 02:20:25','2021-10-11 14:21:46'),(314,2,0,1,NULL,'Shyma','Nashrin','1',NULL,'','',0,NULL,'0565913296','shymanash@yahoo.com','$2y$10$Y0dEN8zxs8xMbL35NKeEk.o.3RdyTVYVAMAG.LJeVmtz7NOk2E9e2',NULL,'1',956670,0,1,NULL,NULL,NULL,'05/23/01988','',0,0,'2021-10-13 08:43:37','2021-10-13 08:43:37'),(315,2,0,1,NULL,'Archana','Ashar','1',NULL,'','',0,NULL,'0503593711','archuashar@gmail.com','$2y$10$cXB0G71gkYZX/rJyaNAV7.eMK3Y/a.tWIaYXpJJN7VS5QglLZFQ/e',NULL,'1',0,1,1,NULL,NULL,NULL,'10/012/01982','',0,0,'2021-10-14 09:50:56','2021-10-14 21:52:22'),(316,2,2,1,NULL,'Abdullag','rebaine','0','0','Algeria','United Arab Emirates',0,NULL,'0505854476','blackstar_abood@hotmail.com','$2y$10$qV.eIUuXupSAagvTYc4UpOKUASXT59aObyygf7xIXkbzCJ4Ezyb6m',NULL,'1',0,1,1,NULL,NULL,NULL,'08/27/2000','',0,0,'2021-10-15 05:28:36','2021-10-25 17:42:05'),(318,2,0,1,NULL,'Sultan','Salmani',NULL,NULL,'','',0,NULL,NULL,'sultansalmani52@gmail.com','$2y$10$3YwNa24Co/8LEziQxo8fnel.DrWS8HF/zgKDiZBt7Nv3XZ95r8KOS',NULL,'1',0,1,1,NULL,NULL,NULL,NULL,'',0,0,'0000-00-00 00:00:00',NULL),(319,2,0,1,NULL,'lorem','ipsum','1',NULL,'','',0,NULL,'8872431567','test21@gmail.com','$2y$10$AqpxBwkETutA7gOdwGdD3uOuQe4CMsfHzIuJ50EEYigXC/5aRPTXS',NULL,'1',998865,0,1,NULL,NULL,NULL,'10/10/01997','',0,0,'2021-10-19 11:45:08','2021-10-19 11:45:48'),(320,2,0,1,NULL,'Azizur Rahman','Akanda','0',NULL,'','',0,NULL,'0525293239','amediaeshop@gmail.com','$2y$10$WXxGxeMnpI7ygxTkNn3Z1OjPwqrVCWi1mG0SH2pxBVfB6j0l3FVEy',NULL,'1',0,1,1,NULL,NULL,NULL,'06/15/01981','',0,0,'2021-10-19 05:46:36','2021-10-19 17:47:17'),(323,2,1,1,NULL,'Ramalingam','Krishnamoorthy','0',NULL,'','',0,NULL,'0556417465','Krishnamoorthysubash52@gmail.com','$2y$10$P3/vDljfJGnv35vgz0VqvulFspX9/7b5.P1sHtJJZZBjXNyR6lxCq',NULL,'1',0,1,1,NULL,NULL,NULL,'05/18/01972','',0,0,'2021-10-22 08:08:52','2021-10-22 20:18:02'),(324,2,0,1,NULL,'Rejin','Stha',NULL,NULL,'','',0,NULL,NULL,'rechen_2005@yahoo.com','$2y$10$gUfXQwUs8jXHIYe5rrfqz.VPnFeqsmfYSIfJI7jp4SydAHfXSsYuW',NULL,'1',0,1,1,NULL,NULL,NULL,NULL,'',0,0,'0000-00-00 00:00:00',NULL),(331,2,0,1,NULL,'Shruti','Bhatti','1',NULL,'','',0,NULL,'8872431578','shruti.bhatti@digimantra.com','$2y$10$PHu3lts5F3lU143dPusxpec2nXCha2Yga7Y0rmm2MQ7ZjRPW1GQ2e',NULL,'1',0,1,1,NULL,NULL,NULL,'03/04/01998','',0,0,'2021-10-25 01:49:49','2021-10-25 13:51:12'),(332,2,29,1,NULL,'Md Rakib Ur','Raihan','0',NULL,'','',0,NULL,'564696171','rakiburraihan818@gmail.com','$2y$10$Aa8nEdDd7AzkPAO6mDJyUO58H9B.KpWN4NMV6AmL1ReFWpeFrvP5e',NULL,'1',0,1,1,NULL,NULL,NULL,'08/15/02021','',0,0,'2021-10-26 03:04:40','2021-10-26 03:05:10'),(333,2,2,1,NULL,'Girish','Agnani','0',NULL,'India','United Arab Emirates',0,NULL,'0501269270','agnanigirish@gmail.com','$2y$10$eDk7TaG9Dnlnv9YlyFHLb.X3YRIkPih7/N8NcUqxA9C5E01/Gnty.',NULL,'1',0,1,1,NULL,NULL,NULL,'05/08/1996','',0,0,'0000-00-00 00:00:00','2021-10-28 10:23:36'),(334,2,103,1,NULL,'Janice','Mesina','1',NULL,'Philippines','United Arab Emirates',0,NULL,'0509741484','nicemesi14@gmail.com','$2y$10$Qlzys1U54PPFg2vJ/l5pJOfbb1WOj7rob7ddZsGofGhrqLJ7WdWMm',NULL,'1',0,1,1,NULL,NULL,NULL,'10/14/1983','',282,0,'2021-10-28 12:41:39','2021-11-12 09:37:22'),(335,2,0,1,NULL,'Mary Ann','Ocampo','1',NULL,'','',0,NULL,'556554504','acocampo.ndt@gmail.com','$2y$10$OfQBs0hg0Gftz25.Aeigt.OrWORdIG35Hf8Amg.BJJhFjpANTesTy',NULL,'1',978743,0,1,NULL,NULL,NULL,'01/25/01985','',282,1,'2021-10-29 03:56:34','2021-10-29 04:33:04'),(336,2,103,1,NULL,'Mary Ann','Ocampo','1',NULL,'','',0,NULL,'556554504','nathaliesheinne26@gmail.com','$2y$10$esbpGcCFoBOVBfZVa3uwiOzWyy9IsjClLDu1qI3o62GJFDP4QBIUy',NULL,'1',0,1,1,NULL,NULL,NULL,'01/25/01985','',282,0,'2021-10-29 04:38:37','2021-10-29 04:41:06'),(337,2,0,1,NULL,'Momin','Mohamed qasim Mustafa','0',NULL,'','',0,NULL,'529088094','qasim.momin@yahoo.co.in','$2y$10$qW5j7X58y4lgcsYOjVCVEO9pl7LsGUFg.t1JZVOAPNs2bXuRFHNV.',NULL,'1',550893,0,1,NULL,NULL,NULL,'04/15/01973','',282,1,'2021-10-29 05:30:06','2021-10-30 04:07:24'),(338,2,103,1,NULL,'Momin','Mohamed qasim Mustafa','0',NULL,'','',0,NULL,'529088094','qasim4momin@gmail.com','$2y$10$1KVvrhDTovgk.gx6oHr/q.vjuaRshzWiQNd0e1QgUs6mz.pkczyoW',NULL,'1',0,1,1,NULL,NULL,NULL,'04/015/01973','',282,0,'2021-10-29 05:34:55','2021-10-29 05:37:38'),(339,2,0,1,NULL,'Irfan','Deen','0',NULL,'','',0,NULL,'0553220659','irfandeen24@gmail.com','$2y$10$WNq43zCV2YJNzF0VIk98GeyxTvmvqvT74Nho28seOsZhWFisgAgnq',NULL,'1',0,1,1,NULL,NULL,NULL,'03/08/01997','',0,0,'2021-10-30 03:48:22','2021-10-30 03:49:01'),(340,2,103,1,NULL,'Irfan','Deen','0',NULL,'','',0,NULL,'0553220659','ecinaj14@icloud.com','$2y$10$YtQEZj3PC7N1EkP6OTgVWeTTPsBeetdhrO/LN8lNsIfnslt9GyVje',NULL,'1',0,1,1,NULL,NULL,NULL,'03/008/01997','',282,0,'2021-10-30 04:20:09','2021-10-30 04:41:14'),(341,2,0,1,NULL,'Velia','Vel','1',NULL,'','',0,NULL,'566931948','vsabenorio4@gmail.com','$2y$10$HoKPhrkBBeOoQr0TWKMooe6QixX7abhV3DLDuXDdtQ1AjlGsRp526',NULL,'1',0,1,1,NULL,NULL,NULL,'02/24/01998','',0,0,'2021-10-30 07:18:42','2021-10-30 07:20:16'),(342,2,0,1,NULL,'Navdeep','Kaur',NULL,NULL,'','',0,NULL,NULL,'kaurn8045@gmail.com','$2y$10$Q9vm8c8gxAj3Bey1WZoBZ.3st9ezGPLBOLBQ8p.cYDOz1NLGyGbIa',NULL,'1',0,1,1,NULL,NULL,NULL,NULL,'',0,0,'0000-00-00 00:00:00',NULL),(343,2,0,1,NULL,'Ishrat Ali','Cheema','0',NULL,'Pakistan','United Arab Emirates',0,NULL,'0545916993','ishratalicheema5@gmail.com','$2y$10$ne6x9JKg4PHQ2An9f9fvUOn.2yTnm8tx18Z7kvjDIHl3NkkR9quvO',NULL,'1',0,1,1,NULL,NULL,NULL,'02/06/1997','',0,0,'2021-10-30 08:27:08','2021-10-30 20:28:52'),(344,2,101,1,NULL,'Hermora','Adilon','1',NULL,'','',0,NULL,'0528971511','hera.adilon86@gmail.com','$2y$10$OIO3x02/vBmqYhi3r686HOsL8Ttdz1p88etZqIxSB4wZRO4vqZ8MG',NULL,'1',0,1,1,NULL,NULL,NULL,'03/26/01991','',282,0,'2021-10-30 11:09:49','2021-10-30 23:10:32'),(345,2,0,1,NULL,'Askar','Mohammed','0',NULL,'','',0,NULL,'0589798983','askarmohammed1296@gmail.com','$2y$10$IDe5SBVDShf8X9As2ABfNey3pLaGAC29BC10zEZhWM.URuxKJUUni',NULL,'1',171001,0,1,NULL,NULL,NULL,'03/14/01999','',282,1,'2021-10-31 12:30:24','2021-10-31 12:30:24'),(346,2,101,1,NULL,'Maryjane','Usama','1',NULL,'','',0,NULL,'0528843593','mj_honeydwrench90@yahoo.com','$2y$10$QIvkxxoVHmbAoWC4ld88y.WFTTItTG1QRTnHtRw34deIFSDZX5.xa',NULL,'1',0,1,1,NULL,NULL,NULL,'08/27/01984','',282,0,'2021-10-31 01:52:34','2021-10-31 10:21:41'),(347,2,101,1,NULL,'Manylyn','Benedictos','1',NULL,'','',0,NULL,'0553378054','benedictoslen@gmail.com','$2y$10$qeB9RH7lMFhJgiuH7gV4WedPw2lKH4pKJIaEgPylPE3rc44baNVrG',NULL,'1',0,1,1,NULL,NULL,NULL,'09/25/01984','',282,0,'2021-10-31 02:23:16','2021-10-31 02:23:49'),(348,2,101,1,NULL,'Rebecca','Resultan','1',NULL,'','',0,NULL,'0558640277','resultanrebecca18@yahoo.com','$2y$10$E.lRJ1qfPy6t33vpMnJ8EeT0RT/8xrHKGX3jfCtQgfPZASIB8Uyu.',NULL,'1',0,1,1,NULL,NULL,NULL,'04/22/1987','',282,1,'2021-11-01 02:59:33','2021-11-01 07:38:24'),(349,2,0,1,NULL,'lury','naluis','1',NULL,'','',0,NULL,'551816232','orllmbyn@gmail.gmail.com','$2y$10$TUR.bWo/NGa9h5vTWtW4BO/1HVrgeCB1BxMDvpZG4b2l7pOKSEpuK',NULL,'1',475575,0,1,NULL,NULL,NULL,'04/030/01987','',282,1,'2021-11-01 05:17:50','2021-11-01 05:21:30'),(350,2,101,1,NULL,'naluis','lury','1',NULL,'','',0,NULL,'0551816232','lambayanjewelricky@gmail.com','$2y$10$LOhOMYKtbHIMtQT7Jh6EpO3CZR9IIcwsf7WnYJpHD4qKWE.dZv4yO',NULL,'1',0,1,1,NULL,NULL,NULL,'04/30/01987','',282,0,'2021-11-01 05:25:50','2021-11-01 05:26:11'),(352,2,0,1,NULL,'Sudiksha','chandel','1',NULL,'','',0,NULL,'9786789678','sudiksha.chandel@digimantra.com','$2y$10$VbKd7oqwgAHK24VzRCkpJOfUNaqQvwEz/wIRPL/dpK/FKZtCFT5sa',NULL,'1',740677,0,1,NULL,NULL,NULL,'02/07/02012','',0,0,'2021-11-01 04:14:41','2021-11-01 04:14:41'),(353,2,0,1,NULL,'Deo pearl','Sacbibit','1',NULL,'','',0,NULL,'522019279','misty_gaze8888@yahoo.com','$2y$10$q2w9Cu.A1j0U/hxQ/NYHl.PyoNqf5/DubEPQddd.C7uynMKWL7yAi',NULL,'1',630766,0,1,NULL,NULL,NULL,'05/05/01987','',0,0,'2021-11-01 09:55:55','2021-11-09 06:32:20'),(354,2,0,1,NULL,'Hsrptret','Kaur','1',NULL,'','',0,NULL,'9785567567','harpreet.digimantra@yahoo.com','$2y$10$m7MH6Kp2a8yeAm/A7rZIe.JfQxyEg2AFJvX0jEugRhTWeql5gCmj.',NULL,'1',445736,0,1,NULL,NULL,NULL,'03/004/02015','',0,0,'2021-11-02 08:18:42','2021-11-18 05:35:41'),(356,2,0,1,NULL,'ddddd','dddddd','1',NULL,'','',0,NULL,'9786786567','harpreet.kaurdd@digimantra.com','$2y$10$HgKwKEftTIiV6E5FK0hkNOEAuSG3.xwe1TwLHC0V9Wn5iz4HiW9Cm',NULL,'1',324650,0,1,NULL,NULL,NULL,'03/04/02014','',0,0,'2021-11-02 08:38:46','2021-11-02 08:38:46'),(360,2,0,1,NULL,'ssss','ddd','1',NULL,'','',0,NULL,'9878909876','harpreet.kaur@digimantra.com','$2y$10$ccsQnHdJ8foDZNThpm7NcOuuDl7iO96RgHRZGcF0WIDFK5CLHpvYO',NULL,'1',0,1,1,NULL,'4hhJ0kCpJKFT4UwZy642kxv7kJMCfir0tuL7gMU3GhtiLz5VpDNPYRnhO3fv',NULL,'05/07/02008','',0,0,'2021-11-02 11:58:09','2021-11-02 11:59:49'),(361,2,6,1,NULL,'Gupta','Poonam','1',NULL,'','',0,NULL,'0581783012','poonamgupta808@gmail.com','$2y$10$QkeqdQpm2CGxVelQnUAImemwP28Pe7ZCjIKorwFtFubHg4bHb0TKC',NULL,'1',0,1,1,NULL,NULL,NULL,'02/10/01978','',0,0,'2021-11-02 02:45:22','2021-11-02 14:46:38'),(362,2,12,1,NULL,'Amir','Abdullah','0',NULL,'','',0,NULL,'0505886259','uff_yeah@hotmail.com','$2y$10$0COO/9IztSkm4Z0qIVPySOLx/0dvfIUrrYoBds.9hKoPdHnMkG976',NULL,'1',0,1,1,NULL,NULL,NULL,'01/01/01978','',0,0,'2021-11-03 07:18:01','2021-11-03 19:18:37'),(363,2,0,1,NULL,'Iqra','Sultan',NULL,NULL,'','',0,NULL,NULL,'iqrasultanuae@gmail.com','$2y$10$3UaFDObo9fu.E1r0zeGQherjXtKLduLdgwIXMcYAe8RhD/FLIwrJS',NULL,'1',0,1,1,NULL,NULL,NULL,NULL,'',0,0,'0000-00-00 00:00:00',NULL),(364,2,101,1,NULL,'Errol','Guillen','1',NULL,'','',0,NULL,'0562747087','errolguillen26@gmail.com','$2y$10$7S.2GONU/IWHncI3WmmpreD4XYfDhNwkjQPKXltSz1y3J5rkQ7iou',NULL,'1',0,1,1,NULL,NULL,NULL,'10/09/1985','',282,1,'2021-11-05 01:06:33','2021-11-05 07:15:09'),(365,2,1,1,NULL,'Nasser','Youssef','0',NULL,'','',0,NULL,'0562919932','ae_dxb@hotmail.com','$2y$10$NaV57lGBOEP/5fQD7gmZw.3qk2LwmVAkOKNJLUYWb195XZQqBikpy',NULL,'1',0,1,1,NULL,NULL,NULL,'10/09/01982','',0,0,'2021-11-05 08:23:06','2021-11-05 08:25:38'),(369,2,0,1,NULL,'Gazala Parveen','Hakim','1',NULL,'','',0,NULL,'0507512787','gazalmehmood@hotmail.com','$2y$10$7JkS400DSxvYcETCUW2.G.7BDdG2RWbXHOtSHet30sryx6to43sve',NULL,'1',0,1,1,NULL,NULL,NULL,'10/05/01972','',0,0,'2021-11-05 06:40:52','2021-11-05 18:42:32'),(370,2,0,1,NULL,'Anil','Pariyar',NULL,NULL,'','',0,NULL,NULL,'yskblack_song@yahoo.com','$2y$10$OOZRz2t4rDniaiECI04rmOz2wu2sKUIWB7AN9lQZqm47kXhSkxIMK',NULL,'1',0,1,1,NULL,NULL,NULL,NULL,'',0,0,'0000-00-00 00:00:00',NULL),(371,2,1,1,NULL,'Sunil','Mirchandani','0',NULL,'','',0,NULL,'0551049019','perfecto@emirates.net.ae','$2y$10$HQwkQd31ANkRbCl87yQxJOIFHYByKHK84I1egf6QqDSkhMy.QNe8K',NULL,'1',0,1,1,NULL,NULL,NULL,'05/25/01970','',0,0,'2021-11-06 12:00:55','2021-11-06 12:01:36'),(372,2,1,1,NULL,'Mohamed','AlGhafri','0',NULL,'','',0,NULL,'0567000021','Alghafry889@hotmail.com','$2y$10$NWs9hxWwhj1bBgOynKUyjOFDddyvJ2WDpVOrX/ai5vqM4yZTWgLUC',NULL,'1',0,1,1,NULL,NULL,NULL,'08/29/01983','',0,0,'2021-11-06 01:26:29','2021-11-06 13:28:03'),(373,2,1,1,NULL,'Boby','TA','0',NULL,'','',0,NULL,'0502657109','bobyta03@gmail.com','$2y$10$Uzsq.94FnxuA/PTnAuprZezdIqjUR95ADeUvp6oEwp2EwfS7Ko3fa',NULL,'1',0,1,1,NULL,NULL,NULL,'10/27/01987','',0,0,'2021-11-06 01:31:28','2021-11-06 13:32:51'),(374,2,0,1,NULL,'Sameen','Shahrukh',NULL,NULL,'','',0,NULL,NULL,'sameen.shahrukh@yahoo.com','$2y$10$O62qtwg/wGqStEedqu3cruumzP944T8z8TcOuFx4.TSlHRcysFJ6S',NULL,'1',0,1,1,NULL,NULL,NULL,NULL,'',0,0,'0000-00-00 00:00:00',NULL),(375,2,2,1,NULL,'Deepa','Boby','1',NULL,'','',0,NULL,'0559823128','marysara884@gmail.com','$2y$10$WBCnQsHGkJ6CIkf8.LEbd.NbLs9uVfBOWQDlMG7UHeMTFZihnETxW',NULL,'1',0,1,1,NULL,NULL,NULL,'07/28/01988','',0,0,'2021-11-06 02:00:42','2021-11-06 14:01:15'),(376,2,7,1,NULL,'Rohit','Balchandani',NULL,NULL,'','',0,NULL,NULL,'rohit-b@live.com','$2y$10$fW/1O6DmjOtD/KU5WW0DsOdqmVdDdfdjEFsPgxUVG3OzIOtHWob5q',NULL,'1',0,1,1,NULL,NULL,NULL,NULL,'',0,0,'0000-00-00 00:00:00',NULL),(377,2,101,1,NULL,'PANDURANG','DHARGALKAR','0',NULL,'','',0,NULL,'0551708658','pddhargalkar1234@gmail.com','$2y$10$auDHf2h/PSByGEB1cFqBGu5HhtOOaa3cl2NtJOKYUx5BHXiVXb9C2',NULL,'1',0,1,1,NULL,NULL,NULL,'01/24/01981','',282,0,'2021-11-06 09:31:41','2021-11-06 21:33:59'),(378,2,4,1,NULL,'Abdullh','Alteneiji','0',NULL,'','',0,NULL,'0504908088','Abdullah.krj88@gmail.com','$2y$10$YXqlVVvptofeXQShYZhzPuylV2VIUJp3Om78BtQ0tSKnKYS3aPX.6',NULL,'1',0,1,1,NULL,NULL,NULL,'01/01/01987','',0,0,'2021-11-07 01:41:16','2021-11-07 01:41:36'),(379,2,0,1,NULL,'Mahmudul','Hasan Hera',NULL,NULL,'','',0,NULL,NULL,'lonelyhera@yahoo.com','$2y$10$Csy1/7Y9lUJRfLKRU8QqxuNw2xAh3kCVjAjB55fw/82UYGXnl22Iu',NULL,'1',0,1,1,NULL,NULL,NULL,NULL,'',0,0,'0000-00-00 00:00:00',NULL),(380,2,0,1,NULL,'Sameen','Shahrukh',NULL,NULL,'','',0,NULL,NULL,'sameenkhan766@gmail.com','$2y$10$3PwKgxRhaqZDvHbt6zWWauuf6e6HFcoKZkGaKPL91ELUr.agIUKnO',NULL,'1',0,1,1,NULL,NULL,NULL,NULL,'',0,0,'0000-00-00 00:00:00',NULL),(382,2,3,1,NULL,'shahrukh','khan','0',NULL,'','',0,NULL,'0501735178','SHAHRUKH@MALTAAUTO.AE','$2y$10$iK9PbQb8wUNxaObxycXjz.J6ch0VzR0yoCKongioXEcyeMs4MCtay',NULL,'1',0,1,1,NULL,NULL,NULL,'05/16/01989','',0,0,'2021-11-08 06:58:24','2021-11-08 18:59:07'),(383,2,0,1,NULL,'Irfan','Bashir','0',NULL,'','',0,NULL,'0522443717','irfanbashir399@gmail.com','$2y$10$/BsE73O1dE.3Ck3i2IGlK.4XVAhe64LkXd1cQiwt4ZHPY4v63RkBi',NULL,'1',466502,0,1,NULL,NULL,NULL,'02/24/01993','',0,0,'2021-11-09 12:27:32','2021-11-09 00:28:09'),(384,2,0,1,NULL,'Deo pearl','Sacbibit','1',NULL,'','',0,NULL,'522019279','zoe_alvah8888@yahoo.com','$2y$10$gQC5LP55dQVVYdl2ALNx.eY197aBUbyx8bY3Ydh0HaZPoabEdQojK',NULL,'1',603399,0,1,NULL,NULL,NULL,'05/05/01987','',282,1,'2021-11-09 06:36:34','2021-11-09 06:42:09'),(385,2,3,1,NULL,'Hardikkumar','Shingala','0',NULL,'','',0,NULL,'0589348590','hardikshingala85@gmail.com','$2y$10$e9RPefinajPVfna1Lz0pU.NUXwcxlq51QHTH1ZjBKO5OpyRjW0KES',NULL,'1',0,1,1,NULL,NULL,NULL,'08/16/01985','',0,0,'2021-11-10 12:22:09','2021-11-10 00:23:04'),(386,2,0,1,NULL,'SahibZada','Musab Ahmad',NULL,NULL,'','',0,NULL,NULL,'musabahmad786@yahoo.com','$2y$10$OJHU0gPmnvJKDgLut61USelnlpSS8e8yPlykmW7OkUNxAJRd8v1GS',NULL,'1',0,1,1,NULL,NULL,NULL,NULL,'',0,0,'0000-00-00 00:00:00',NULL),(387,2,0,1,NULL,'Mennatllah','Mohamed','1',NULL,'','',0,NULL,'0555984624','mena.abdelfattah@gmail.com','$2y$10$V5VWxEMxHT9340o5uuSwyeoV/nVKRZEFWnlt0K6vWzUbv.FSVBno6',NULL,'1',0,1,1,NULL,NULL,NULL,'11/01/01983','',0,0,'2021-11-11 11:16:51','2021-11-11 11:58:22'),(388,2,131,1,NULL,'Rishab','goyal','1',NULL,'','',0,NULL,'09876543210','rishab.rishab@digimantra.com','$2y$10$EGkvhmQQfadBsXU/cvBq3.xo5OvH.bYdF1x31LY6IwMXn3a2vH8OS',NULL,'1',0,1,1,NULL,NULL,NULL,'02/18/2000','',0,0,'2021-11-11 11:45:41','2021-11-17 14:40:13'),(389,2,0,1,NULL,'Ali','Jaber','0',NULL,'','',0,NULL,'502801120','ali.jaber@winztime.com','$2y$10$Wj7Mm1B5InTNpEDV7oixFe/xES2w6W1ujTUZwhhJOldI.gXGdOkTq',NULL,'1',0,1,1,NULL,NULL,NULL,'12/24/01981','',0,0,'2021-11-11 11:47:10','2021-11-11 11:47:35'),(390,2,0,1,NULL,'Rishab','test','0',NULL,'','',0,NULL,'09876543210','harpreet.digimantra@hotmail.com','$2y$10$/flnWPw0IhAcUsQITDw6IehDceW2igEzJm57ZE9aPyYcVjxko4Cpa',NULL,'1',669694,0,1,NULL,NULL,NULL,'11/18/02004','',0,0,'2021-11-11 01:05:53','2021-11-11 01:05:53'),(391,2,0,1,NULL,'Jennelyn','Plata','1',NULL,'','',0,NULL,'0553480315','evelynplata31@gmail.com','$2y$10$lwtlhHGu0dzVDMzB7zD0MOsZz86rfrrw2NvcZ1mW9HpOabQi9JtaW',NULL,'1',0,1,1,NULL,NULL,NULL,'05/03/01987','',334,1,'2021-11-12 09:13:21','2021-11-12 09:14:48'),(392,2,0,1,NULL,'Alkhalix','Sappari','0',NULL,'','',0,NULL,'0523577810','qhaisha.sappari@gmail.com','$2y$10$C21lgRjLr4rhAYuHi7gGXe39eTMX2XvjH.uaLT8ipKLwqcpJQxPsu',NULL,'1',0,1,1,NULL,NULL,NULL,'08/30/01984','',334,1,'2021-11-13 05:37:47','2021-11-13 05:38:19'),(393,2,0,1,NULL,'Pola','Adel amin','0',NULL,'','',0,NULL,'01211913336','Dr.polaadel@yahoo.com','$2y$10$cIFpNwkyP54EoFLR36VChOVZ2aKQH6s.gNNwkQUmfWvRNWDOYS8Ue',NULL,'1',0,1,1,NULL,NULL,NULL,'03/04/01989','',0,0,'2021-11-13 07:06:36','2021-11-13 07:07:43'),(394,2,0,1,NULL,'Keisha','Sale Cenidoza',NULL,NULL,'','',0,NULL,NULL,'chato_chase2000@yahoo.com','$2y$10$Ppc1qHtD.vZvKtwfFvVnKO2afERKu7crvT5uEg9mDV6ipLTFK7R8.',NULL,'1',0,1,1,NULL,NULL,NULL,NULL,'',0,0,'0000-00-00 00:00:00',NULL),(396,2,0,1,NULL,'Fadi','Saad','0',NULL,'','',0,NULL,'526373722','fadi_nabil_81@hotmail.com','$2y$10$zjzJ7HjXqNaFXiuE805OUeOqV0fr3H268/iZFxfal14rBG8B/A7OC',NULL,'1',162298,0,1,NULL,NULL,NULL,'08/09/01981','',0,0,'2021-11-13 10:50:19','2021-11-13 10:50:19'),(398,2,0,1,NULL,'Ali','Jaber','0',NULL,'','',0,NULL,'502801120','vandamous@yahoo.co.uk','$2y$10$WmUPHKwJLX5JuyV7cGsImuYwzhSPtw/brNs8.3QLMS4QBBBtY/022',NULL,'1',0,1,1,NULL,NULL,NULL,'12/24/01981','',0,0,'2021-11-13 11:08:22','2021-11-13 11:09:15'),(400,2,0,1,NULL,'Mohtsam','Khalid','0',NULL,'','',0,NULL,'0556169529','mohtsam786@gmail.com','$2y$10$JXN3rb6y/4z6tD3p2sJ0g.mMDJ9Ri2lG9jpBaI1LRtdbaJgblJQrC',NULL,'1',0,1,1,NULL,NULL,NULL,'08/17/01990','',0,0,'2021-11-14 07:27:51','2021-11-14 19:28:16'),(401,2,2802,1,NULL,'Ali','Jaber','1',NULL,'','',0,NULL,'502801120','kingali24@hotmail.com','$2y$10$7011JIJggbjcRRA4fy02LOUrLCwz5sygJCdkrOkZGa.ZaCJI/R1/.',NULL,'1',0,1,1,NULL,NULL,NULL,'12/24/1981','',0,0,'2021-11-15 10:10:01','2021-11-17 15:28:33'),(402,2,0,1,NULL,'Ali','Jaber',NULL,NULL,'','',0,NULL,NULL,'alijaber1981@gmail.com','$2y$10$JsZUY.oVfnSzemOlXlLSEujSyIeyj2OCFrX1Gro7Vz5wyMD.n5oz6',NULL,'1',0,1,1,NULL,NULL,NULL,NULL,'',0,0,'0000-00-00 00:00:00',NULL),(403,2,0,1,NULL,'Digimanta','dddd','0',NULL,'','',0,NULL,'9876789876','digimantradeveloper@gmail.com','$2y$10$hG2/YB.wBs1JPEoH.nVBqOLujwOB.gzIKiWHmk.LdRlFip9MrkMvW',NULL,'1',0,1,1,NULL,NULL,NULL,'04/07/02012','',0,0,'2021-11-18 09:45:21','2021-11-18 09:45:55'),(404,2,0,1,NULL,'Rishab','goyal','0',NULL,'','',0,NULL,'7894561230','rishab.digimantra@gmail.com','$2y$10$Kz2dJlxAWlagwRrPHJH5VOxR/Pc87.g7m2AoHRdFTi1TlntBe.7dS',NULL,'1',698300,0,0,NULL,NULL,NULL,'04/16/02005','',0,0,'2021-11-18 06:19:51','2021-11-18 06:23:58');
/*!40000 ALTER TABLE `users` ENABLE KEYS */;
UNLOCK TABLES;

--
-- Table structure for table `whos_online`
--

DROP TABLE IF EXISTS `whos_online`;
/*!40101 SET @saved_cs_client     = @@character_set_client */;
/*!40101 SET character_set_client = utf8 */;
CREATE TABLE `whos_online` (
  `customer_id` int(11) NOT NULL DEFAULT '0',
  `full_name` varchar(191) COLLATE utf8_unicode_ci NOT NULL,
  `session_id` varchar(128) COLLATE utf8_unicode_ci NOT NULL,
  `ip_address` varchar(15) COLLATE utf8_unicode_ci NOT NULL,
  `time_entry` varchar(14) COLLATE utf8_unicode_ci NOT NULL,
  `time_last_click` varchar(14) COLLATE utf8_unicode_ci NOT NULL,
  `last_page_url` text COLLATE utf8_unicode_ci NOT NULL,
  PRIMARY KEY (`customer_id`)
) ENGINE=InnoDB DEFAULT CHARSET=utf8 COLLATE=utf8_unicode_ci;
/*!40101 SET character_set_client = @saved_cs_client */;

--
-- Dumping data for table `whos_online`
--

LOCK TABLES `whos_online` WRITE;
/*!40000 ALTER TABLE `whos_online` DISABLE KEYS */;
INSERT INTO `whos_online` VALUES (3,'Admin admin','','','2021-08-22 15:','',''),(4,'client client','','','2021-08-22 16:','',''),(7,'','','','2021-08-23 15:','',''),(8,'','','','2021-08-23 16:','',''),(9,'','','','2021-08-24 10:','',''),(10,'','','','2021-08-24 12:','',''),(12,'','','','2021-08-24 15:','',''),(13,'','','','2021-08-24 16:','',''),(14,'','','','2021-08-24 17:','',''),(15,'','','','2021-08-24 17:','',''),(16,'','','','2021-08-29 16:','',''),(17,'','','','2021-09-03 16:','',''),(18,'','','','2021-09-05 17:','',''),(19,'','','','2021-09-06 22:','',''),(20,'','','','2021-09-07 12:','',''),(21,'','','','2021-09-07 16:','',''),(22,'','','','2021-09-12 20:','',''),(23,'','','','2021-09-13 19:','',''),(24,'','','','2021-09-13 20:','',''),(25,'','','','2021-09-16 13:','',''),(26,'','','','2021-09-17 20:','',''),(27,'','','','2021-09-18 00:','',''),(28,'','','','2021-09-20 19:','',''),(29,'','','','2021-09-22 09:','',''),(30,'','','','2021-09-22 10:','',''),(31,'','','','2021-09-22 10:','',''),(32,'','','','2021-09-22 10:','',''),(33,'','','','2021-09-22 10:','',''),(34,'','','','2021-09-22 10:','',''),(35,'','','','2021-09-23 09:','',''),(36,'','','','2021-09-28 15:','',''),(37,'','','','2021-09-29 13:','',''),(38,'','','','2021-09-29 13:','',''),(39,'','','','2021-09-29 13:','',''),(40,'','','','2021-09-29 13:','',''),(41,'','','','2021-09-29 13:','',''),(42,'','','','2021-09-29 13:','',''),(43,'','','','2021-09-29 13:','',''),(44,'','','','2021-09-29 14:','',''),(45,'','','','2021-09-29 15:','',''),(46,'','','','2021-09-29 15:','',''),(47,'','','','2021-09-29 15:','',''),(48,'','','','2021-09-30 14:','',''),(49,'','','','2021-09-30 14:','',''),(50,'','','','2021-09-30 15:','',''),(51,'','','','2021-09-30 15:','',''),(52,'','','','2021-09-30 17:','',''),(53,'','','','2021-10-01 18:','',''),(54,'','','','2021-10-02 02:','',''),(55,'','','','2021-10-04 16:','',''),(56,'','','','2021-10-05 05:','',''),(57,'','','','2021-10-06 13:','',''),(58,'','','','2021-10-11 12:','',''),(59,'','','','2021-10-18 15:','',''),(60,'','','','2021-10-22 19:','',''),(61,'','','','2021-10-23 10:','',''),(62,'','','','2021-10-27 12:','',''),(63,'','','','2021-10-30 18:','',''),(64,'','','','2021-11-04 12:','',''),(65,'','','','2021-11-05 21:','',''),(66,'','','','2021-11-06 13:','',''),(67,'','','','2021-11-06 21:','',''),(68,'','','','2021-11-07 04:','',''),(69,'','','','2021-11-07 14:','',''),(70,'','','','2021-11-10 02:','',''),(71,'','','','2021-11-10 12:','',''),(72,'','','','2021-11-10 22:','',''),(73,'','','','2021-11-13 10:','',''),(74,'','','','2021-11-17 16:','',''),(75,'','','','2021-11-17 16:','',''),(76,'','','','2021-11-18 09:','',''),(77,'','','','2021-11-18 09:','',''),(108,' ','','','2021-08-23 10:','',''),(109,'','','','2021-08-24 12:','',''),(110,' ','','','2021-08-22 15:','',''),(111,' ','','','2021-08-24 10:','',''),(112,' ','','','2021-08-23 10:','',''),(113,' ','','','2021-08-24 13:','',''),(114,'','','','2021-11-11 00:','',''),(117,'','','','2021-09-05 12:','',''),(118,'','','','2021-08-24 12:','',''),(120,'','','','2021-08-29 16:','',''),(125,'','','','2021-08-31 17:','',''),(138,'','','','2021-09-09 15:','',''),(182,'','','','2021-09-16 13:','',''),(197,'','','','2021-09-17 20:','',''),(204,'','','','2021-11-10 12:','',''),(215,'','','','2021-09-22 10:','',''),(218,'','','','2021-09-22 10:','',''),(220,'','','','2021-09-22 11:','',''),(221,'','','','2021-09-23 09:','',''),(230,'','','','2021-09-30 16:','',''),(253,'','','','2021-09-29 14:','',''),(254,'','','','2021-09-29 15:','',''),(257,'','','','2021-09-29 15:','',''),(267,'','','','2021-09-30 15:','',''),(329,'','','','2021-11-18 09:','',''),(333,'','','','2021-10-28 10:','',''),(397,'','','','2021-11-17 16:','',''),(403,'','','','2021-11-18 09:','','');
/*!40000 ALTER TABLE `whos_online` ENABLE KEYS */;
UNLOCK TABLES;

--
-- Table structure for table `winners`
--

DROP TABLE IF EXISTS `winners`;
/*!40101 SET @saved_cs_client     = @@character_set_client */;
/*!40101 SET character_set_client = utf8 */;
CREATE TABLE `winners` (
  `id` int(11) NOT NULL AUTO_INCREMENT,
  `campaigns_id` int(11) NOT NULL,
  `customers_id` int(11) NOT NULL,
  `status` int(11) NOT NULL DEFAULT '1',
  `created_at` timestamp NOT NULL DEFAULT CURRENT_TIMESTAMP,
  `updated_at` timestamp NOT NULL DEFAULT CURRENT_TIMESTAMP ON UPDATE CURRENT_TIMESTAMP,
  PRIMARY KEY (`id`)
) ENGINE=InnoDB AUTO_INCREMENT=3 DEFAULT CHARSET=utf8mb4;
/*!40101 SET character_set_client = @saved_cs_client */;

--
-- Dumping data for table `winners`
--

LOCK TABLES `winners` WRITE;
/*!40000 ALTER TABLE `winners` DISABLE KEYS */;
INSERT INTO `winners` VALUES (1,11,52,1,'2021-06-30 11:11:59','2021-07-06 14:44:34'),(2,10,52,1,'2021-07-01 12:50:30','2021-07-01 12:50:30');
/*!40000 ALTER TABLE `winners` ENABLE KEYS */;
UNLOCK TABLES;

--
-- Table structure for table `zones`
--

DROP TABLE IF EXISTS `zones`;
/*!40101 SET @saved_cs_client     = @@character_set_client */;
/*!40101 SET character_set_client = utf8 */;
CREATE TABLE `zones` (
  `zone_id` int(11) NOT NULL AUTO_INCREMENT,
  `zone_country_id` int(11) NOT NULL,
  `zone_code` varchar(32) COLLATE utf8mb4_unicode_ci NOT NULL,
  `zone_name` varchar(191) COLLATE utf8mb4_unicode_ci NOT NULL,
  PRIMARY KEY (`zone_id`),
  KEY `idx_zones_country_id` (`zone_country_id`)
) ENGINE=MyISAM AUTO_INCREMENT=184 DEFAULT CHARSET=utf8mb4 COLLATE=utf8mb4_unicode_ci;
/*!40101 SET character_set_client = @saved_cs_client */;

--
-- Dumping data for table `zones`
--

LOCK TABLES `zones` WRITE;
/*!40000 ALTER TABLE `zones` DISABLE KEYS */;
INSERT INTO `zones` VALUES (1,223,'AL','Alabama'),(2,223,'AK','Alaska'),(3,223,'AS','American Samoa'),(4,223,'AZ','Arizona'),(5,223,'AR','Arkansas'),(6,223,'AF','Armed Forces Africa'),(7,223,'AA','Armed Forces Americas'),(8,223,'AC','Armed Forces Canada'),(9,223,'AE','Armed Forces Europe'),(10,223,'AM','Armed Forces Middle East'),(11,223,'AP','Armed Forces Pacific'),(12,223,'CA','California'),(13,223,'CO','Colorado'),(14,223,'CT','Connecticut'),(15,223,'DE','Delaware'),(16,223,'DC','District of Columbia'),(17,223,'FM','Federated States Of Micronesia'),(18,223,'FL','Florida'),(19,223,'GA','Georgia'),(20,223,'GU','Guam'),(21,223,'HI','Hawaii'),(22,223,'ID','Idaho'),(23,223,'IL','Illinois'),(24,223,'IN','Indiana'),(25,223,'IA','Iowa'),(26,223,'KS','Kansas'),(27,223,'KY','Kentucky'),(28,223,'LA','Louisiana'),(29,223,'ME','Maine'),(30,223,'MH','Marshall Islands'),(31,223,'MD','Maryland'),(32,223,'MA','Massachusetts'),(33,223,'MI','Michigan'),(34,223,'MN','Minnesota'),(35,223,'MS','Mississippi'),(36,223,'MO','Missouri'),(37,223,'MT','Montana'),(38,223,'NE','Nebraska'),(39,223,'NV','Nevada'),(40,223,'NH','New Hampshire'),(41,223,'NJ','New Jersey'),(42,223,'NM','New Mexico'),(43,223,'NY','New York'),(44,223,'NC','North Carolina'),(45,223,'ND','North Dakota'),(46,223,'MP','Northern Mariana Islands'),(47,223,'OH','Ohio'),(48,223,'OK','Oklahoma'),(49,223,'OR','Oregon'),(50,223,'PW','Palau'),(51,223,'PA','Pennsylvania'),(52,223,'PR','Puerto Rico'),(53,223,'RI','Rhode Island'),(54,223,'SC','South Carolina'),(55,223,'SD','South Dakota'),(56,223,'TN','Tennessee'),(57,223,'TX','Texas'),(58,223,'UT','Utah'),(59,223,'VT','Vermont'),(60,223,'VI','Virgin Islands'),(61,223,'VA','Virginia'),(62,223,'WA','Washington'),(63,223,'WV','West Virginia'),(64,223,'WI','Wisconsin'),(65,223,'WY','Wyoming'),(66,38,'AB','Alberta'),(67,38,'BC','British Columbia'),(68,38,'MB','Manitoba'),(69,38,'NF','Newfoundland'),(70,38,'NB','New Brunswick'),(71,38,'NS','Nova Scotia'),(72,38,'NT','Northwest Territories'),(73,38,'NU','Nunavut'),(74,38,'ON','Ontario'),(75,38,'PE','Prince Edward Island'),(76,38,'QC','Quebec'),(77,38,'SK','Saskatchewan'),(78,38,'YT','Yukon Territory'),(79,81,'NDS','Niedersachsen'),(80,81,'BAW','Baden-Württemberg'),(81,81,'BAY','Bayern'),(82,81,'BER','Berlin'),(83,81,'BRG','Brandenburg'),(84,81,'BRE','Bremen'),(85,81,'HAM','Hamburg'),(86,81,'HES','Hessen'),(87,81,'MEC','Mecklenburg-Vorpommern'),(88,81,'NRW','Nordrhein-Westfalen'),(89,81,'RHE','Rheinland-Pfalz'),(90,81,'SAR','Saarland'),(91,81,'SAS','Sachsen'),(92,81,'SAC','Sachsen-Anhalt'),(93,81,'SCN','Schleswig-Holstein'),(94,81,'THE','Thüringen'),(95,14,'WI','Wien'),(96,14,'NO','Niederösterreich'),(97,14,'OO','Oberösterreich'),(98,14,'SB','Salzburg'),(99,14,'KN','Kärnten'),(100,14,'ST','Steiermark'),(101,14,'TI','Tirol'),(102,14,'BL','Burgenland'),(103,14,'VB','Voralberg'),(104,204,'AG','Aargau'),(105,204,'AI','Appenzell Innerrhoden'),(106,204,'AR','Appenzell Ausserrhoden'),(107,204,'BE','Bern'),(108,204,'BL','Basel-Landschaft'),(109,204,'BS','Basel-Stadt'),(110,204,'FR','Freiburg'),(111,204,'GE','Genf'),(112,204,'GL','Glarus'),(113,204,'JU','Graubünden'),(114,204,'JU','Jura'),(115,204,'LU','Luzern'),(116,204,'NE','Neuenburg'),(117,204,'NW','Nidwalden'),(118,204,'OW','Obwalden'),(119,204,'SG','St. Gallen'),(120,204,'SH','Schaffhausen'),(121,204,'SO','Solothurn'),(122,204,'SZ','Schwyz'),(123,204,'TG','Thurgau'),(124,204,'TI','Tessin'),(125,204,'UR','Uri'),(126,204,'VD','Waadt'),(127,204,'VS','Wallis'),(128,204,'ZG','Zug'),(129,204,'ZH','Zürich'),(130,195,'A Coruña','A Coruña'),(131,195,'Alava','Alava'),(132,195,'Albacete','Albacete'),(133,195,'Alicante','Alicante'),(134,195,'Almeria','Almeria'),(135,195,'Asturias','Asturias'),(136,195,'Avila','Avila'),(137,195,'Badajoz','Badajoz'),(138,195,'Baleares','Baleares'),(139,195,'Barcelona','Barcelona'),(140,195,'Burgos','Burgos'),(141,195,'Caceres','Caceres'),(142,195,'Cadiz','Cadiz'),(143,195,'Cantabria','Cantabria'),(144,195,'Castellon','Castellon'),(145,195,'Ceuta','Ceuta'),(146,195,'Ciudad Real','Ciudad Real'),(147,195,'Cordoba','Cordoba'),(148,195,'Cuenca','Cuenca'),(149,195,'Girona','Girona'),(150,195,'Granada','Granada'),(151,195,'Guadalajara','Guadalajara'),(152,195,'Guipuzcoa','Guipuzcoa'),(153,195,'Huelva','Huelva'),(154,195,'Huesca','Huesca'),(155,195,'Jaen','Jaen'),(156,195,'La Rioja','La Rioja'),(157,195,'Las Palmas','Las Palmas'),(158,195,'Leon','Leon'),(159,195,'Lleida','Lleida'),(160,195,'Lugo','Lugo'),(161,195,'Madrid','Madrid'),(162,195,'Malaga','Malaga'),(163,195,'Melilla','Melilla'),(164,195,'Murcia','Murcia'),(165,195,'Navarra','Navarra'),(166,195,'Ourense','Ourense'),(167,195,'Palencia','Palencia'),(168,195,'Pontevedra','Pontevedra'),(169,195,'Salamanca','Salamanca'),(170,195,'Santa Cruz de Tenerife','Santa Cruz de Tenerife'),(171,195,'Segovia','Segovia'),(172,195,'Sevilla','Sevilla'),(173,195,'Soria','Soria'),(174,195,'Tarragona','Tarragona'),(175,195,'Teruel','Teruel'),(176,195,'Toledo','Toledo'),(177,195,'Valencia','Valencia'),(178,195,'Valladolid','Valladolid'),(179,195,'Vizcaya','Vizcaya'),(180,195,'Zamora','Zamora'),(181,195,'Zaragoza','Zaragoza');
/*!40000 ALTER TABLE `zones` ENABLE KEYS */;
UNLOCK TABLES;

--
-- Table structure for table `zones_to_geo_zones`
--

DROP TABLE IF EXISTS `zones_to_geo_zones`;
/*!40101 SET @saved_cs_client     = @@character_set_client */;
/*!40101 SET character_set_client = utf8 */;
CREATE TABLE `zones_to_geo_zones` (
  `association_id` int(11) NOT NULL AUTO_INCREMENT,
  `zone_country_id` int(11) NOT NULL,
  `zone_id` int(11) DEFAULT NULL,
  `geo_zone_id` int(11) DEFAULT NULL,
  `last_modified` datetime DEFAULT NULL,
  `date_added` datetime NOT NULL,
  PRIMARY KEY (`association_id`),
  KEY `idx_zones_to_geo_zones_country_id` (`zone_country_id`)
) ENGINE=MyISAM DEFAULT CHARSET=utf8mb4 COLLATE=utf8mb4_unicode_ci;
/*!40101 SET character_set_client = @saved_cs_client */;

--
-- Dumping data for table `zones_to_geo_zones`
--

LOCK TABLES `zones_to_geo_zones` WRITE;
/*!40000 ALTER TABLE `zones_to_geo_zones` DISABLE KEYS */;
/*!40000 ALTER TABLE `zones_to_geo_zones` ENABLE KEYS */;
UNLOCK TABLES;
/*!40103 SET TIME_ZONE=@OLD_TIME_ZONE */;

/*!40101 SET SQL_MODE=@OLD_SQL_MODE */;
/*!40014 SET FOREIGN_KEY_CHECKS=@OLD_FOREIGN_KEY_CHECKS */;
/*!40014 SET UNIQUE_CHECKS=@OLD_UNIQUE_CHECKS */;
/*!40101 SET CHARACTER_SET_CLIENT=@OLD_CHARACTER_SET_CLIENT */;
/*!40101 SET CHARACTER_SET_RESULTS=@OLD_CHARACTER_SET_RESULTS */;
/*!40101 SET COLLATION_CONNECTION=@OLD_COLLATION_CONNECTION */;
/*!40111 SET SQL_NOTES=@OLD_SQL_NOTES */;

-- Dump completed on 2022-04-21 22:58:00
